azimuth_deg,elev_deg,dist_km,height_m_amsl,lat,lon
0.0,2.2743,5.060,953.0,-23.38861,-46.48250
0.1,2.2814,5.060,953.6,-23.38861,-46.48241
0.2,2.2885,5.060,954.2,-23.38861,-46.48233
0.3,2.2955,5.060,954.8,-23.38861,-46.48224
0.4,2.2915,5.060,954.5,-23.38861,-46.48215
0.5,2.2846,5.060,953.9,-23.38861,-46.48207
0.6,2.2776,5.060,953.3,-23.38861,-46.48198
0.7,2.2749,5.080,953.8,-23.38843,-46.48189
0.8,2.2781,5.080,954.1,-23.38843,-46.48180
0.9,2.2813,5.080,954.4,-23.38843,-46.48172
1.0,2.2905,5.080,955.2,-23.38843,-46.48163
1.1,2.3082,5.080,956.8,-23.38844,-46.48154
1.2,2.3303,5.040,957.1,-23.38880,-46.48146
1.3,2.3551,5.040,959.3,-23.38880,-46.48138
1.4,2.3810,5.040,961.6,-23.38880,-46.48129
1.5,2.4080,4.940,959.7,-23.38970,-46.48123
1.6,2.4432,4.940,962.7,-23.38971,-46.48115
1.7,2.4768,4.940,965.6,-23.38971,-46.48106
1.8,2.5162,4.960,969.9,-23.38953,-46.48097
1.9,2.5573,4.960,973.5,-23.38953,-46.48089
2.0,2.5912,4.960,976.4,-23.38953,-46.48080
2.1,2.6130,4.960,978.3,-23.38954,-46.48072
2.2,2.6391,4.980,981.5,-23.38936,-46.48062
2.3,2.6637,4.980,983.7,-23.38936,-46.48054
2.4,2.6780,4.980,984.9,-23.38937,-46.48045
2.5,2.6924,4.980,986.2,-23.38937,-46.48037
2.6,2.7068,4.980,987.4,-23.38937,-46.48028
2.7,2.7121,4.980,987.9,-23.38938,-46.48020
2.8,2.7167,4.980,988.3,-23.38938,-46.48011
2.9,2.7212,4.980,988.7,-23.38939,-46.48003
3.0,2.7219,4.980,988.7,-23.38939,-46.47994
3.1,2.7204,4.980,988.6,-23.38939,-46.47986
3.2,2.7189,5.000,989.4,-23.38922,-46.47976
3.3,2.7288,5.000,990.3,-23.38922,-46.47968
3.4,2.7429,5.000,991.5,-23.38923,-46.47959
3.5,2.7605,5.020,994.0,-23.38905,-46.47949
3.6,2.7801,5.020,995.8,-23.38906,-46.47941
3.7,2.8008,5.020,997.6,-23.38906,-46.47932
3.8,2.8219,5.020,999.4,-23.38907,-46.47924
3.9,2.8437,5.020,1001.3,-23.38907,-46.47915
4.0,2.8665,5.020,1003.4,-23.38908,-46.47906
4.1,2.8893,5.020,1005.4,-23.38908,-46.47898
4.2,2.9119,5.020,1007.3,-23.38909,-46.47889
4.3,2.9317,5.020,1009.1,-23.38909,-46.47881
4.4,2.9518,5.020,1010.8,-23.38910,-46.47872
4.5,2.9736,5.000,1011.7,-23.38929,-46.47865
4.6,2.9960,5.000,1013.7,-23.38929,-46.47857
4.7,3.0179,5.000,1015.6,-23.38930,-46.47848
4.8,3.0402,5.000,1017.5,-23.38931,-46.47840
4.9,3.0612,5.000,1019.4,-23.38931,-46.47831
5.0,3.0771,5.000,1020.8,-23.38932,-46.47823
5.1,3.0933,5.000,1022.2,-23.38933,-46.47814
5.2,3.1097,5.000,1023.6,-23.38933,-46.47805
5.3,3.1293,5.000,1025.3,-23.38934,-46.47797
5.4,3.1523,5.020,1028.5,-23.38917,-46.47787
5.5,3.1793,5.020,1030.8,-23.38918,-46.47778
5.6,3.1925,5.020,1032.0,-23.38918,-46.47769
5.7,3.2052,5.020,1033.1,-23.38919,-46.47761
5.8,3.2176,5.020,1034.2,-23.38920,-46.47752
5.9,3.2233,5.020,1034.7,-23.38921,-46.47744
6.0,3.2268,5.020,1035.0,-23.38921,-46.47735
6.1,3.2308,5.020,1035.4,-23.38922,-46.47727
6.2,3.2292,5.000,1034.1,-23.38941,-46.47720
6.3,3.2209,5.000,1033.4,-23.38942,-46.47712
6.4,3.2131,5.000,1032.7,-23.38943,-46.47703
6.5,3.2056,5.000,1032.0,-23.38944,-46.47695
6.6,3.1973,5.140,1039.2,-23.38819,-46.47670
6.7,3.1843,5.140,1038.0,-23.38820,-46.47662
6.8,3.1689,5.160,1037.8,-23.38803,-46.47651
6.9,3.1545,5.160,1036.5,-23.38804,-46.47642
7.0,3.1218,5.160,1033.5,-23.38805,-46.47633
7.1,3.0785,5.160,1029.6,-23.38806,-46.47624
7.2,3.0400,5.200,1028.3,-23.38772,-46.47611
7.3,3.0043,5.200,1025.0,-23.38773,-46.47602
7.4,2.9685,5.200,1021.8,-23.38774,-46.47593
7.5,2.9328,5.200,1018.5,-23.38775,-46.47584
7.6,2.9256,4.700,992.0,-23.39222,-46.47640
7.7,2.9103,4.700,990.7,-23.39223,-46.47632
7.8,2.8915,4.700,989.2,-23.39224,-46.47624
7.9,2.8727,4.700,987.6,-23.39225,-46.47616
8.0,2.8522,4.700,985.9,-23.39226,-46.47608
8.1,2.8280,4.700,983.9,-23.39227,-46.47600
8.2,2.8029,4.700,981.9,-23.39228,-46.47592
8.3,2.7792,4.720,980.9,-23.39211,-46.47582
8.4,2.7528,4.740,979.7,-23.39195,-46.47571
8.5,2.7334,4.740,978.1,-23.39196,-46.47563
8.6,2.7106,4.740,976.2,-23.39197,-46.47555
8.7,2.6694,4.740,972.8,-23.39198,-46.47547
8.8,2.6284,4.760,970.3,-23.39181,-46.47536
8.9,2.5960,4.760,967.6,-23.39182,-46.47528
9.0,2.5580,4.780,965.4,-23.39166,-46.47516
9.1,2.5205,4.780,962.2,-23.39167,-46.47508
9.2,2.4785,4.780,958.7,-23.39168,-46.47500
9.3,2.4374,5.500,986.4,-23.38530,-46.47378
9.4,2.4123,5.500,984.0,-23.38531,-46.47369
9.5,2.4055,5.540,985.1,-23.38497,-46.47353
9.6,2.4118,5.560,986.6,-23.38481,-46.47340
9.7,2.4148,5.560,986.9,-23.38482,-46.47331
9.8,2.4102,5.580,987.3,-23.38466,-46.47318
9.9,2.4224,4.820,955.8,-23.39141,-46.47437
10.0,2.4358,4.820,956.9,-23.39143,-46.47429
10.1,2.4488,4.820,958.0,-23.39144,-46.47421
10.2,2.4592,4.820,958.9,-23.39145,-46.47413
10.3,2.4677,4.820,959.6,-23.39147,-46.47405
10.4,2.4769,4.820,960.3,-23.39148,-46.47396
10.5,2.4857,4.820,961.1,-23.39149,-46.47388
10.6,2.4823,4.820,960.8,-23.39151,-46.47380
10.7,2.4795,4.820,960.6,-23.39152,-46.47372
10.8,2.4775,4.820,960.4,-23.39154,-46.47364
10.9,2.4684,5.620,994.7,-23.38448,-46.47208
11.0,2.4775,5.640,996.5,-23.38432,-46.47194
11.1,2.5004,5.660,999.6,-23.38416,-46.47181
11.2,2.5228,5.660,1001.8,-23.38418,-46.47172
11.3,2.5375,5.660,1003.3,-23.38419,-46.47162
11.4,2.5487,5.660,1004.4,-23.38421,-46.47153
11.5,2.5600,5.660,1005.5,-23.38423,-46.47143
11.6,2.5668,5.660,1006.2,-23.38425,-46.47134
11.7,2.5755,5.680,1008.0,-23.38409,-46.47120
11.8,2.5833,5.680,1008.7,-23.38411,-46.47111
11.9,2.5782,5.680,1008.2,-23.38412,-46.47101
12.0,2.5721,5.680,1007.6,-23.38414,-46.47092
12.1,2.5627,5.680,1006.7,-23.38416,-46.47082
12.2,2.5356,5.680,1004.0,-23.38418,-46.47073
12.3,2.5073,5.680,1001.2,-23.38420,-46.47063
12.4,2.4770,5.680,998.2,-23.38422,-46.47054
12.5,2.4393,5.680,994.4,-23.38424,-46.47044
12.6,2.4021,5.680,990.7,-23.38426,-46.47035
12.7,2.3680,5.760,990.7,-23.38357,-46.47008
12.8,2.3613,5.840,993.4,-23.38289,-46.46981
12.9,2.3728,5.860,995.4,-23.38274,-46.46967
13.0,2.3812,5.860,996.3,-23.38276,-46.46957
13.1,2.3871,5.860,996.9,-23.38278,-46.46947
13.2,2.3762,5.860,995.8,-23.38280,-46.46937
13.3,2.3710,5.880,996.1,-23.38264,-46.46923
13.4,2.3633,5.880,995.3,-23.38266,-46.46913
13.5,2.3519,5.940,996.6,-23.38216,-46.46890
13.6,2.3508,5.940,996.5,-23.38218,-46.46880
13.7,2.3482,5.940,996.3,-23.38220,-46.46870
13.8,2.3435,5.940,995.8,-23.38223,-46.46860
13.9,2.3277,5.940,994.1,-23.38225,-46.46850
14.0,2.3149,5.920,992.0,-23.38245,-46.46845
14.1,2.3148,5.920,992.0,-23.38247,-46.46835
14.2,2.3123,5.920,991.7,-23.38249,-46.46825
14.3,2.3060,5.920,991.1,-23.38251,-46.46816
14.4,2.2976,5.920,990.2,-23.38254,-46.46806
14.5,2.2735,5.920,987.7,-23.38256,-46.46796
14.6,2.2494,5.920,985.2,-23.38258,-46.46786
14.7,2.2246,5.920,982.6,-23.38261,-46.46776
14.8,2.1965,5.940,980.5,-23.38246,-46.46762
14.9,2.1688,5.940,977.6,-23.38248,-46.46752
15.0,2.1424,5.040,940.5,-23.39033,-46.46970
15.1,2.1033,5.040,937.1,-23.39035,-46.46962
15.2,2.0672,5.040,933.9,-23.39037,-46.46954
15.3,2.0545,5.220,939.4,-23.38883,-46.46899
15.4,2.0581,5.220,939.7,-23.38885,-46.46890
15.5,2.0689,5.220,940.7,-23.38888,-46.46882
15.6,2.0771,5.220,941.4,-23.38890,-46.46873
15.7,2.0795,5.220,941.7,-23.38892,-46.46864
15.8,2.0863,5.240,943.0,-23.38877,-46.46850
15.9,2.0948,5.260,944.5,-23.38862,-46.46836
16.0,2.1010,5.260,945.1,-23.38864,-46.46828
16.1,2.1053,5.240,944.8,-23.38884,-46.46824
16.2,2.1111,5.240,945.3,-23.38886,-46.46816
16.3,2.1174,5.240,945.9,-23.38888,-46.46807
16.4,2.1064,5.240,944.9,-23.38891,-46.46799
16.5,2.0932,5.240,943.7,-23.38893,-46.46790
16.6,2.0834,5.240,942.8,-23.38895,-46.46781
16.7,2.0757,5.240,942.1,-23.38898,-46.46773
16.8,2.0812,5.220,941.8,-23.38917,-46.46770
16.9,2.0916,5.220,942.8,-23.38920,-46.46761
17.0,2.1073,5.200,943.4,-23.38939,-46.46759
17.1,2.1330,5.200,945.8,-23.38942,-46.46750
17.2,2.1282,5.200,945.3,-23.38944,-46.46742
17.3,2.1209,5.200,944.7,-23.38946,-46.46733
17.4,2.1216,5.180,944.0,-23.38966,-46.46730
17.5,2.1311,5.180,944.9,-23.38968,-46.46722
17.6,2.1312,5.180,944.9,-23.38971,-46.46713
17.7,2.1304,5.180,944.8,-23.38973,-46.46705
17.8,2.1255,5.180,944.3,-23.38976,-46.46697
17.9,2.1105,5.180,943.0,-23.38978,-46.46688
18.0,2.0921,5.180,941.3,-23.38981,-46.46680
18.1,2.0737,5.180,939.7,-23.38983,-46.46671
18.2,2.0588,5.200,939.0,-23.38969,-46.46657
18.3,2.0563,5.200,938.8,-23.38971,-46.46648
18.4,2.0437,5.200,937.7,-23.38974,-46.46640
18.5,2.0196,5.200,935.5,-23.38977,-46.46631
18.6,1.9934,5.200,933.1,-23.38979,-46.46623
18.7,1.9679,5.220,931.5,-23.38965,-46.46608
18.8,1.9568,5.220,930.5,-23.38967,-46.46600
18.9,1.9438,5.220,929.3,-23.38970,-46.46591
19.0,1.9275,5.220,927.8,-23.38973,-46.46583
19.1,1.9065,5.220,925.9,-23.38975,-46.46574
19.2,1.8897,5.240,925.0,-23.38961,-46.46559
19.3,1.8765,5.240,923.8,-23.38964,-46.46551
19.4,1.8587,5.240,922.2,-23.38966,-46.46543
19.5,1.8395,5.240,920.4,-23.38969,-46.46534
19.6,1.8207,5.240,918.7,-23.38972,-46.46526
19.7,1.8008,5.240,916.9,-23.38975,-46.46517
19.8,1.7812,5.260,915.7,-23.38961,-46.46502
19.9,1.7617,5.240,913.3,-23.38980,-46.46500
20.0,1.7639,9.920,1062.5,-23.35023,-46.44923
20.1,1.7820,9.920,1065.6,-23.35029,-46.44907
20.2,1.7830,9.920,1065.8,-23.35034,-46.44891
20.3,1.7675,9.960,1064.4,-23.35005,-46.44861
20.4,1.7682,9.980,1065.2,-23.34994,-46.44838
20.5,1.7612,9.980,1064.0,-23.35000,-46.44822
20.6,1.7486,9.880,1058.6,-23.35089,-46.44841
20.7,1.7586,9.900,1060.9,-23.35078,-46.44818
20.8,1.7679,9.880,1061.9,-23.35100,-46.44809
20.9,1.7635,9.880,1061.2,-23.35106,-46.44793
21.0,1.7565,9.880,1059.9,-23.35111,-46.44778
21.1,1.7363,9.880,1056.4,-23.35117,-46.44762
21.2,1.7208,9.860,1053.1,-23.35139,-46.44753
21.3,1.7103,10.600,1074.5,-23.34524,-46.44474
21.4,1.7034,10.600,1073.2,-23.34530,-46.44457
21.5,1.6961,10.580,1071.2,-23.34553,-46.44447
21.6,1.7148,5.840,927.4,-23.38528,-46.46141
21.7,1.7102,5.840,927.0,-23.38531,-46.46132
21.8,1.7132,10.580,1074.4,-23.34571,-46.44397
21.9,1.7246,10.580,1076.5,-23.34578,-46.44380
22.0,1.7370,10.580,1078.8,-23.34584,-46.44363
22.1,1.7569,8.300,1009.6,-23.36492,-46.45187
22.2,1.7801,8.300,1012.9,-23.36497,-46.45174
22.3,1.8071,8.300,1016.8,-23.36502,-46.45161
22.4,1.8413,8.300,1021.8,-23.36507,-46.45148
22.5,1.8822,8.300,1027.7,-23.36512,-46.45135
22.6,1.9270,8.300,1034.2,-23.36517,-46.45122
22.7,1.9730,8.300,1040.9,-23.36522,-46.45108
22.8,2.0138,8.320,1047.6,-23.36511,-46.45088
22.9,2.0489,8.340,1053.4,-23.36499,-46.45067
23.0,2.0731,8.340,1056.9,-23.36504,-46.45054
23.1,2.0762,8.340,1057.4,-23.36509,-46.45041
23.2,2.0802,8.340,1058.0,-23.36514,-46.45028
23.3,2.0673,8.340,1056.1,-23.36520,-46.45014
23.4,2.0543,8.340,1054.2,-23.36525,-46.45001
23.5,2.0410,8.340,1052.2,-23.36530,-46.44988
23.6,2.0757,9.220,1090.3,-23.35809,-46.44630
23.7,2.1200,9.220,1097.4,-23.35815,-46.44615
23.8,2.1581,9.200,1102.8,-23.35837,-46.44609
23.9,2.1907,9.220,1108.8,-23.35827,-46.44586
24.0,2.2287,9.220,1114.9,-23.35832,-46.44572
24.1,2.2630,9.220,1120.5,-23.35838,-46.44558
24.2,2.2918,9.240,1125.9,-23.35828,-46.44535
24.3,2.3123,9.240,1129.2,-23.35834,-46.44521
24.4,2.3131,9.240,1129.4,-23.35840,-46.44506
24.5,2.3099,9.200,1127.2,-23.35879,-46.44508
24.6,2.3131,9.180,1126.9,-23.35901,-46.44502
24.7,2.3099,9.160,1125.5,-23.35923,-46.44496
24.8,2.3005,9.180,1124.8,-23.35913,-46.44473
24.9,2.2757,9.160,1120.0,-23.35935,-46.44467
25.0,2.2429,9.160,1114.8,-23.35941,-46.44453
25.1,2.2018,9.160,1108.2,-23.35948,-46.44439
25.2,2.1495,9.160,1099.8,-23.35954,-46.44425
25.3,2.1005,9.160,1092.0,-23.35960,-46.44411
25.4,2.0578,9.160,1085.1,-23.35966,-46.44396
25.5,2.0190,9.160,1078.9,-23.35972,-46.44382
25.6,1.9694,9.160,1071.0,-23.35978,-46.44368
25.7,1.9357,9.140,1064.9,-23.36001,-46.44363
25.8,1.8909,9.140,1057.7,-23.36007,-46.44348
25.9,1.8561,9.160,1052.9,-23.35997,-46.44326
26.0,1.8593,16.260,1296.2,-23.30257,-46.41262
26.1,1.9068,16.280,1310.5,-23.30252,-46.41229
26.2,1.9449,16.300,1322.0,-23.30247,-46.41195
26.3,1.9619,16.260,1325.4,-23.30290,-46.41187
26.4,1.9941,15.120,1292.4,-23.31221,-46.41659
26.5,2.0342,15.100,1302.3,-23.31248,-46.41644
26.6,2.0766,15.100,1313.4,-23.31259,-46.41621
26.7,2.1172,15.120,1324.9,-23.31253,-46.41589
26.8,2.1493,15.140,1334.2,-23.31248,-46.41557
26.9,2.1420,15.160,1333.1,-23.31242,-46.41525
27.0,2.1145,15.440,1336.7,-23.31028,-46.41378
27.1,2.0939,15.420,1330.4,-23.31056,-46.41363
27.2,2.0688,17.360,1398.1,-23.29513,-46.40471
27.3,2.0870,17.340,1402.8,-23.29541,-46.40454
27.4,2.1087,17.300,1407.8,-23.29586,-46.40445
27.5,2.1324,17.300,1415.0,-23.29598,-46.40419
27.6,2.1531,17.300,1421.2,-23.29611,-46.40393
27.7,2.1618,17.300,1423.9,-23.29623,-46.40367
27.8,2.1654,17.300,1425.0,-23.29636,-46.40340
27.9,2.1650,17.280,1424.1,-23.29664,-46.40323
28.0,2.1605,17.300,1423.5,-23.29661,-46.40288
28.1,2.1516,17.360,1423.2,-23.29626,-46.40234
28.2,2.1418,17.400,1421.8,-23.29608,-46.40190
28.3,2.1309,17.420,1419.3,-23.29605,-46.40154
28.4,2.1169,17.460,1416.6,-23.29586,-46.40109
28.5,2.1056,17.480,1413.9,-23.29583,-46.40074
28.6,2.0942,17.500,1411.2,-23.29580,-46.40038
28.7,2.0844,17.500,1408.2,-23.29594,-46.40012
28.8,2.0681,17.500,1403.2,-23.29607,-46.39985
28.9,2.0401,17.540,1396.2,-23.29589,-46.39940
29.0,2.0243,17.560,1392.1,-23.29586,-46.39904
29.1,2.0162,17.580,1390.4,-23.29584,-46.39869
29.2,2.0026,17.600,1386.9,-23.29581,-46.39833
29.3,1.9970,17.660,1387.4,-23.29548,-46.39778
29.4,1.9890,17.660,1385.0,-23.29561,-46.39751
29.5,1.9544,17.680,1375.0,-23.29559,-46.39715
29.6,1.9072,17.660,1359.7,-23.29589,-46.39699
29.7,1.8612,17.660,1345.5,-23.29602,-46.39673
29.8,1.8228,17.660,1333.7,-23.29616,-46.39646
29.9,1.7819,17.660,1321.1,-23.29630,-46.39620
30.0,1.7386,17.640,1307.1,-23.29659,-46.39604
30.1,1.6956,17.640,1293.8,-23.29673,-46.39578
30.2,1.6418,17.640,1277.2,-23.29687,-46.39551
30.3,1.5850,17.640,1259.7,-23.29701,-46.39525
30.4,1.5426,18.140,1261.3,-23.29327,-46.39252
30.5,1.5195,18.120,1253.4,-23.29357,-46.39235
30.6,1.4907,18.140,1244.9,-23.29356,-46.39198
30.7,1.4660,18.160,1237.6,-23.29355,-46.39161
30.8,1.4423,18.160,1230.1,-23.29369,-46.39135
30.9,1.4504,6.280,912.0,-23.38565,-46.45086
31.0,1.4543,6.280,912.4,-23.38570,-46.45077
31.1,1.4520,6.280,912.1,-23.38575,-46.45068
31.2,1.4509,6.280,912.0,-23.38580,-46.45059
31.3,1.4337,6.280,910.1,-23.38585,-46.45050
31.4,1.4070,6.300,907.7,-23.38575,-46.45030
31.5,1.3975,6.300,906.7,-23.38580,-46.45021
31.6,1.3955,9.820,996.1,-23.35885,-46.43203
31.7,1.4004,9.840,997.4,-23.35878,-46.43179
31.8,1.4127,9.840,999.6,-23.35886,-46.43164
31.9,1.4130,9.840,999.6,-23.35894,-46.43150
32.0,1.4153,9.840,1000.0,-23.35902,-46.43136
32.1,1.4173,9.840,1000.3,-23.35911,-46.43122
32.2,1.4218,9.840,1001.1,-23.35919,-46.43107
32.3,1.4297,9.840,1002.5,-23.35927,-46.43093
32.4,1.4401,9.820,1003.7,-23.35950,-46.43089
32.5,1.4338,9.820,1002.6,-23.35959,-46.43075
32.6,1.4235,9.820,1000.9,-23.35967,-46.43061
32.7,1.4222,9.800,1000.1,-23.35991,-46.43057
32.8,1.4172,9.780,998.8,-23.36014,-46.43054
32.9,1.4038,9.780,996.5,-23.36022,-46.43040
33.0,1.3881,9.780,993.8,-23.36031,-46.43026
33.1,1.3626,9.740,988.4,-23.36069,-46.43033
33.2,1.3501,9.720,985.8,-23.36093,-46.43030
33.3,1.3359,9.700,982.9,-23.36116,-46.43027
33.4,1.3123,9.700,978.9,-23.36124,-46.43013
33.5,1.2911,9.700,975.3,-23.36133,-46.42999
33.6,1.2860,9.580,971.6,-23.36231,-46.43050
33.7,1.2750,9.560,969.3,-23.36255,-46.43048
33.8,1.2598,9.560,966.7,-23.36263,-46.43034
33.9,1.2485,9.560,964.9,-23.36271,-46.43020
34.0,1.2397,9.340,958.3,-23.36444,-46.43127
34.1,1.2390,9.520,962.4,-23.36318,-46.43015
34.2,1.2492,9.520,964.1,-23.36326,-46.43002
34.3,1.2573,9.500,964.9,-23.36350,-46.42999
34.4,1.2507,9.560,965.2,-23.36313,-46.42953
34.5,1.2394,9.560,963.3,-23.36322,-46.42939
34.6,1.2193,9.560,960.0,-23.36330,-46.42926
34.7,1.1868,9.580,955.0,-23.36324,-46.42901
34.8,1.1772,21.860,1232.2,-23.27250,-46.36022
34.9,1.1998,21.840,1240.3,-23.27284,-46.36003
35.0,1.2041,21.840,1242.0,-23.27304,-46.35972
35.1,1.1974,21.940,1241.8,-23.27250,-46.35885
35.2,1.2138,21.960,1248.6,-23.27255,-46.35843
35.3,1.2273,21.960,1253.8,-23.27275,-46.35812
35.4,1.2264,21.980,1253.9,-23.27280,-46.35770
35.5,1.2162,22.020,1250.9,-23.27271,-46.35717
35.6,1.2285,22.040,1256.2,-23.27276,-46.35675
35.7,1.2292,22.060,1256.9,-23.27282,-46.35633
35.8,1.2168,22.100,1253.1,-23.27273,-46.35579
35.9,1.1966,22.120,1245.8,-23.27278,-46.35537
36.0,1.1807,16.480,1108.5,-23.31409,-46.38753
36.1,1.1966,16.460,1112.6,-23.31439,-46.38742
36.2,1.1889,16.460,1110.4,-23.31454,-46.38719
36.3,1.1606,16.440,1101.8,-23.31484,-46.38708
36.4,1.1334,16.440,1094.0,-23.31499,-46.38685
36.5,1.1021,16.440,1085.0,-23.31515,-46.38662
36.6,1.0626,16.440,1073.7,-23.31530,-46.38640
36.7,1.0340,22.400,1188.9,-23.27241,-46.35129
36.8,1.0356,22.380,1189.1,-23.27276,-46.35110
36.9,1.0281,22.380,1186.2,-23.27297,-46.35080
37.0,1.0175,22.360,1181.6,-23.27333,-46.35061
37.1,0.9890,22.340,1170.1,-23.27368,-46.35042
37.2,0.9589,22.340,1158.3,-23.27389,-46.35012
37.3,0.9254,22.340,1145.3,-23.27410,-46.34981
37.4,0.9452,22.240,1151.0,-23.27503,-46.35010
37.5,0.9395,22.240,1148.8,-23.27525,-46.34980
37.6,0.9176,16.160,1027.0,-23.31886,-46.38583
37.7,0.9054,16.180,1023.9,-23.31887,-46.38549
37.8,0.8974,15.900,1016.6,-23.32102,-46.38695
37.9,0.8968,15.820,1015.0,-23.32174,-46.38722
38.0,0.8991,15.820,1015.6,-23.32189,-46.38700
38.1,0.8913,15.840,1013.9,-23.32190,-46.38667
38.2,0.8733,6.240,848.0,-23.39001,-46.44464
38.3,0.8600,6.240,846.6,-23.39007,-46.44456
38.4,0.8516,6.240,845.7,-23.39013,-46.44448
38.5,0.8485,6.240,845.3,-23.39019,-46.44439
38.6,0.8496,6.240,845.4,-23.39025,-46.44431
38.7,0.8343,6.260,844.1,-23.39017,-46.44410
38.8,0.8275,6.260,843.3,-23.39024,-46.44402
38.9,0.8112,6.260,841.6,-23.39030,-46.44394
39.0,0.7646,6.280,836.8,-23.39022,-46.44373
39.1,0.7395,6.280,834.0,-23.39028,-46.44365
39.2,0.7265,6.300,832.8,-23.39020,-46.44344
39.3,0.7200,6.300,832.1,-23.39027,-46.44336
39.4,0.7208,15.840,966.7,-23.32393,-46.38392
39.5,0.7281,15.820,968.4,-23.32423,-46.38383
39.6,0.7328,15.820,969.7,-23.32438,-46.38362
39.7,0.7342,15.880,971.0,-23.32413,-46.38304
39.8,0.7293,15.900,969.9,-23.32415,-46.38271
39.9,0.7092,15.920,964.7,-23.32417,-46.38237
40.0,0.6897,15.920,959.2,-23.32433,-46.38216
40.1,0.6771,15.920,955.7,-23.32449,-46.38195
40.2,0.6765,15.920,955.6,-23.32465,-46.38175
40.3,0.6804,15.940,956.9,-23.32468,-46.38141
40.4,0.6771,15.960,956.3,-23.32470,-46.38108
40.5,0.6616,15.980,952.2,-23.32473,-46.38074
40.6,0.6675,16.040,954.7,-23.32448,-46.38015
40.7,0.6837,16.040,959.3,-23.32464,-46.37994
40.8,0.6931,16.060,962.2,-23.32467,-46.37961
40.9,0.6979,16.080,963.8,-23.32470,-46.37927
41.0,0.7031,16.080,965.3,-23.32486,-46.37906
41.1,0.7145,16.060,968.2,-23.32517,-46.37898
41.2,0.7292,16.080,972.6,-23.32520,-46.37865
41.3,0.7488,16.080,978.1,-23.32536,-46.37844
41.4,0.7750,16.080,985.5,-23.32553,-46.37823
41.5,0.8028,16.100,993.6,-23.32556,-46.37790
41.6,0.8389,16.120,1004.1,-23.32559,-46.37756
41.7,0.8669,16.100,1011.6,-23.32590,-46.37748
41.8,0.8916,15.760,1012.5,-23.32835,-46.37950
41.9,0.9122,15.660,1016.4,-23.32919,-46.37995
42.0,0.9144,15.580,1015.5,-23.32989,-46.38028
42.1,0.9387,15.560,1021.8,-23.33018,-46.38021
42.2,0.9510,15.560,1025.1,-23.33035,-46.38001
42.3,0.9566,15.560,1026.6,-23.33051,-46.37982
42.4,0.9610,15.560,1027.8,-23.33068,-46.37962
42.5,0.9794,15.560,1032.8,-23.33084,-46.37942
42.6,0.9824,15.560,1033.6,-23.33101,-46.37923
42.7,0.9947,15.560,1037.0,-23.33117,-46.37903
42.8,1.0147,15.560,1042.4,-23.33134,-46.37883
42.9,1.0415,15.560,1049.7,-23.33150,-46.37864
43.0,1.0692,15.560,1057.2,-23.33167,-46.37844
43.1,1.0763,15.540,1058.7,-23.33197,-46.37838
43.2,1.0620,15.520,1054.4,-23.33227,-46.37832
43.3,1.0419,15.520,1049.0,-23.33243,-46.37813
43.4,1.0357,12.320,983.4,-23.35355,-46.39948
43.5,1.0397,12.320,984.2,-23.35368,-46.39933
43.6,1.0494,12.320,986.3,-23.35381,-46.39918
43.7,1.0508,15.540,1051.8,-23.33297,-46.37722
43.8,1.0705,15.560,1057.6,-23.33301,-46.37689
43.9,1.0848,15.560,1061.5,-23.33318,-46.37670
44.0,1.0930,15.560,1063.7,-23.33335,-46.37651
44.1,1.0795,15.560,1060.0,-23.33352,-46.37632
44.2,1.0611,15.560,1055.0,-23.33369,-46.37613
44.3,1.0430,15.540,1049.7,-23.33399,-46.37607
44.4,1.0272,15.540,1045.4,-23.33416,-46.37588
44.5,0.9988,15.520,1037.3,-23.33446,-46.37583
44.6,0.9620,15.520,1027.3,-23.33463,-46.37564
44.7,0.9355,12.160,958.9,-23.35632,-46.39861
44.8,0.9257,12.520,963.3,-23.35415,-46.39598
44.9,0.9340,12.540,965.4,-23.35417,-46.39569
45.0,0.9324,12.540,965.1,-23.35430,-46.39554
45.1,0.9337,12.540,965.4,-23.35444,-46.39539
45.2,0.9322,12.540,965.1,-23.35458,-46.39523
45.3,0.9314,12.540,964.9,-23.35472,-46.39508
45.4,0.9202,12.520,962.1,-23.35499,-46.39507
45.5,0.9134,14.900,1003.0,-23.34010,-46.37828
45.6,0.9214,14.880,1004.7,-23.34039,-46.37825
45.7,0.9381,14.840,1008.3,-23.34081,-46.37835
45.8,0.9520,14.820,1011.5,-23.34110,-46.37831
45.9,0.9229,14.800,1003.6,-23.34140,-46.37828
46.0,0.9119,14.920,1003.0,-23.34081,-46.37725
46.1,0.8992,14.940,1000.0,-23.34086,-46.37693
46.2,0.8755,14.960,994.2,-23.34090,-46.37662
46.3,0.8521,14.960,988.1,-23.34107,-46.37644
46.4,0.8390,14.980,985.0,-23.34112,-46.37612
46.5,0.8203,14.960,979.8,-23.34141,-46.37609
46.6,0.8196,14.580,973.4,-23.34393,-46.37861
46.7,0.8384,14.580,978.2,-23.34410,-46.37844
46.8,0.8481,14.580,980.6,-23.34427,-46.37827
46.9,0.8462,14.580,980.1,-23.34443,-46.37810
47.0,0.8353,14.560,977.0,-23.34472,-46.37807
47.1,0.8180,14.540,972.3,-23.34501,-46.37805
47.2,0.7856,14.560,964.4,-23.34506,-46.37773
47.3,0.7426,14.560,953.5,-23.34523,-46.37757
47.4,0.7186,9.560,876.4,-23.37589,-46.41347
47.5,0.7192,9.560,876.5,-23.37600,-46.41336
47.6,0.7169,9.560,876.1,-23.37611,-46.41325
47.7,0.7012,9.560,873.5,-23.37622,-46.41314
47.8,0.6869,9.560,871.1,-23.37633,-46.41303
47.9,0.6613,9.560,866.8,-23.37644,-46.41292
48.0,0.6355,9.560,862.5,-23.37655,-46.41281
48.1,0.6258,4.700,803.1,-23.40590,-46.44818
48.2,0.6261,4.860,805.0,-23.40500,-46.44695
48.3,0.6227,4.860,804.7,-23.40505,-46.44690
48.4,0.6315,8.140,844.5,-23.38550,-46.42279
48.5,0.6438,8.140,846.2,-23.38559,-46.42270
48.6,0.6474,8.140,846.8,-23.38569,-46.42260
48.7,0.6541,8.140,847.7,-23.38578,-46.42251
48.8,0.6448,8.140,846.4,-23.38588,-46.42242
48.9,0.6460,4.560,803.1,-23.40717,-46.44879
49.0,0.6516,4.560,803.5,-23.40723,-46.44873
49.1,0.6526,4.580,803.8,-23.40716,-46.44854
49.2,0.6627,4.260,800.8,-23.40910,-46.45086
49.3,0.6747,4.260,801.7,-23.40915,-46.45081
49.4,0.6753,4.240,801.4,-23.40932,-46.45091
49.5,0.6803,4.240,801.8,-23.40937,-46.45087
49.6,0.6821,4.240,801.9,-23.40942,-46.45082
49.7,0.6785,4.240,801.7,-23.40947,-46.45077
49.8,0.6738,4.240,801.3,-23.40952,-46.45073
49.9,0.6740,4.220,801.1,-23.40969,-46.45083
50.0,0.5194,5.960,806.7,-23.39967,-46.43771
50.1,0.5098,5.960,805.7,-23.39974,-46.43764
50.2,0.5140,8.060,827.0,-23.38770,-46.42175
50.3,0.5211,8.060,828.0,-23.38780,-46.42167
50.4,0.5208,8.060,828.0,-23.38790,-46.42158
50.5,0.5237,8.060,828.4,-23.38799,-46.42149
50.6,0.5288,8.060,829.1,-23.38809,-46.42140
50.7,0.5306,8.040,829.1,-23.38830,-46.42147
50.8,0.5372,8.040,830.1,-23.38840,-46.42138
50.9,0.5442,8.060,831.2,-23.38839,-46.42114
51.0,0.5518,8.060,832.3,-23.38848,-46.42105
51.1,0.5619,8.060,833.7,-23.38858,-46.42097
51.2,0.5715,8.060,835.1,-23.38868,-46.42088
51.3,0.5808,8.060,836.4,-23.38878,-46.42079
51.4,0.5909,8.060,837.8,-23.38888,-46.42071
51.5,0.5954,8.060,838.5,-23.38898,-46.42062
51.6,0.5997,8.060,839.1,-23.38908,-46.42054
51.7,0.6019,8.080,839.6,-23.38906,-46.42030
51.8,0.5995,8.080,839.3,-23.38916,-46.42021
51.9,0.5957,8.060,838.5,-23.38938,-46.42028
52.0,0.5839,8.060,836.8,-23.38948,-46.42019
52.1,0.5716,8.080,835.3,-23.38946,-46.41995
52.2,0.5615,8.080,833.9,-23.38956,-46.41987
52.3,0.5582,7.900,831.5,-23.39066,-46.42118
52.4,0.5608,7.900,831.8,-23.39075,-46.42110
52.5,0.5508,7.900,830.5,-23.39085,-46.42102
52.6,0.5443,7.880,829.4,-23.39106,-46.42109
52.7,0.5335,7.880,827.9,-23.39116,-46.42101
52.8,0.5256,7.880,826.8,-23.39126,-46.42093
52.9,0.5208,7.880,826.1,-23.39136,-46.42084
53.0,0.5168,7.860,825.4,-23.39156,-46.42092
53.1,0.5142,7.860,825.0,-23.39166,-46.42084
53.2,0.4888,7.860,821.5,-23.39176,-46.42076
53.3,0.4791,10.160,842.3,-23.37948,-46.40259
53.4,0.4774,10.160,842.0,-23.37960,-46.40249
53.5,0.4770,10.160,841.9,-23.37973,-46.40239
53.6,0.4711,10.180,841.0,-23.37975,-46.40213
53.7,0.4669,10.120,839.7,-23.38020,-46.40250
53.8,0.4681,10.100,839.7,-23.38044,-46.40255
53.9,0.4771,10.040,840.7,-23.38088,-46.40292
54.0,0.4844,10.040,842.0,-23.38101,-46.40282
54.1,0.4877,10.040,842.6,-23.38114,-46.40272
54.2,0.4804,10.040,841.3,-23.38127,-46.40262
54.3,0.4727,10.040,840.0,-23.38140,-46.40252
54.4,0.4681,9.080,830.1,-23.38656,-46.41008
54.5,0.4733,9.080,830.9,-23.38667,-46.40998
54.6,0.4714,9.100,830.8,-23.38669,-46.40973
54.7,0.4617,9.100,829.2,-23.38680,-46.40964
54.8,0.4549,9.100,828.2,-23.38692,-46.40955
54.9,0.4497,9.100,827.3,-23.38704,-46.40946
55.0,0.4401,9.100,825.8,-23.38715,-46.40938
55.1,0.4252,9.080,823.3,-23.38737,-46.40945
55.2,0.4092,9.140,821.2,-23.38718,-46.40887
55.3,0.3981,11.140,836.1,-23.37704,-46.39266
55.4,0.3865,11.120,833.7,-23.37729,-46.39272
55.5,0.3779,7.680,804.9,-23.39499,-46.42041
55.6,0.3756,7.680,804.6,-23.39509,-46.42033
55.7,0.3726,7.680,804.2,-23.39519,-46.42026
55.8,0.3695,7.660,803.7,-23.39539,-46.42035
55.9,0.3719,7.660,804.0,-23.39549,-46.42027
56.0,0.3710,7.380,801.8,-23.39700,-46.42248
56.1,0.3689,7.380,801.5,-23.39709,-46.42241
56.2,0.3730,7.420,802.3,-23.39699,-46.42201
56.3,0.3867,7.420,804.1,-23.39709,-46.42194
56.4,0.3996,7.420,805.8,-23.39718,-46.42187
56.5,0.4080,7.420,806.8,-23.39728,-46.42180
56.6,0.4152,7.420,807.8,-23.39738,-46.42173
56.7,0.4226,7.420,808.7,-23.39748,-46.42166
56.8,0.4254,7.380,808.8,-23.39777,-46.42192
56.9,0.4296,7.500,810.3,-23.39728,-46.42086
57.0,0.4409,7.500,811.8,-23.39738,-46.42079
57.1,0.4510,7.500,813.1,-23.39747,-46.42072
57.2,0.4550,7.500,813.7,-23.39757,-46.42065
57.3,0.4569,7.500,813.9,-23.39767,-46.42058
57.4,0.4564,7.500,813.8,-23.39777,-46.42051
57.5,0.4576,7.480,813.8,-23.39797,-46.42061
57.6,0.4579,7.380,812.9,-23.39855,-46.42137
57.7,0.4514,7.380,812.1,-23.39865,-46.42130
57.8,0.4454,7.480,812.2,-23.39827,-46.42040
57.9,0.4422,7.480,811.8,-23.39837,-46.42034
58.0,0.4362,7.480,811.0,-23.39847,-46.42027
58.1,0.4303,7.480,810.2,-23.39856,-46.42020
58.2,0.4270,7.480,809.8,-23.39866,-46.42013
58.3,0.4242,7.480,809.4,-23.39876,-46.42006
58.4,0.4212,7.480,809.1,-23.39886,-46.42000
58.5,0.4166,8.120,813.8,-23.39595,-46.41458
58.6,0.4168,8.120,813.8,-23.39606,-46.41451
58.7,0.4160,8.120,813.7,-23.39617,-46.41443
58.8,0.4126,8.120,813.2,-23.39628,-46.41436
58.9,0.4149,8.120,813.6,-23.39639,-46.41429
59.0,0.4230,8.140,814.9,-23.39640,-46.41405
59.1,0.4301,8.160,816.0,-23.39642,-46.41381
59.2,0.4357,8.140,816.7,-23.39662,-46.41391
59.3,0.4319,8.140,816.1,-23.39673,-46.41383
59.4,0.4227,8.140,814.8,-23.39684,-46.41376
59.5,0.4130,8.140,813.4,-23.39695,-46.41369
59.6,0.3982,8.140,811.3,-23.39706,-46.41362
59.7,0.3920,7.500,805.4,-23.40008,-46.41897
59.8,0.3910,7.500,805.3,-23.40019,-46.41891
59.9,0.3871,7.500,804.8,-23.40029,-46.41884
60.0,0.3854,7.160,801.9,-23.40192,-46.42167
60.1,0.3882,7.140,802.1,-23.40211,-46.42177
60.2,0.3973,7.140,803.2,-23.40221,-46.42171
60.3,0.3936,7.140,802.8,-23.40230,-46.42165
60.4,0.3845,7.160,801.8,-23.40231,-46.42142
60.5,0.3781,7.160,801.0,-23.40241,-46.42136
60.6,0.3770,7.140,800.7,-23.40260,-46.42147
60.7,0.3787,7.140,800.9,-23.40269,-46.42141
60.8,0.3776,7.140,800.8,-23.40279,-46.42135
60.9,0.3726,7.100,799.9,-23.40306,-46.42164
61.0,0.3695,7.140,799.8,-23.40299,-46.42123
61.1,0.3688,7.140,799.7,-23.40309,-46.42117
61.2,0.3676,7.140,799.5,-23.40318,-46.42111
61.3,0.3669,7.080,799.0,-23.40354,-46.42157
61.4,0.3665,7.080,799.0,-23.40364,-46.42151
61.5,0.3660,7.080,798.9,-23.40374,-46.42146
61.6,0.3666,7.080,799.0,-23.40384,-46.42140
61.7,0.3658,7.080,798.9,-23.40393,-46.42134
61.8,0.3656,7.100,799.0,-23.40395,-46.42111
61.9,0.3640,7.080,798.6,-23.40413,-46.42123
62.0,0.3634,7.080,798.6,-23.40423,-46.42117
62.1,0.3622,7.080,798.4,-23.40433,-46.42111
62.2,0.3628,7.000,797.9,-23.40476,-46.42175
62.3,0.3627,7.000,797.9,-23.40486,-46.42169
62.4,0.3634,7.000,798.0,-23.40495,-46.42164
62.5,0.3629,7.000,797.9,-23.40505,-46.42158
62.6,0.3635,7.000,798.0,-23.40515,-46.42153
62.7,0.3664,7.000,798.4,-23.40525,-46.42147
62.8,0.3698,7.000,798.8,-23.40535,-46.42142
62.9,0.3709,7.000,798.9,-23.40544,-46.42136
63.0,0.3693,7.000,798.7,-23.40554,-46.42131
63.1,0.3652,7.000,798.2,-23.40564,-46.42125
63.2,0.3642,7.020,798.2,-23.40566,-46.42102
63.3,0.3682,7.020,798.7,-23.40575,-46.42097
63.4,0.3738,7.020,799.4,-23.40585,-46.42092
63.5,0.3769,7.020,799.8,-23.40595,-46.42086
63.6,0.3773,7.020,799.8,-23.40605,-46.42081
63.7,0.3766,7.000,799.6,-23.40623,-46.42093
63.8,0.3804,6.980,799.9,-23.40641,-46.42105
63.9,0.3816,7.020,800.4,-23.40635,-46.42065
64.0,0.3837,7.020,800.6,-23.40645,-46.42060
64.1,0.3800,7.020,800.2,-23.40655,-46.42054
64.2,0.3764,6.980,799.4,-23.40680,-46.42084
64.3,0.3858,6.980,800.6,-23.40690,-46.42079
64.4,0.3873,7.000,800.9,-23.40692,-46.42056
64.5,0.3824,6.960,800.0,-23.40718,-46.42087
64.6,0.3695,6.960,798.4,-23.40727,-46.42081
64.7,0.3450,6.960,795.5,-23.40737,-46.42076
64.8,0.3562,10.680,824.4,-23.39319,-46.38770
64.9,0.3736,10.660,827.5,-23.39342,-46.38780
65.0,0.3817,10.660,829.0,-23.39357,-46.38772
65.1,0.3983,10.700,832.5,-23.39357,-46.38729
65.2,0.4041,10.720,833.7,-23.39365,-46.38703
65.3,0.3878,10.740,830.8,-23.39373,-46.38678
65.4,0.3642,10.740,826.4,-23.39388,-46.38670
65.5,0.3476,10.780,823.6,-23.39389,-46.38627
65.6,0.3463,10.600,822.0,-23.39471,-46.38780
65.7,0.3421,10.560,820.9,-23.39501,-46.38808
65.8,0.3290,10.560,818.5,-23.39516,-46.38801
65.9,0.3211,10.580,817.2,-23.39524,-46.38775
66.0,0.3137,10.580,815.8,-23.39539,-46.38768
66.1,0.3073,10.560,814.5,-23.39562,-46.38779
66.2,0.3004,10.560,813.2,-23.39577,-46.38771
66.3,0.2896,10.560,811.2,-23.39592,-46.38764
66.4,0.2858,10.120,807.7,-23.39766,-46.39152
66.5,0.2859,10.140,807.9,-23.39773,-46.39127
66.6,0.2888,6.200,784.1,-23.41199,-46.42667
66.7,0.2896,6.200,784.2,-23.41208,-46.42663
66.8,0.2882,6.200,784.1,-23.41217,-46.42659
66.9,0.2818,6.180,783.2,-23.41233,-46.42673
67.0,0.2988,11.680,820.5,-23.39304,-46.37703
67.1,0.3142,11.680,823.6,-23.39321,-46.37695
67.2,0.3239,11.680,825.6,-23.39338,-46.37687
67.3,0.3312,11.680,827.1,-23.39355,-46.37679
67.4,0.3338,11.660,827.5,-23.39379,-46.37690
67.5,0.3399,11.580,828.1,-23.39423,-46.37754
67.6,0.3471,11.580,829.6,-23.39440,-46.37747
67.7,0.3438,11.580,828.9,-23.39457,-46.37739
67.8,0.3389,11.580,827.9,-23.39474,-46.37732
67.9,0.3356,11.580,827.2,-23.39490,-46.37724
68.0,0.3324,11.580,826.6,-23.39507,-46.37717
68.1,0.3298,11.580,826.1,-23.39524,-46.37709
68.2,0.3288,11.580,825.9,-23.39541,-46.37702
68.3,0.3401,11.140,824.9,-23.39705,-46.38096
68.4,0.3611,21.460,917.0,-23.36291,-46.28680
68.5,0.4079,21.500,934.9,-23.36310,-46.28630
68.6,0.4300,21.540,943.6,-23.36328,-46.28580
68.7,0.4485,21.720,952.5,-23.36300,-46.28402
68.8,0.4788,21.780,964.7,-23.36312,-46.28334
68.9,0.4743,21.760,962.8,-23.36351,-46.28339
69.0,0.4623,21.760,958.2,-23.36383,-46.28325
69.1,0.4517,21.760,954.2,-23.36415,-46.28312
69.2,0.4319,21.760,946.7,-23.36447,-46.28299
69.3,0.4071,21.740,937.0,-23.36485,-46.28304
69.4,0.4024,21.560,933.5,-23.36574,-46.28456
69.5,0.3966,21.560,931.3,-23.36606,-46.28443
69.6,0.3851,21.540,926.7,-23.36644,-46.28448
69.7,0.3539,11.380,829.4,-23.39858,-46.37779
69.8,0.3651,20.380,908.5,-23.37069,-46.29490
69.9,0.3883,20.620,919.1,-23.37025,-46.29257
70.0,0.4278,20.620,933.3,-23.37055,-46.29245
70.1,0.4424,20.540,937.7,-23.37110,-46.29306
70.2,0.4394,20.560,936.8,-23.37135,-46.29276
70.3,0.4142,20.540,927.6,-23.37171,-46.29282
70.4,0.3762,20.540,914.0,-23.37201,-46.29270
70.5,0.3487,20.520,903.9,-23.37238,-46.29277
70.6,0.3153,20.500,891.8,-23.37274,-46.29284
70.7,0.3196,11.400,822.7,-23.40021,-46.37694
70.8,0.3143,11.400,821.7,-23.40038,-46.37688
70.9,0.3184,10.960,819.4,-23.40184,-46.38089
71.0,0.3261,10.980,821.0,-23.40195,-46.38065
71.1,0.3323,10.660,819.8,-23.40305,-46.38355
71.2,0.3295,11.100,822.5,-23.40192,-46.37941
71.3,0.3259,11.100,821.8,-23.40209,-46.37935
71.4,0.3352,10.740,821.0,-23.40329,-46.38263
71.5,0.3380,10.740,821.5,-23.40345,-46.38258
71.6,0.3376,8.480,805.1,-23.41005,-46.40355
71.7,0.3436,8.460,805.9,-23.41023,-46.40369
71.8,0.3614,8.460,808.5,-23.41036,-46.40365
71.9,0.3857,8.460,812.1,-23.41048,-46.40360
72.0,0.4004,8.460,814.3,-23.41061,-46.40356
72.1,0.4192,8.440,816.9,-23.41079,-46.40370
72.2,0.4130,8.440,816.0,-23.41092,-46.40365
72.3,0.3962,8.440,813.5,-23.41104,-46.40361
72.4,0.3884,8.380,811.9,-23.41133,-46.40413
72.5,0.3935,8.400,812.8,-23.41140,-46.40390
72.6,0.3805,8.400,810.8,-23.41153,-46.40385
72.7,0.3948,8.300,812.1,-23.41192,-46.40475
72.8,0.3838,8.300,810.6,-23.41205,-46.40471
72.9,0.3632,8.300,807.6,-23.41217,-46.40466
73.0,0.3538,8.280,806.1,-23.41235,-46.40481
73.1,0.3528,8.280,805.9,-23.41248,-46.40477
73.2,0.3484,8.280,805.3,-23.41260,-46.40473
73.3,0.3444,8.260,804.6,-23.41278,-46.40487
73.4,0.3341,8.260,803.1,-23.41290,-46.40483
73.5,0.3261,8.240,801.8,-23.41308,-46.40498
73.6,0.3189,8.240,800.7,-23.41320,-46.40494
73.7,0.3155,20.320,890.4,-23.38270,-46.29118
73.8,0.3109,20.300,888.6,-23.38306,-46.29127
73.9,0.3086,20.300,887.7,-23.38336,-46.29118
74.0,0.3015,8.280,798.5,-23.41360,-46.40441
74.1,0.2886,8.260,796.5,-23.41377,-46.40456
74.2,0.3048,19.820,882.5,-23.38547,-46.29542
74.3,0.3180,19.800,886.9,-23.38581,-46.29552
74.4,0.3267,19.820,890.1,-23.38606,-46.29523
74.5,0.3488,19.800,897.6,-23.38641,-46.29533
74.6,0.3690,19.820,904.8,-23.38666,-46.29505
74.7,0.3731,19.800,906.0,-23.38701,-46.29515
74.8,0.3737,19.780,906.0,-23.38736,-46.29525
74.9,0.3635,19.820,902.9,-23.38757,-46.29478
75.0,0.3405,19.820,894.9,-23.38787,-46.29469
75.1,0.3188,19.860,887.7,-23.38807,-46.29423
75.2,0.3099,19.880,884.8,-23.38833,-46.29395
75.3,0.2938,19.860,879.0,-23.38868,-46.29405
75.4,0.2641,19.660,867.3,-23.38944,-46.29586
75.5,0.2712,19.660,869.7,-23.38973,-46.29578
75.6,0.2785,19.360,870.0,-23.39071,-46.29854
75.7,0.2908,19.340,874.0,-23.39105,-46.29865
75.8,0.2943,19.320,875.0,-23.39139,-46.29876
75.9,0.2910,19.300,873.7,-23.39173,-46.29887
76.0,0.2853,19.320,872.0,-23.39198,-46.29860
76.1,0.2753,19.220,867.9,-23.39249,-46.29947
76.2,0.2610,19.180,862.8,-23.39287,-46.29977
76.3,0.2670,19.660,868.3,-23.39213,-46.29512
76.4,0.2534,19.680,863.8,-23.39239,-46.29485
76.5,0.2547,18.520,856.0,-23.39514,-46.30583
76.6,0.2635,18.520,858.9,-23.39542,-46.30576
76.7,0.2541,18.540,856.0,-23.39566,-46.30549
76.8,0.2384,17.860,846.4,-23.39735,-46.31191
76.9,0.2441,17.860,848.1,-23.39763,-46.31184
77.0,0.2495,17.860,849.8,-23.39790,-46.31177
77.1,0.2503,17.860,850.1,-23.39817,-46.31171
77.2,0.2357,17.860,845.5,-23.39845,-46.31164
77.3,0.2242,13.360,814.7,-23.40767,-46.35463
77.4,0.2371,14.940,827.3,-23.40476,-46.33945
77.5,0.2500,14.960,830.8,-23.40495,-46.33921
77.6,0.2657,15.020,835.3,-23.40506,-46.33858
77.7,0.2731,15.000,837.1,-23.40533,-46.33871
77.8,0.2759,15.000,837.8,-23.40556,-46.33866
77.9,0.2794,15.000,838.8,-23.40579,-46.33860
78.0,0.2630,15.040,834.7,-23.40595,-46.33816
78.1,0.2622,15.080,834.8,-23.40610,-46.33773
78.2,0.2541,15.120,832.9,-23.40626,-46.33729
78.3,0.2436,15.120,830.2,-23.40649,-46.33724
78.4,0.2402,14.800,827.3,-23.40731,-46.34026
78.5,0.2338,14.780,825.5,-23.40757,-46.34040
78.6,0.2268,14.760,823.6,-23.40783,-46.34054
78.7,0.2289,15.200,826.8,-23.40728,-46.33626
78.8,0.2380,15.200,829.2,-23.40752,-46.33621
78.9,0.2311,15.200,827.4,-23.40775,-46.33616
79.0,0.2262,15.240,826.3,-23.40792,-46.33572
79.1,0.2242,15.260,825.9,-23.40812,-46.33548
79.2,0.2348,15.500,830.2,-23.40794,-46.33312
79.3,0.2335,15.500,829.8,-23.40818,-46.33307
79.4,0.2272,15.280,826.8,-23.40879,-46.33514
79.5,0.2302,15.260,827.5,-23.40906,-46.33529
79.6,0.2309,15.240,827.5,-23.40933,-46.33543
79.7,0.2336,15.180,827.9,-23.40966,-46.33596
79.8,0.2345,15.160,828.0,-23.40993,-46.33611
79.9,0.2340,5.880,776.6,-23.42487,-46.42570
80.0,0.2438,5.860,777.5,-23.42499,-46.42587
80.1,0.2519,12.460,815.6,-23.41483,-46.36207
80.2,0.2637,12.460,818.2,-23.41503,-46.36203
80.3,0.2586,12.460,817.1,-23.41522,-46.36199
80.4,0.2597,5.860,779.1,-23.42536,-46.42580
80.5,0.2616,5.860,779.3,-23.42545,-46.42579
80.6,0.2631,5.860,779.5,-23.42554,-46.42577
80.7,0.2613,5.860,779.3,-23.42563,-46.42575
80.8,0.2595,5.860,779.1,-23.42572,-46.42574
80.9,0.2735,13.360,826.2,-23.41509,-46.35306
81.0,0.2842,13.360,828.7,-23.41530,-46.35303
81.1,0.2854,13.340,828.9,-23.41553,-46.35319
81.2,0.2867,13.320,829.0,-23.41577,-46.35334
81.3,0.2761,13.320,826.6,-23.41597,-46.35331
81.4,0.2692,13.300,824.8,-23.41621,-46.35347
81.5,0.2741,5.440,778.3,-23.42692,-46.42971
81.6,0.2831,5.440,779.1,-23.42700,-46.42969
81.7,0.2871,5.440,779.5,-23.42709,-46.42968
81.8,0.2923,5.460,780.1,-23.42715,-46.42947
81.9,0.3009,5.460,781.0,-23.42723,-46.42946
82.0,0.3014,5.460,781.0,-23.42732,-46.42944
82.1,0.3019,5.400,780.7,-23.42748,-46.43001
82.2,0.3061,5.480,781.6,-23.42746,-46.42922
82.3,0.3127,5.480,782.2,-23.42755,-46.42921
82.4,0.3333,5.600,785.0,-23.42749,-46.42803
82.5,0.3290,5.460,783.6,-23.42774,-46.42938
82.6,0.3365,5.460,784.3,-23.42783,-46.42937
82.7,0.3430,5.460,785.0,-23.42791,-46.42936
82.8,0.3494,5.460,785.6,-23.42800,-46.42934
82.9,0.3556,5.460,786.2,-23.42808,-46.42933
83.0,0.3618,5.460,786.8,-23.42817,-46.42932
83.1,0.3714,5.480,787.8,-23.42823,-46.42912
83.2,0.3816,5.480,788.8,-23.42832,-46.42910
83.3,0.3882,5.480,789.4,-23.42840,-46.42909
83.4,0.3936,5.480,789.9,-23.42849,-46.42908
83.5,0.3987,5.480,790.4,-23.42857,-46.42907
83.6,0.4055,5.480,791.1,-23.42866,-46.42906
83.7,0.4144,5.480,791.9,-23.42874,-46.42905
83.8,0.4238,5.480,792.8,-23.42883,-46.42904
83.9,0.4326,5.500,793.8,-23.42890,-46.42883
84.0,0.4370,5.500,794.3,-23.42898,-46.42882
84.1,0.4418,5.500,794.7,-23.42907,-46.42882
84.2,0.4497,5.520,795.6,-23.42913,-46.42861
84.3,0.4584,5.520,796.5,-23.42922,-46.42860
84.4,0.4676,5.520,797.4,-23.42931,-46.42859
84.5,0.4773,5.520,798.3,-23.42939,-46.42858
84.6,0.4847,5.520,799.0,-23.42948,-46.42857
84.7,0.4888,5.520,799.4,-23.42957,-46.42856
84.8,0.4933,5.520,799.9,-23.42965,-46.42856
84.9,0.5026,5.540,800.9,-23.42972,-46.42835
85.0,0.5061,5.540,801.3,-23.42981,-46.42834
85.1,0.5097,5.540,801.6,-23.42990,-46.42834
85.2,0.5122,5.540,801.9,-23.42998,-46.42833
85.3,0.5151,5.540,802.2,-23.43007,-46.42832
85.4,0.5188,5.540,802.5,-23.43016,-46.42831
85.5,0.5232,5.540,802.9,-23.43024,-46.42830
85.6,0.5322,5.560,804.0,-23.43032,-46.42810
85.7,0.5361,5.560,804.4,-23.43040,-46.42809
85.8,0.5411,5.540,804.7,-23.43050,-46.42828
85.9,0.5459,5.540,805.1,-23.43059,-46.42828
86.0,0.5492,5.540,805.4,-23.43068,-46.42827
86.1,0.5524,5.540,805.8,-23.43076,-46.42826
86.2,0.5540,5.540,805.9,-23.43085,-46.42826
86.3,0.5527,5.560,806.0,-23.43093,-46.42805
86.4,0.5527,5.560,806.0,-23.43101,-46.42805
86.5,0.5534,5.620,806.7,-23.43107,-46.42745
86.6,0.5580,5.620,807.1,-23.43116,-46.42745
86.7,0.5654,5.580,807.4,-23.43127,-46.42783
86.8,0.5742,5.580,808.3,-23.43135,-46.42783
86.9,0.5727,5.580,808.1,-23.43144,-46.42782
87.0,0.5638,5.580,807.3,-23.43153,-46.42782
87.1,0.5657,5.120,802.6,-23.43183,-46.43232
87.2,0.5714,5.120,803.1,-23.43191,-46.43232
87.3,0.5771,5.120,803.6,-23.43199,-46.43231
87.4,0.5826,5.120,804.1,-23.43207,-46.43231
87.5,0.5879,5.120,804.6,-23.43215,-46.43230
87.6,0.5946,5.100,805.0,-23.43224,-46.43250
87.7,0.5918,5.120,804.9,-23.43231,-46.43230
87.8,0.5910,5.120,804.8,-23.43239,-46.43229
87.9,0.5903,5.120,804.8,-23.43247,-46.43229
88.0,0.5921,5.120,804.9,-23.43255,-46.43229
88.1,0.5954,5.120,805.2,-23.43263,-46.43228
88.2,0.5988,5.120,805.5,-23.43271,-46.43228
88.3,0.6003,5.120,805.7,-23.43279,-46.43228
88.4,0.5951,5.100,805.0,-23.43288,-46.43247
88.5,0.5941,5.100,804.9,-23.43296,-46.43247
88.6,0.5928,5.100,804.8,-23.43304,-46.43247
88.7,0.5798,5.080,803.4,-23.43312,-46.43266
88.8,0.5694,5.060,802.3,-23.43320,-46.43286
88.9,0.5685,5.040,802.0,-23.43329,-46.43305
89.0,0.5669,5.040,801.8,-23.43337,-46.43305
89.1,0.5633,5.040,801.5,-23.43345,-46.43305
89.2,0.5615,5.020,801.2,-23.43353,-46.43324
89.3,0.5670,5.020,801.6,-23.43361,-46.43324
89.4,0.5611,5.020,801.1,-23.43369,-46.43324
89.5,0.5570,5.000,800.6,-23.43377,-46.43344
89.6,0.5529,5.000,800.2,-23.43384,-46.43344
89.7,0.5468,5.000,799.7,-23.43392,-46.43343
89.8,0.5383,5.000,798.9,-23.43400,-46.43343
89.9,0.5297,5.000,798.2,-23.43408,-46.43343
90.0,0.5212,5.000,797.4,-23.43416,-46.43343
90.1,0.5095,5.000,796.4,-23.43424,-46.43343
90.2,0.4974,5.000,795.4,-23.43432,-46.43343
90.3,0.4853,5.000,794.3,-23.43439,-46.43343
90.4,0.4713,5.000,793.1,-23.43447,-46.43343
90.5,0.4660,5.400,796.2,-23.43458,-46.42951
90.6,0.4619,5.400,795.8,-23.43467,-46.42951
90.7,0.4614,7.100,810.9,-23.43493,-46.41283
90.8,0.4602,7.080,810.5,-23.43504,-46.41303
90.9,0.4590,5.400,795.5,-23.43492,-46.42951
91.0,0.4582,5.400,795.4,-23.43501,-46.42952
91.1,0.4483,5.400,794.5,-23.43509,-46.42952
91.2,0.4390,7.040,807.6,-23.43548,-46.41343
91.3,0.4393,7.040,807.6,-23.43559,-46.41343
91.4,0.4393,7.020,807.4,-23.43570,-46.41363
91.5,0.4424,7.020,807.8,-23.43581,-46.41363
91.6,0.4431,7.020,807.9,-23.43592,-46.41364
91.7,0.4446,7.040,808.3,-23.43603,-46.41344
91.8,0.4486,7.040,808.7,-23.43614,-46.41345
91.9,0.4531,7.040,809.3,-23.43625,-46.41345
92.0,0.4577,7.040,809.9,-23.43636,-46.41346
92.1,0.4613,7.040,810.3,-23.43647,-46.41346
92.2,0.4645,7.040,810.7,-23.43658,-46.41346
92.3,0.4648,7.040,810.7,-23.43670,-46.41347
92.4,0.4607,7.100,810.8,-23.43683,-46.41289
92.5,0.4593,7.100,810.6,-23.43694,-46.41289
92.6,0.4594,7.080,810.4,-23.43704,-46.41309
92.7,0.4641,7.080,811.0,-23.43715,-46.41310
92.8,0.4677,7.080,811.5,-23.43727,-46.41310
92.9,0.4702,7.080,811.8,-23.43738,-46.41311
93.0,0.4728,7.080,812.1,-23.43749,-46.41312
93.1,0.4644,7.080,811.1,-23.43760,-46.41312
93.2,0.4662,7.120,811.6,-23.43773,-46.41274
93.3,0.4692,7.120,812.0,-23.43784,-46.41274
93.4,0.4645,7.120,811.4,-23.43795,-46.41275
93.5,0.4599,7.120,810.9,-23.43806,-46.41276
93.6,0.4606,7.120,810.9,-23.43818,-46.41277
93.7,0.4610,7.120,811.0,-23.43829,-46.41277
93.8,0.4587,7.120,810.7,-23.43840,-46.41278
93.9,0.4544,7.120,810.2,-23.43851,-46.41279
94.0,0.4511,7.140,809.9,-23.43864,-46.41260
94.1,0.4501,7.120,809.6,-23.43873,-46.41281
94.2,0.4496,7.120,809.6,-23.43885,-46.41281
94.3,0.4470,7.120,809.3,-23.43896,-46.41282
94.4,0.4430,7.120,808.8,-23.43907,-46.41283
94.5,0.4401,7.140,808.6,-23.43920,-46.41265
94.6,0.4415,7.160,808.9,-23.43932,-46.41246
94.7,0.4494,7.160,809.9,-23.43943,-46.41247
94.8,0.4558,7.160,810.7,-23.43955,-46.41248
94.9,0.4622,7.160,811.5,-23.43966,-46.41249
95.0,0.4674,7.160,812.2,-23.43977,-46.41250
95.1,0.4702,7.160,812.5,-23.43988,-46.41251
95.2,0.4733,7.160,812.9,-23.43999,-46.41252
95.3,0.4793,7.160,813.6,-23.44011,-46.41253
95.4,0.4854,7.160,814.4,-23.44022,-46.41255
95.5,0.4888,7.160,814.8,-23.44033,-46.41256
95.6,0.4893,7.160,814.9,-23.44044,-46.41257
95.7,0.4911,7.140,814.9,-23.44054,-46.41278
95.8,0.4882,7.140,814.6,-23.44065,-46.41279
95.9,0.4843,7.140,814.1,-23.44076,-46.41280
96.0,0.4795,7.140,813.5,-23.44087,-46.41281
96.1,0.4730,7.140,812.7,-23.44098,-46.41283
96.2,0.4667,7.140,811.9,-23.44109,-46.41284
96.3,0.4600,7.140,811.0,-23.44121,-46.41285
96.4,0.4531,7.140,810.2,-23.44132,-46.41287
96.5,0.4460,7.140,809.3,-23.44143,-46.41288
96.6,0.4613,32.720,1086.9,-23.46770,-46.16346
96.7,0.4825,32.680,1098.5,-23.46817,-46.16391
96.8,0.5020,32.620,1108.9,-23.46862,-46.16456
96.9,0.4762,32.640,1094.4,-23.46915,-46.16443
97.0,0.4676,31.860,1079.7,-23.46882,-46.17210
97.1,0.4957,31.820,1094.8,-23.46927,-46.17255
97.2,0.5112,31.780,1102.9,-23.46972,-46.17301
97.3,0.5120,31.780,1103.3,-23.47022,-46.17308
97.4,0.5125,31.740,1103.1,-23.47067,-46.17354
97.5,0.5264,31.440,1106.7,-23.47082,-46.17653
97.6,0.5565,31.480,1123.8,-23.47135,-46.17621
97.7,0.5556,31.440,1122.7,-23.47180,-46.17667
97.8,0.5249,31.440,1105.9,-23.47229,-46.17674
97.9,0.5199,31.220,1100.2,-23.47251,-46.17895
98.0,0.5316,31.220,1106.6,-23.47299,-46.17902
98.1,0.5379,30.960,1106.5,-23.47316,-46.18162
98.2,0.5633,30.880,1119.1,-23.47354,-46.18248
98.3,0.5636,30.860,1119.0,-23.47399,-46.18274
98.4,0.5643,30.380,1112.6,-23.47385,-46.18748
98.5,0.5894,30.420,1126.5,-23.47437,-46.18717
98.6,0.5910,30.400,1127.1,-23.47482,-46.18744
98.7,0.5776,30.340,1119.1,-23.47521,-46.18810
98.8,0.5973,30.120,1126.3,-23.47538,-46.19031
98.9,0.6158,30.140,1136.3,-23.47588,-46.19020
99.0,0.6175,30.120,1136.9,-23.47632,-46.19047
99.1,0.6104,30.060,1132.3,-23.47670,-46.19113
99.2,0.6211,30.020,1137.4,-23.47711,-46.19160
99.3,0.6161,29.980,1134.1,-23.47752,-46.19207
99.4,0.6002,29.940,1125.2,-23.47793,-46.19254
99.5,0.5869,29.900,1117.7,-23.47833,-46.19301
99.6,0.5885,29.640,1114.8,-23.47841,-46.19561
99.7,0.5967,29.620,1118.8,-23.47884,-46.19589
99.8,0.5874,29.460,1111.7,-23.47906,-46.19752
99.9,0.5799,29.400,1107.0,-23.47942,-46.19819
100.0,0.5910,29.340,1111.8,-23.47978,-46.19886
100.1,0.6245,29.260,1127.8,-23.48011,-46.19972
100.2,0.6447,29.240,1137.8,-23.48053,-46.20000
100.3,0.6500,29.220,1140.2,-23.48095,-46.20028
100.4,0.6578,29.200,1143.8,-23.48137,-46.20056
100.5,0.6534,29.180,1141.3,-23.48179,-46.20084
100.6,0.6455,29.160,1137.0,-23.48221,-46.20113
100.7,0.6421,29.100,1134.3,-23.48256,-46.20180
100.8,0.6247,29.060,1124.9,-23.48295,-46.20227
100.9,0.6125,29.020,1118.1,-23.48333,-46.20275
101.0,0.6243,28.960,1123.2,-23.48367,-46.20342
101.1,0.6474,28.900,1133.9,-23.48402,-46.20410
101.2,0.6805,28.700,1147.5,-23.48412,-46.20612
101.3,0.7150,28.720,1165.1,-23.48459,-46.20602
101.4,0.7021,28.620,1157.0,-23.48486,-46.20708
101.5,0.6966,28.560,1153.3,-23.48519,-46.20775
101.6,0.6667,28.520,1137.8,-23.48556,-46.20824
101.7,0.6374,28.500,1122.9,-23.48596,-46.20853
101.8,0.6168,28.500,1112.7,-23.48640,-46.20862
101.9,0.6126,28.480,1110.2,-23.48681,-46.20892
102.0,0.6108,28.460,1109.1,-23.48721,-46.20921
102.1,0.5864,28.440,1096.7,-23.48761,-46.20950
102.2,0.5455,28.420,1076.1,-23.48801,-46.20979
102.3,0.5215,7.560,823.0,-23.44865,-46.41001
102.4,0.5220,7.560,823.0,-23.44877,-46.41003
102.5,0.5327,7.540,824.2,-23.44884,-46.41025
102.6,0.5402,7.540,825.2,-23.44896,-46.41028
102.7,0.5418,7.540,825.4,-23.44908,-46.41031
102.8,0.5420,7.540,825.5,-23.44919,-46.41034
102.9,0.5408,7.580,825.7,-23.44939,-46.40998
103.0,0.5449,7.640,826.9,-23.44962,-46.40944
103.1,0.5526,7.640,827.9,-23.44974,-46.40947
103.2,0.5531,7.640,828.0,-23.44986,-46.40950
103.3,0.5587,7.620,828.5,-23.44993,-46.40972
103.4,0.5600,7.620,828.7,-23.45005,-46.40975
103.5,0.5598,7.640,828.9,-23.45021,-46.40959
103.6,0.5605,7.660,829.2,-23.45037,-46.40943
103.7,0.5634,7.660,829.6,-23.45048,-46.40946
103.8,0.5630,5.860,810.2,-23.44674,-46.42665
103.9,0.5667,5.860,810.6,-23.44683,-46.42667
104.0,0.5673,5.860,810.6,-23.44692,-46.42670
104.1,0.5615,7.680,829.5,-23.45100,-46.40940
104.2,0.5634,7.680,829.8,-23.45111,-46.40943
104.3,0.5635,5.920,810.9,-23.44732,-46.42620
104.4,0.5681,5.920,811.3,-23.44741,-46.42623
104.5,0.5720,5.940,812.0,-23.44755,-46.42606
104.6,0.5647,5.940,811.2,-23.44764,-46.42609
104.7,0.5520,5.940,809.9,-23.44773,-46.42611
104.8,0.5387,5.960,808.7,-23.44786,-46.42595
104.9,0.5330,5.980,808.3,-23.44800,-46.42578
105.0,0.5275,5.980,807.7,-23.44809,-46.42581
105.1,0.5236,6.040,807.9,-23.44832,-46.42527
105.2,0.5264,6.040,808.2,-23.44841,-46.42530
105.3,0.5288,6.060,808.7,-23.44855,-46.42513
105.4,0.5310,6.080,809.1,-23.44869,-46.42497
105.5,0.5358,6.080,809.6,-23.44879,-46.42500
105.6,0.5363,6.080,809.7,-23.44888,-46.42503
105.7,0.5238,6.080,808.4,-23.44897,-46.42505
105.8,0.5132,6.140,807.8,-23.44921,-46.42452
105.9,0.5143,6.160,808.1,-23.44935,-46.42436
106.0,0.5184,6.160,808.6,-23.44944,-46.42439
106.1,0.5179,6.160,808.5,-23.44954,-46.42441
106.2,0.5162,6.160,808.3,-23.44963,-46.42444
106.3,0.5111,6.160,807.8,-23.44972,-46.42447
106.4,0.5018,6.200,807.2,-23.44992,-46.42413
106.5,0.5025,6.220,807.4,-23.45006,-46.42397
106.6,0.5088,6.220,808.1,-23.45016,-46.42400
106.7,0.5150,6.220,808.8,-23.45025,-46.42403
106.8,0.5230,6.220,809.7,-23.45034,-46.42406
106.9,0.5336,6.220,810.8,-23.45044,-46.42409
107.0,0.5462,6.220,812.2,-23.45053,-46.42412
107.1,0.5491,6.200,812.3,-23.45057,-46.42434
107.2,0.5451,6.200,811.9,-23.45066,-46.42437
107.3,0.5438,6.200,811.7,-23.45076,-46.42440
107.4,0.5444,6.200,811.8,-23.45085,-46.42443
107.5,0.5374,6.200,811.0,-23.45094,-46.42447
107.6,0.5281,6.200,810.0,-23.45104,-46.42450
107.7,0.5125,6.200,808.3,-23.45113,-46.42453
107.8,0.5114,6.380,810.0,-23.45172,-46.42288
107.9,0.5119,6.380,810.0,-23.45181,-46.42291
108.0,0.5154,6.380,810.4,-23.45191,-46.42295
108.1,0.5164,6.380,810.5,-23.45200,-46.42298
108.2,0.5144,6.380,810.3,-23.45210,-46.42302
108.3,0.5124,6.380,810.1,-23.45219,-46.42305
108.4,0.5136,6.380,810.2,-23.45229,-46.42308
108.5,0.5183,6.380,810.7,-23.45238,-46.42312
108.6,0.5245,6.380,811.4,-23.45248,-46.42315
108.7,0.5264,6.380,811.6,-23.45257,-46.42319
108.8,0.5275,6.380,811.8,-23.45267,-46.42322
108.9,0.5293,6.380,812.0,-23.45276,-46.42326
109.0,0.5241,6.380,811.4,-23.45286,-46.42329
109.1,0.5182,6.380,810.7,-23.45295,-46.42333
109.2,0.5101,6.380,809.8,-23.45305,-46.42337
109.3,0.5045,6.380,809.2,-23.45314,-46.42340
109.4,0.5107,6.980,815.8,-23.45503,-46.41788
109.5,0.5241,6.980,817.4,-23.45513,-46.41792
109.6,0.5375,6.980,819.1,-23.45524,-46.41796
109.7,0.5473,6.980,820.2,-23.45534,-46.41800
109.8,0.5546,6.980,821.1,-23.45544,-46.41804
109.9,0.5618,6.980,822.0,-23.45555,-46.41808
110.0,0.5763,6.960,823.6,-23.45559,-46.41831
110.1,0.5939,6.960,825.7,-23.45569,-46.41835
110.2,0.6090,6.980,827.8,-23.45585,-46.41821
110.3,0.6160,6.980,828.6,-23.45596,-46.41825
110.4,0.6239,7.000,829.8,-23.45612,-46.41810
110.5,0.6227,7.000,829.7,-23.45623,-46.41815
110.6,0.6214,7.000,829.5,-23.45633,-46.41819
110.7,0.6231,7.020,830.0,-23.45650,-46.41805
110.8,0.6256,7.040,830.5,-23.45666,-46.41791
110.9,0.6358,7.060,832.0,-23.45683,-46.41777
111.0,0.6433,7.060,832.9,-23.45693,-46.41781
111.1,0.6486,7.060,833.6,-23.45704,-46.41785
111.2,0.6530,7.060,834.1,-23.45714,-46.41790
111.3,0.6590,7.080,835.1,-23.45731,-46.41776
111.4,0.6630,7.080,835.6,-23.45741,-46.41780
111.5,0.6629,7.080,835.6,-23.45752,-46.41785
111.6,0.6556,7.060,834.4,-23.45755,-46.41807
111.7,0.6466,7.060,833.3,-23.45766,-46.41812
111.8,0.6386,7.060,832.3,-23.45776,-46.41816
111.9,0.6265,7.060,830.8,-23.45786,-46.41821
112.0,0.6143,7.060,829.4,-23.45797,-46.41825
112.1,0.6032,7.060,828.0,-23.45807,-46.41830
112.2,0.5922,7.060,826.6,-23.45817,-46.41834
112.3,0.5803,6.480,818.7,-23.45629,-46.42366
112.4,0.5812,6.500,819.1,-23.45646,-46.42352
112.5,0.5883,6.500,819.9,-23.45655,-46.42356
112.6,0.5964,6.500,820.8,-23.45665,-46.42360
112.7,0.5986,6.700,823.3,-23.45744,-46.42183
112.8,0.6092,6.700,824.5,-23.45753,-46.42188
112.9,0.6120,6.700,824.9,-23.45763,-46.42192
113.0,0.6290,6.640,826.2,-23.45752,-46.42251
113.1,0.6367,6.640,827.0,-23.45761,-46.42255
113.2,0.6438,6.660,828.1,-23.45778,-46.42242
113.3,0.6423,6.640,827.7,-23.45780,-46.42264
113.4,0.6319,6.640,826.5,-23.45790,-46.42269
113.5,0.6234,6.640,825.5,-23.45799,-46.42273
113.6,0.6168,6.640,824.7,-23.45809,-46.42278
113.7,0.6094,6.640,823.9,-23.45819,-46.42282
113.8,0.6096,6.700,824.6,-23.45850,-46.42233
113.9,0.6125,6.700,824.9,-23.45860,-46.42238
114.0,0.6158,6.720,825.6,-23.45877,-46.42224
114.1,0.6187,6.720,825.9,-23.45886,-46.42229
114.2,0.6235,6.720,826.5,-23.45896,-46.42234
114.3,0.6306,6.720,827.3,-23.45905,-46.42239
114.4,0.6398,6.720,828.4,-23.45915,-46.42243
114.5,0.6471,6.700,829.0,-23.45917,-46.42266
114.6,0.6449,6.700,828.7,-23.45927,-46.42271
114.7,0.6428,6.720,828.7,-23.45944,-46.42258
114.8,0.6465,6.740,829.4,-23.45961,-46.42245
114.9,0.6509,6.740,829.9,-23.45971,-46.42250
115.0,0.6574,6.760,830.9,-23.45988,-46.42237
115.1,0.6676,6.760,832.1,-23.45997,-46.42242
115.2,0.6749,6.760,833.0,-23.46007,-46.42246
115.3,0.6801,6.760,833.6,-23.46017,-46.42251
115.4,0.6852,6.740,834.0,-23.46019,-46.42274
115.5,0.6935,6.740,834.9,-23.46028,-46.42279
115.6,0.6882,6.720,834.1,-23.46030,-46.42302
115.7,0.6828,6.720,833.4,-23.46039,-46.42307
115.8,0.6772,6.720,832.8,-23.46049,-46.42312
115.9,0.6726,6.720,832.2,-23.46058,-46.42317
116.0,0.6613,6.720,830.9,-23.46068,-46.42322
116.1,0.6515,6.700,829.5,-23.46070,-46.42344
116.2,0.6473,6.700,829.0,-23.46079,-46.42349
116.3,0.6449,6.700,828.7,-23.46088,-46.42355
116.4,0.6423,6.680,828.2,-23.46090,-46.42377
116.5,0.6387,6.700,828.0,-23.46107,-46.42365
116.6,0.6342,6.700,827.5,-23.46117,-46.42370
116.7,0.6326,6.680,827.1,-23.46118,-46.42393
116.8,0.6349,6.680,827.3,-23.46127,-46.42398
116.9,0.6394,6.680,827.8,-23.46137,-46.42403
117.0,0.6371,6.680,827.6,-23.46146,-46.42408
117.1,0.6343,6.680,827.3,-23.46155,-46.42413
117.2,0.6304,6.680,826.8,-23.46165,-46.42418
117.3,0.6206,6.680,825.7,-23.46174,-46.42424
117.4,0.6135,6.680,824.8,-23.46183,-46.42429
117.5,0.6109,6.700,824.8,-23.46201,-46.42417
117.6,0.6055,6.700,824.1,-23.46210,-46.42422
117.7,0.5989,6.700,823.3,-23.46220,-46.42427
117.8,0.5801,6.700,821.1,-23.46229,-46.42433
117.9,0.5591,6.700,818.7,-23.46238,-46.42438
118.0,0.5608,5.000,800.9,-23.45530,-46.43917
118.1,0.5590,5.000,800.7,-23.45537,-46.43921
118.2,0.5580,5.000,800.6,-23.45543,-46.43925
118.3,0.5579,5.000,800.6,-23.45550,-46.43929
118.4,0.5581,5.000,800.7,-23.45557,-46.43933
118.5,0.5575,5.000,800.6,-23.45564,-46.43937
118.6,0.5569,5.000,800.5,-23.45571,-46.43941
118.7,0.5554,5.000,800.4,-23.45578,-46.43945
118.8,0.5508,5.000,800.0,-23.45585,-46.43950
118.9,0.5451,5.420,803.8,-23.45774,-46.43593
119.0,0.5372,5.000,798.8,-23.45599,-46.43958
119.1,0.5304,5.000,798.2,-23.45606,-46.43962
119.2,0.5341,5.320,801.8,-23.45753,-46.43692
119.3,0.5399,5.260,801.7,-23.45734,-46.43748
119.4,0.5461,5.260,802.3,-23.45741,-46.43752
119.5,0.5505,5.280,802.9,-23.45757,-46.43740
119.6,0.5550,5.280,803.3,-23.45764,-46.43744
119.7,0.5596,5.280,803.7,-23.45771,-46.43748
119.8,0.5651,5.260,804.0,-23.45770,-46.43770
119.9,0.5736,5.260,804.8,-23.45777,-46.43774
120.0,0.5664,5.240,803.9,-23.45775,-46.43796
120.1,1.2537,1.680,787.2,-23.44175,-46.46824
120.2,1.2562,1.680,787.3,-23.44177,-46.46825
120.3,1.2590,1.680,787.4,-23.44180,-46.46827
120.4,1.2621,1.680,787.4,-23.44182,-46.46828
120.5,1.2655,1.680,787.5,-23.44184,-46.46829
120.6,1.2692,1.680,787.7,-23.44187,-46.46831
120.7,1.2732,1.680,787.8,-23.44189,-46.46832
120.8,1.2769,1.680,787.9,-23.44191,-46.46834
120.9,1.2796,1.680,788.0,-23.44193,-46.46835
121.0,1.2823,1.680,788.0,-23.44196,-46.46837
121.1,1.2845,1.680,788.1,-23.44198,-46.46838
121.2,1.2884,1.660,787.8,-23.44191,-46.46857
121.3,1.2934,1.660,787.9,-23.44193,-46.46858
121.4,1.2966,1.660,788.0,-23.44195,-46.46859
121.5,1.2966,1.660,788.0,-23.44198,-46.46861
121.6,1.2926,1.660,787.9,-23.44200,-46.46862
121.7,1.2945,1.700,788.9,-23.44221,-46.46831
121.8,1.2992,1.700,789.0,-23.44223,-46.46832
121.9,1.3030,1.700,789.1,-23.44225,-46.46834
122.0,1.3035,1.700,789.1,-23.44228,-46.46835
122.1,1.3037,1.700,789.1,-23.44230,-46.46837
122.2,1.3036,1.720,789.6,-23.44242,-46.46822
122.3,1.3079,1.720,789.7,-23.44244,-46.46823
122.4,1.3119,1.720,789.8,-23.44246,-46.46825
122.5,1.3155,1.720,789.9,-23.44249,-46.46826
122.6,1.3184,1.720,790.0,-23.44251,-46.46828
122.7,1.3209,1.720,790.1,-23.44253,-46.46830
122.8,1.3236,1.720,790.2,-23.44256,-46.46831
122.9,1.3266,1.720,790.3,-23.44258,-46.46833
123.0,1.3271,1.720,790.3,-23.44260,-46.46834
123.1,1.3260,1.720,790.3,-23.44262,-46.46836
123.2,1.3249,1.720,790.2,-23.44265,-46.46838
123.3,1.3237,1.720,790.2,-23.44267,-46.46839
123.4,1.3250,1.740,790.7,-23.44279,-46.46824
123.5,1.3276,1.740,790.8,-23.44281,-46.46826
123.6,1.3298,1.740,790.8,-23.44284,-46.46828
123.7,1.3317,1.740,790.9,-23.44286,-46.46829
123.8,1.3334,1.740,790.9,-23.44288,-46.46831
123.9,1.3347,1.740,791.0,-23.44290,-46.46833
124.0,1.3334,1.740,790.9,-23.44293,-46.46834
124.1,1.3308,1.740,790.9,-23.44295,-46.46836
124.2,1.3307,1.780,791.8,-23.44317,-46.46805
124.3,1.3401,1.780,792.1,-23.44320,-46.46807
124.4,1.3501,1.760,791.9,-23.44312,-46.46825
124.5,1.3628,1.760,792.3,-23.44314,-46.46827
124.6,1.3766,1.760,792.7,-23.44316,-46.46828
124.7,1.3913,1.760,793.2,-23.44319,-46.46830
124.8,1.4070,1.760,793.7,-23.44321,-46.46832
124.9,1.4233,1.760,794.2,-23.44323,-46.46833
125.0,1.4302,1.760,794.4,-23.44326,-46.46835
125.1,1.4360,1.760,794.6,-23.44328,-46.46837
125.2,1.4409,1.760,794.7,-23.44330,-46.46839
125.3,1.4447,1.760,794.8,-23.44332,-46.46840
125.4,1.4400,1.760,794.7,-23.44335,-46.46842
125.5,1.4298,1.760,794.4,-23.44337,-46.46844
125.6,1.4205,1.760,794.1,-23.44339,-46.46846
125.7,1.4190,1.780,794.6,-23.44352,-46.46831
125.8,1.4172,1.780,794.5,-23.44354,-46.46833
125.9,1.4094,1.780,794.3,-23.44356,-46.46835
126.0,1.4020,1.780,794.0,-23.44359,-46.46837
126.1,1.4094,1.820,795.2,-23.44382,-46.46807
126.2,1.4156,1.820,795.4,-23.44384,-46.46809
126.3,1.4211,1.820,795.6,-23.44387,-46.46810
126.4,1.4253,1.820,795.8,-23.44389,-46.46812
126.5,1.4212,1.820,795.6,-23.44391,-46.46814
126.6,1.4186,1.820,795.5,-23.44394,-46.46816
126.7,1.4174,1.820,795.5,-23.44396,-46.46818
126.8,1.4175,1.820,795.5,-23.44398,-46.46820
126.9,1.4191,1.820,795.6,-23.44401,-46.46822
127.0,1.4229,1.800,795.2,-23.44392,-46.46839
127.1,1.4264,1.820,795.8,-23.44405,-46.46825
127.2,1.4321,1.820,796.0,-23.44407,-46.46827
127.3,1.4393,1.820,796.2,-23.44410,-46.46829
127.4,1.4478,1.820,796.5,-23.44412,-46.46831
127.5,1.4578,1.820,796.8,-23.44414,-46.46833
127.6,1.4607,1.820,796.9,-23.44416,-46.46835
127.7,1.4551,1.820,796.7,-23.44419,-46.46837
127.8,1.4495,1.820,796.5,-23.44421,-46.46839
127.9,1.4446,1.820,796.4,-23.44423,-46.46841
128.0,1.4404,1.820,796.2,-23.44425,-46.46842
128.1,1.4369,1.820,796.1,-23.44428,-46.46844
128.2,1.4342,1.820,796.0,-23.44430,-46.46846
128.3,1.4321,1.820,796.0,-23.44432,-46.46848
128.4,1.4307,1.820,795.9,-23.44434,-46.46850
128.5,1.4330,1.840,796.5,-23.44448,-46.46837
128.6,1.4461,1.860,797.4,-23.44461,-46.46823
128.7,1.4603,1.860,797.9,-23.44464,-46.46825
128.8,1.4756,1.860,798.4,-23.44466,-46.46827
128.9,1.4920,1.860,798.9,-23.44468,-46.46829
129.0,1.5094,1.860,799.5,-23.44471,-46.46831
129.1,1.5245,1.860,800.0,-23.44473,-46.46833
129.2,1.5217,1.860,799.9,-23.44475,-46.46835
129.3,1.5186,1.860,799.8,-23.44477,-46.46837
129.4,1.5237,1.840,799.4,-23.44468,-46.46855
129.5,1.5337,1.840,799.7,-23.44470,-46.46857
129.6,1.5410,1.840,800.0,-23.44473,-46.46859
129.7,1.5360,1.840,799.8,-23.44475,-46.46861
129.8,1.5230,1.840,799.4,-23.44477,-46.46863
129.9,1.5081,1.840,798.9,-23.44479,-46.46865
130.0,1.4940,1.840,798.5,-23.44482,-46.46867
130.1,1.4891,1.880,799.4,-23.44507,-46.46839
130.2,1.4934,1.900,800.0,-23.44521,-46.46826
130.3,1.5018,1.900,800.3,-23.44523,-46.46828
130.4,1.5107,1.900,800.6,-23.44525,-46.46830
130.5,1.5199,1.900,800.9,-23.44528,-46.46832
130.6,1.5274,1.900,801.2,-23.44530,-46.46834
130.7,1.5319,1.900,801.3,-23.44532,-46.46836
130.8,1.5360,1.900,801.4,-23.44534,-46.46838
130.9,1.5397,1.900,801.6,-23.44537,-46.46841
131.0,1.5430,1.900,801.7,-23.44539,-46.46843
131.1,1.5508,1.920,802.5,-23.44553,-46.46830
131.2,1.5624,1.920,802.9,-23.44555,-46.46832
131.3,1.5676,1.920,803.0,-23.44558,-46.46834
131.4,1.5681,1.920,803.1,-23.44560,-46.46837
131.5,1.5691,1.920,803.1,-23.44562,-46.46839
131.6,1.5704,1.920,803.1,-23.44564,-46.46841
131.7,1.5720,1.920,803.2,-23.44567,-46.46843
131.8,1.5741,1.920,803.3,-23.44569,-46.46845
131.9,1.5780,1.940,803.9,-23.44583,-46.46833
132.0,1.5793,1.920,803.4,-23.44573,-46.46850
132.1,1.5824,1.920,803.5,-23.44576,-46.46852
132.2,1.5860,1.920,803.7,-23.44578,-46.46854
132.3,1.5899,1.920,803.8,-23.44580,-46.46856
132.4,1.5942,1.920,803.9,-23.44582,-46.46859
132.5,1.6009,1.500,792.3,-23.44329,-46.47165
132.6,1.6236,1.500,792.9,-23.44331,-46.47166
132.7,1.6392,1.500,793.3,-23.44333,-46.47168
132.8,1.6545,1.500,793.7,-23.44334,-46.47170
132.9,1.6702,1.500,794.1,-23.44336,-46.47172
133.0,1.6854,1.500,794.5,-23.44338,-46.47173
133.1,1.7001,1.500,794.9,-23.44339,-46.47175
133.2,1.7141,1.500,795.3,-23.44341,-46.47177
133.3,1.7276,1.500,795.6,-23.44343,-46.47179
133.4,1.7405,1.500,796.0,-23.44345,-46.47180
133.5,1.7528,1.500,796.3,-23.44346,-46.47182
133.6,1.7645,1.500,796.6,-23.44348,-46.47184
133.7,1.7757,1.500,796.9,-23.44350,-46.47186
133.8,1.7863,1.500,797.2,-23.44351,-46.47188
133.9,1.7963,1.500,797.4,-23.44353,-46.47189
134.0,1.8057,1.500,797.7,-23.44355,-46.47191
134.1,1.8146,1.500,797.9,-23.44357,-46.47193
134.2,1.8184,1.500,798.0,-23.44358,-46.47195
134.3,1.8054,1.540,798.9,-23.44385,-46.47168
134.4,1.8096,1.580,800.3,-23.44412,-46.47142
134.5,1.8236,1.580,800.7,-23.44414,-46.47144
134.6,1.8367,1.580,801.1,-23.44416,-46.47146
134.7,1.8477,1.580,801.4,-23.44417,-46.47148
134.8,1.8586,1.560,801.0,-23.44406,-46.47164
134.9,1.8687,1.560,801.3,-23.44408,-46.47166
135.0,1.8831,1.600,803.0,-23.44435,-46.47140
135.1,1.8905,1.600,803.2,-23.44437,-46.47142
135.2,1.8977,1.600,803.4,-23.44439,-46.47144
135.3,1.9045,1.600,803.6,-23.44441,-46.47146
135.4,1.9109,1.600,803.8,-23.44442,-46.47147
135.5,1.9171,1.600,804.0,-23.44444,-46.47149
135.6,1.9259,1.620,804.9,-23.44459,-46.47138
135.7,1.9352,1.620,805.2,-23.44461,-46.47140
135.8,1.9398,1.620,805.3,-23.44462,-46.47142
135.9,1.9443,1.620,805.4,-23.44464,-46.47144
136.0,1.9488,1.620,805.5,-23.44466,-46.47146
136.1,1.9533,1.620,805.7,-23.44468,-46.47148
136.2,1.9578,1.620,805.8,-23.44469,-46.47150
136.3,1.9622,1.620,805.9,-23.44471,-46.47152
136.4,1.9644,1.620,806.0,-23.44473,-46.47154
136.5,1.9624,1.620,805.9,-23.44475,-46.47156
136.6,1.9594,1.620,805.8,-23.44476,-46.47158
136.7,1.9555,1.620,805.7,-23.44478,-46.47160
136.8,1.9506,1.620,805.6,-23.44480,-46.47162
136.9,1.9448,1.620,805.4,-23.44482,-46.47164
137.0,1.9380,1.620,805.2,-23.44483,-46.47166
137.1,1.9273,1.620,804.9,-23.44485,-46.47168
137.2,1.9140,1.620,804.6,-23.44487,-46.47170
137.3,1.9010,1.620,804.2,-23.44489,-46.47172
137.4,1.8883,1.620,803.8,-23.44490,-46.47174
137.5,1.8759,1.620,803.5,-23.44492,-46.47176
137.6,1.8658,1.640,803.9,-23.44507,-46.47165
137.7,1.8598,1.640,803.7,-23.44509,-46.47167
137.8,1.8548,1.640,803.5,-23.44511,-46.47169
137.9,1.8514,1.640,803.4,-23.44512,-46.47171
138.0,1.8496,1.640,803.4,-23.44514,-46.47173
138.1,1.8495,1.640,803.4,-23.44516,-46.47175
138.2,1.8509,1.640,803.4,-23.44517,-46.47177
138.3,1.8541,1.640,803.5,-23.44519,-46.47179
138.4,1.8588,1.640,803.6,-23.44521,-46.47181
138.5,1.8651,1.640,803.8,-23.44523,-46.47184
138.6,1.8731,1.640,804.1,-23.44524,-46.47186
138.7,1.8873,1.680,805.8,-23.44553,-46.47162
138.8,1.9082,1.680,806.4,-23.44555,-46.47164
138.9,1.9228,1.680,806.8,-23.44557,-46.47166
139.0,1.9220,1.680,806.8,-23.44558,-46.47168
139.1,1.9198,1.660,806.1,-23.44546,-46.47183
139.2,1.9272,1.660,806.3,-23.44548,-46.47185
139.3,1.9339,1.660,806.5,-23.44550,-46.47188
139.4,1.9399,1.660,806.7,-23.44551,-46.47190
139.5,1.9453,1.660,806.8,-23.44553,-46.47192
139.6,1.9500,1.660,806.9,-23.44555,-46.47194
139.7,1.9461,1.660,806.8,-23.44557,-46.47196
139.8,1.9394,1.660,806.6,-23.44558,-46.47198
139.9,1.9334,1.660,806.5,-23.44560,-46.47201
140.0,1.9280,1.660,806.3,-23.44562,-46.47203
140.1,1.9233,1.660,806.2,-23.44563,-46.47205
140.2,1.9192,1.660,806.1,-23.44565,-46.47207
140.3,1.9158,1.660,806.0,-23.44567,-46.47209
140.4,1.9130,1.660,805.9,-23.44568,-46.47212
140.5,1.9108,1.660,805.8,-23.44570,-46.47214
140.6,1.9093,1.660,805.8,-23.44572,-46.47216
140.7,1.9085,1.660,805.7,-23.44573,-46.47218
140.8,1.9082,1.660,805.7,-23.44575,-46.47220
140.9,1.9075,1.660,805.7,-23.44577,-46.47223
141.0,1.9003,1.660,805.5,-23.44578,-46.47225
141.1,1.8938,1.660,805.3,-23.44580,-46.47227
141.2,1.8879,1.660,805.1,-23.44581,-46.47229
141.3,1.8827,1.660,805.0,-23.44583,-46.47231
141.4,1.8693,1.660,804.6,-23.44585,-46.47234
141.5,1.8536,1.660,804.2,-23.44586,-46.47236
141.6,1.8370,1.660,803.7,-23.44588,-46.47238
141.7,1.8193,1.660,803.2,-23.44590,-46.47240
141.8,1.8074,1.700,804.1,-23.44620,-46.47218
141.9,1.7978,1.700,803.8,-23.44621,-46.47221
142.0,1.7857,1.700,803.4,-23.44623,-46.47223
142.1,1.7725,1.720,803.7,-23.44639,-46.47213
142.2,1.7559,1.720,803.2,-23.44640,-46.47215
142.3,1.7382,1.720,802.6,-23.44642,-46.47218
142.4,1.7209,1.720,802.1,-23.44644,-46.47220
142.5,1.7031,1.720,801.6,-23.44645,-46.47222
142.6,1.6758,1.720,800.8,-23.44647,-46.47225
142.7,1.6502,1.720,800.0,-23.44649,-46.47227
142.8,1.6262,1.720,799.3,-23.44650,-46.47229
142.9,1.6038,1.720,798.6,-23.44652,-46.47232
143.0,1.5831,1.720,798.0,-23.44653,-46.47234
143.1,1.5641,1.720,797.4,-23.44655,-46.47236
143.2,1.5467,1.720,796.9,-23.44657,-46.47239
143.3,1.5340,1.640,794.3,-23.44601,-46.47288
143.4,1.5248,1.640,794.1,-23.44602,-46.47290
143.5,1.5165,1.640,793.8,-23.44604,-46.47293
143.6,1.5091,1.640,793.6,-23.44605,-46.47295
143.7,1.5038,1.700,795.1,-23.44650,-46.47262
143.8,1.5006,1.700,795.0,-23.44652,-46.47265
143.9,1.4980,1.700,794.9,-23.44653,-46.47267
144.0,1.4960,1.700,794.8,-23.44655,-46.47269
144.1,1.4948,1.660,793.7,-23.44627,-46.47295
144.2,1.4949,1.660,793.8,-23.44629,-46.47297
144.3,1.4954,1.660,793.8,-23.44630,-46.47299
144.4,1.4961,1.660,793.8,-23.44632,-46.47302
144.5,1.4972,1.660,793.8,-23.44633,-46.47304
144.6,1.4984,1.660,793.9,-23.44635,-46.47306
144.7,1.4999,1.660,793.9,-23.44636,-46.47309
144.8,1.5020,1.660,794.0,-23.44638,-46.47311
144.9,1.5035,1.660,794.0,-23.44639,-46.47313
145.0,1.5035,1.660,794.0,-23.44641,-46.47316
145.1,1.5035,1.660,794.0,-23.44642,-46.47318
145.2,1.5060,1.760,796.7,-23.44718,-46.47264
145.3,1.5197,1.760,797.1,-23.44719,-46.47267
145.4,1.5353,1.760,797.6,-23.44721,-46.47269
145.5,1.5500,1.760,798.1,-23.44723,-46.47272
145.6,1.5564,1.760,798.3,-23.44724,-46.47274
145.7,1.5624,1.760,798.5,-23.44726,-46.47277
145.8,1.5596,1.760,798.4,-23.44727,-46.47279
145.9,1.5499,1.760,798.1,-23.44729,-46.47282
146.0,1.5409,1.760,797.8,-23.44730,-46.47284
146.1,1.5431,1.600,793.5,-23.44612,-46.47374
146.2,1.5478,1.600,793.6,-23.44614,-46.47376
146.3,1.5525,1.600,793.8,-23.44615,-46.47379
146.4,1.5573,1.600,793.9,-23.44617,-46.47381
146.5,1.5620,1.600,794.0,-23.44618,-46.47383
146.6,1.5667,1.600,794.2,-23.44619,-46.47386
146.7,1.5715,1.600,794.3,-23.44621,-46.47388
146.8,1.5735,1.600,794.4,-23.44622,-46.47390
146.9,1.5737,1.600,794.4,-23.44623,-46.47392
147.0,1.5799,1.500,791.8,-23.44549,-46.47448
147.1,1.5987,1.500,792.3,-23.44551,-46.47450
147.2,1.6170,1.500,792.7,-23.44552,-46.47453
147.3,1.6347,1.500,793.2,-23.44553,-46.47455
147.4,1.6518,1.500,793.7,-23.44554,-46.47457
147.5,1.6671,1.500,794.1,-23.44556,-46.47459
147.6,1.6730,1.500,794.2,-23.44557,-46.47461
147.7,1.6790,1.500,794.4,-23.44558,-46.47463
147.8,1.6850,1.500,794.5,-23.44559,-46.47466
147.9,1.6909,1.500,794.7,-23.44561,-46.47468
148.0,1.6969,1.500,794.8,-23.44562,-46.47470
148.1,1.7029,1.500,795.0,-23.44563,-46.47472
148.2,1.6921,1.500,794.7,-23.44564,-46.47474
148.3,1.6866,1.620,798.1,-23.44658,-46.47415
148.4,1.7044,1.620,798.6,-23.44659,-46.47417
148.5,1.7155,1.620,798.9,-23.44660,-46.47419
148.6,1.7280,1.620,799.3,-23.44662,-46.47422
148.7,1.7420,1.620,799.7,-23.44663,-46.47424
148.8,1.7574,1.620,800.1,-23.44664,-46.47426
148.9,1.7742,1.620,800.6,-23.44666,-46.47429
149.0,1.7892,1.620,801.0,-23.44667,-46.47431
149.1,1.7918,1.620,801.1,-23.44668,-46.47434
149.2,1.7929,1.620,801.1,-23.44670,-46.47436
149.3,1.7926,1.620,801.1,-23.44671,-46.47438
149.4,1.7909,1.620,801.1,-23.44672,-46.47441
149.5,1.7878,1.620,801.0,-23.44673,-46.47443
149.6,1.7771,1.620,800.7,-23.44675,-46.47445
149.7,1.7573,1.620,800.1,-23.44676,-46.47448
149.8,1.7372,1.620,799.6,-23.44677,-46.47450
149.9,1.7251,1.780,804.1,-23.44803,-46.47374
150.0,1.7266,1.780,804.1,-23.44805,-46.47377
150.1,1.7226,1.780,804.0,-23.44806,-46.47379
150.2,1.7163,1.600,798.4,-23.44667,-46.47470
150.3,1.6960,1.600,797.8,-23.44668,-46.47472
150.4,1.6823,1.600,797.4,-23.44669,-46.47474
150.5,1.6703,1.600,797.1,-23.44670,-46.47477
150.6,1.6595,1.600,796.8,-23.44672,-46.47479
150.7,1.6498,1.600,796.5,-23.44673,-46.47482
150.8,1.6412,1.600,796.3,-23.44674,-46.47484
150.9,1.6337,1.600,796.0,-23.44675,-46.47486
151.0,1.6273,1.780,801.0,-23.44818,-46.47403
151.1,1.6295,1.580,795.4,-23.44662,-46.47501
151.2,1.6385,1.580,795.6,-23.44663,-46.47503
151.3,1.6478,1.580,795.9,-23.44664,-46.47505
151.4,1.6573,1.580,796.1,-23.44666,-46.47508
151.5,1.6653,1.580,796.3,-23.44667,-46.47510
151.6,1.6640,1.580,796.3,-23.44668,-46.47512
151.7,1.6616,1.580,796.2,-23.44669,-46.47515
151.8,1.6583,1.580,796.2,-23.44670,-46.47517
151.9,1.6538,1.580,796.0,-23.44672,-46.47520
152.0,1.6484,1.580,795.9,-23.44673,-46.47522
152.1,1.6419,1.580,795.7,-23.44674,-46.47524
152.2,1.6345,1.580,795.5,-23.44675,-46.47527
152.3,1.6138,1.580,794.9,-23.44676,-46.47529
152.4,1.5851,1.580,794.1,-23.44677,-46.47532
152.5,1.5743,1.800,799.9,-23.44854,-46.47434
152.6,1.5734,1.800,799.9,-23.44856,-46.47437
152.7,1.5732,1.800,799.9,-23.44857,-46.47440
152.8,1.5735,1.800,799.9,-23.44858,-46.47443
152.9,1.5734,1.800,799.9,-23.44859,-46.47445
153.0,1.5717,1.800,799.9,-23.44861,-46.47448
153.1,1.5637,1.800,799.6,-23.44862,-46.47451
153.2,1.5529,1.800,799.3,-23.44863,-46.47453
153.3,1.5428,1.800,798.9,-23.44865,-46.47456
153.4,1.5332,1.800,798.6,-23.44866,-46.47459
153.5,1.5242,1.800,798.4,-23.44867,-46.47462
153.6,1.5197,1.780,797.7,-23.44852,-46.47473
153.7,1.5230,1.780,797.8,-23.44853,-46.47476
153.8,1.5271,1.780,797.9,-23.44855,-46.47479
153.9,1.5320,1.780,798.1,-23.44856,-46.47481
154.0,1.5377,1.780,798.2,-23.44857,-46.47484
154.1,1.5443,1.780,798.4,-23.44858,-46.47487
154.2,1.5517,1.780,798.7,-23.44860,-46.47490
154.3,1.5598,1.780,798.9,-23.44861,-46.47492
154.4,1.5588,1.780,798.9,-23.44862,-46.47495
154.5,1.5546,1.780,798.8,-23.44863,-46.47498
154.6,1.5464,1.780,798.5,-23.44864,-46.47501
154.7,1.5281,1.960,802.8,-23.45012,-46.47428
154.8,1.5346,1.980,803.6,-23.45030,-46.47423
154.9,1.5445,2.000,804.4,-23.45047,-46.47417
155.0,1.5512,2.000,804.7,-23.45049,-46.47420
155.1,1.5591,1.980,804.4,-23.45034,-46.47432
155.2,1.5666,1.980,804.7,-23.45035,-46.47435
155.3,1.5739,1.980,804.9,-23.45036,-46.47438
155.4,1.5808,1.980,805.2,-23.45038,-46.47441
155.5,1.5875,1.980,805.4,-23.45039,-46.47444
155.6,1.5848,1.980,805.3,-23.45040,-46.47447
155.7,1.5814,1.980,805.2,-23.45041,-46.47450
155.8,1.5783,1.980,805.1,-23.45043,-46.47453
155.9,1.5755,1.980,805.0,-23.45044,-46.47457
156.0,1.5730,1.980,804.9,-23.45045,-46.47460
156.1,1.5708,1.980,804.8,-23.45047,-46.47463
156.2,1.5688,1.980,804.7,-23.45048,-46.47466
156.3,1.5671,1.980,804.7,-23.45049,-46.47469
156.4,1.5657,1.980,804.6,-23.45050,-46.47472
156.5,1.5737,1.980,804.9,-23.45052,-46.47475
156.6,1.5825,1.980,805.2,-23.45053,-46.47478
156.7,1.5917,1.980,805.5,-23.45054,-46.47481
156.8,1.6011,1.980,805.9,-23.45055,-46.47484
156.9,1.6070,1.980,806.1,-23.45056,-46.47488
157.0,1.6119,1.980,806.2,-23.45058,-46.47491
157.1,1.6171,1.980,806.4,-23.45059,-46.47494
157.2,1.6226,1.960,806.0,-23.45044,-46.47505
157.3,1.6329,1.960,806.4,-23.45045,-46.47508
157.4,1.6432,1.960,806.7,-23.45046,-46.47511
157.5,1.6534,1.960,807.1,-23.45047,-46.47514
157.6,1.6636,1.960,807.4,-23.45048,-46.47517
157.7,1.6739,1.960,807.8,-23.45049,-46.47520
157.8,1.6841,1.960,808.1,-23.45051,-46.47523
157.9,1.6943,1.960,808.5,-23.45052,-46.47526
158.0,1.6982,1.960,808.6,-23.45053,-46.47529
158.1,1.6956,1.960,808.5,-23.45054,-46.47533
158.2,1.6921,1.960,808.4,-23.45055,-46.47536
158.3,1.6851,1.960,808.2,-23.45056,-46.47539
158.4,1.6768,1.960,807.9,-23.45057,-46.47542
158.5,1.6701,1.940,807.1,-23.45042,-46.47552
158.6,1.6684,1.940,807.0,-23.45043,-46.47555
158.7,1.6645,1.940,806.9,-23.45044,-46.47558
158.8,1.6612,1.940,806.8,-23.45045,-46.47561
158.9,1.6586,1.940,806.7,-23.45046,-46.47565
159.0,1.6569,1.940,806.6,-23.45047,-46.47568
159.1,1.6558,1.940,806.6,-23.45048,-46.47571
159.2,1.6556,1.940,806.6,-23.45050,-46.47574
159.3,1.6561,1.940,806.6,-23.45051,-46.47577
159.4,1.6574,1.940,806.6,-23.45052,-46.47580
159.5,1.6594,1.940,806.7,-23.45053,-46.47583
159.6,1.6564,1.940,806.6,-23.45054,-46.47586
159.7,1.6532,1.940,806.5,-23.45055,-46.47589
159.8,1.6472,1.940,806.3,-23.45056,-46.47593
159.9,1.6367,1.940,805.9,-23.45057,-46.47596
160.0,1.6259,1.940,805.6,-23.45058,-46.47599
160.1,1.6149,1.940,805.2,-23.45059,-46.47602
160.2,1.6037,1.940,804.8,-23.45060,-46.47605
160.3,1.5922,1.940,804.4,-23.45061,-46.47608
160.4,1.5837,1.920,803.6,-23.45045,-46.47618
160.5,1.5820,1.920,803.5,-23.45046,-46.47621
160.6,1.5798,1.920,803.4,-23.45047,-46.47624
160.7,1.5771,1.920,803.4,-23.45048,-46.47627
160.8,1.5739,1.920,803.3,-23.45049,-46.47630
160.9,1.5703,1.920,803.1,-23.45050,-46.47633
161.0,1.5661,1.920,803.0,-23.45051,-46.47637
161.1,1.5646,1.900,802.4,-23.45035,-46.47646
161.2,1.5664,1.900,802.4,-23.45036,-46.47649
161.3,1.5678,1.900,802.5,-23.45037,-46.47652
161.4,1.5687,1.900,802.5,-23.45038,-46.47655
161.5,1.5735,1.880,802.1,-23.45022,-46.47665
161.6,1.5774,1.880,802.3,-23.45023,-46.47668
161.7,1.5782,1.880,802.3,-23.45024,-46.47671
161.8,1.5789,1.880,802.3,-23.45025,-46.47674
161.9,1.5796,1.880,802.3,-23.45026,-46.47677
162.0,1.5802,1.880,802.3,-23.45027,-46.47680
162.1,1.5809,1.880,802.4,-23.45027,-46.47683
162.2,1.5792,1.880,802.3,-23.45028,-46.47686
162.3,1.5766,1.880,802.2,-23.45029,-46.47689
162.4,1.5744,1.880,802.2,-23.45030,-46.47692
162.5,1.5731,1.880,802.1,-23.45031,-46.47695
162.6,1.5749,1.900,802.7,-23.45049,-46.47692
162.7,1.5762,1.900,802.8,-23.45050,-46.47695
162.8,1.5743,1.900,802.7,-23.45051,-46.47699
162.9,1.5736,1.880,802.1,-23.45035,-46.47707
163.0,1.5732,1.880,802.1,-23.45035,-46.47711
163.1,1.5725,1.880,802.1,-23.45036,-46.47714
163.2,1.5717,1.880,802.1,-23.45037,-46.47717
163.3,1.5706,1.880,802.0,-23.45038,-46.47720
163.4,1.5694,1.880,802.0,-23.45039,-46.47723
163.5,1.5679,1.880,801.9,-23.45040,-46.47726
163.6,1.5662,1.880,801.9,-23.45041,-46.47729
163.7,1.5643,1.880,801.8,-23.45041,-46.47732
163.8,1.5674,1.860,801.4,-23.45025,-46.47741
163.9,1.5728,1.860,801.5,-23.45026,-46.47744
164.0,1.5782,1.860,801.7,-23.45026,-46.47747
164.1,1.5835,1.860,801.9,-23.45027,-46.47750
164.2,1.5766,1.860,801.7,-23.45028,-46.47753
164.3,1.5660,1.860,801.3,-23.45029,-46.47756
164.4,1.5557,1.860,801.0,-23.45030,-46.47759
164.5,1.5459,1.860,800.7,-23.45030,-46.47762
164.6,1.5364,1.860,800.4,-23.45031,-46.47765
164.7,1.5273,1.860,800.1,-23.45032,-46.47768
164.8,1.5204,1.880,800.4,-23.45050,-46.47766
164.9,1.5160,1.880,800.2,-23.45051,-46.47769
165.0,1.5215,1.800,798.3,-23.44982,-46.47793
165.1,1.5300,1.800,798.5,-23.44983,-46.47796
165.2,1.5388,1.800,798.8,-23.44984,-46.47799
165.3,1.5477,1.800,799.1,-23.44984,-46.47802
165.4,1.5568,1.800,799.4,-23.44985,-46.47805
165.5,1.5649,1.800,799.6,-23.44986,-46.47808
165.6,1.5726,1.800,799.9,-23.44986,-46.47811
165.7,1.5802,1.800,800.1,-23.44987,-46.47814
165.8,1.5879,1.800,800.4,-23.44988,-46.47817
165.9,1.5982,1.780,800.1,-23.44971,-46.47824
166.0,1.6096,1.780,800.5,-23.44972,-46.47827
166.1,1.6197,1.780,800.8,-23.44972,-46.47830
166.2,1.6273,1.780,801.0,-23.44973,-46.47833
166.3,1.6320,1.780,801.2,-23.44974,-46.47836
166.4,1.6368,1.780,801.3,-23.44974,-46.47839
166.5,1.6436,1.800,802.1,-23.44993,-46.47838
166.6,1.6532,1.800,802.4,-23.44993,-46.47841
166.7,1.6631,1.800,802.7,-23.44994,-46.47844
166.8,1.6733,1.800,803.0,-23.44995,-46.47847
166.9,1.6839,1.800,803.4,-23.44995,-46.47850
167.0,1.6948,1.800,803.7,-23.44996,-46.47853
167.1,1.7059,1.800,804.1,-23.44996,-46.47856
167.2,1.7174,1.800,804.4,-23.44997,-46.47859
167.3,1.7274,1.800,804.7,-23.44998,-46.47862
167.4,1.7289,1.800,804.8,-23.44998,-46.47865
167.5,1.7309,1.800,804.9,-23.44999,-46.47868
167.6,1.7333,1.800,804.9,-23.45000,-46.47871
167.7,1.7347,1.800,805.0,-23.45000,-46.47874
167.8,1.7323,1.800,804.9,-23.45001,-46.47877
167.9,1.7308,1.800,804.9,-23.45001,-46.47880
168.0,1.7302,1.800,804.8,-23.45002,-46.47883
168.1,1.7306,1.800,804.8,-23.45003,-46.47886
168.2,1.7317,1.800,804.9,-23.45003,-46.47889
168.3,1.7246,1.800,804.7,-23.45004,-46.47892
168.4,1.7171,1.800,804.4,-23.45004,-46.47895
168.5,1.7095,1.800,804.2,-23.45005,-46.47898
168.6,1.7019,1.800,803.9,-23.45005,-46.47901
168.7,1.6944,1.800,803.7,-23.45006,-46.47904
168.8,1.6868,1.800,803.5,-23.45006,-46.47907
168.9,1.6793,1.800,803.2,-23.45007,-46.47910
169.0,1.6717,1.800,803.0,-23.45008,-46.47913
169.1,1.6642,1.800,802.8,-23.45008,-46.47916
169.2,1.6566,1.800,802.5,-23.45009,-46.47919
169.3,1.6491,1.800,802.3,-23.45009,-46.47922
169.4,1.6416,1.800,802.0,-23.45010,-46.47925
169.5,1.6368,1.780,801.3,-23.44993,-46.47932
169.6,1.6430,1.760,800.9,-23.44975,-46.47938
169.7,1.6576,1.760,801.4,-23.44976,-46.47941
169.8,1.6713,1.760,801.8,-23.44976,-46.47944
169.9,1.6841,1.760,802.2,-23.44977,-46.47947
170.0,1.6967,1.760,802.6,-23.44977,-46.47950
170.1,1.7093,1.760,803.0,-23.44978,-46.47953
170.2,1.7217,1.760,803.4,-23.44978,-46.47956
170.3,1.7341,1.760,803.7,-23.44979,-46.47959
170.4,1.7463,1.760,804.1,-23.44979,-46.47962
170.5,1.7584,1.760,804.5,-23.44980,-46.47965
170.6,1.7752,1.740,804.4,-23.44962,-46.47971
170.7,1.7852,1.740,804.7,-23.44963,-46.47974
170.8,1.7907,1.760,805.5,-23.44981,-46.47974
170.9,1.7968,1.760,805.7,-23.44981,-46.47977
171.0,1.8039,1.760,805.9,-23.44982,-46.47980
171.1,1.8120,1.760,806.1,-23.44982,-46.47983
171.2,1.8210,1.760,806.4,-23.44983,-46.47986
171.3,1.8425,1.780,807.7,-23.45001,-46.47986
171.4,1.8669,1.780,808.5,-23.45001,-46.47989
171.5,1.8909,1.780,809.2,-23.45002,-46.47992
171.6,1.9143,1.780,810.0,-23.45002,-46.47995
171.7,1.9373,1.780,810.7,-23.45003,-46.47998
171.8,1.9484,1.780,811.0,-23.45003,-46.48001
171.9,1.9294,1.780,810.4,-23.45003,-46.48004
172.0,1.9110,1.780,809.8,-23.45004,-46.48007
172.1,1.8931,1.780,809.3,-23.45004,-46.48010
172.2,1.8757,1.780,808.8,-23.45005,-46.48013
172.3,1.8839,1.680,805.7,-23.44916,-46.48029
172.4,1.8919,1.680,805.9,-23.44916,-46.48032
172.5,1.8996,1.680,806.2,-23.44916,-46.48035
172.6,1.9063,1.680,806.4,-23.44917,-46.48038
172.7,1.9088,1.680,806.4,-23.44917,-46.48040
172.8,1.9112,1.680,806.5,-23.44917,-46.48043
172.9,1.9135,1.680,806.6,-23.44918,-46.48046
173.0,1.9158,1.680,806.6,-23.44918,-46.48049
173.1,1.9180,1.680,806.7,-23.44918,-46.48052
173.2,1.9201,1.680,806.8,-23.44919,-46.48055
173.3,1.9205,1.680,806.8,-23.44919,-46.48058
173.4,1.9205,1.680,806.8,-23.44919,-46.48060
173.5,1.9207,1.680,806.8,-23.44920,-46.48063
173.6,1.9211,1.680,806.8,-23.44920,-46.48066
173.7,1.9218,1.680,806.8,-23.44920,-46.48069
173.8,1.9227,1.680,806.8,-23.44920,-46.48072
173.9,1.9238,1.680,806.9,-23.44921,-46.48075
174.0,1.9251,1.680,806.9,-23.44921,-46.48078
174.1,1.9267,1.680,806.9,-23.44921,-46.48081
174.2,1.9285,1.680,807.0,-23.44922,-46.48083
174.3,1.9335,1.680,807.2,-23.44922,-46.48086
174.4,1.9384,1.680,807.3,-23.44922,-46.48089
174.5,1.9431,1.680,807.4,-23.44922,-46.48092
174.6,1.9476,1.680,807.6,-23.44923,-46.48095
174.7,1.9519,1.680,807.7,-23.44923,-46.48098
174.8,1.9560,1.680,807.8,-23.44923,-46.48101
174.9,1.9600,1.680,807.9,-23.44923,-46.48103
175.0,1.9638,1.680,808.0,-23.44924,-46.48106
175.1,1.9674,1.680,808.1,-23.44924,-46.48109
175.2,1.9761,1.660,807.7,-23.44906,-46.48114
175.3,1.9859,1.660,808.0,-23.44906,-46.48117
175.4,1.9954,1.660,808.3,-23.44906,-46.48119
175.5,2.0047,1.660,808.5,-23.44907,-46.48122
175.6,2.0137,1.660,808.8,-23.44907,-46.48125
175.7,2.0226,1.660,809.1,-23.44907,-46.48128
175.8,2.0384,1.640,808.8,-23.44889,-46.48132
175.9,2.0559,1.640,809.3,-23.44890,-46.48135
176.0,2.0732,1.640,809.8,-23.44890,-46.48138
176.1,2.0824,1.640,810.1,-23.44890,-46.48141
176.2,2.0859,1.640,810.2,-23.44890,-46.48143
176.3,2.0895,1.640,810.3,-23.44890,-46.48146
176.4,2.0930,1.640,810.4,-23.44890,-46.48149
176.5,2.0965,1.640,810.5,-23.44891,-46.48152
176.6,2.1000,1.640,810.6,-23.44891,-46.48155
176.7,2.1036,1.640,810.7,-23.44891,-46.48157
176.8,2.1071,1.640,810.8,-23.44891,-46.48160
176.9,2.1106,1.640,810.9,-23.44891,-46.48163
177.0,2.1141,1.640,811.0,-23.44891,-46.48166
177.1,2.1124,1.640,810.9,-23.44891,-46.48169
177.2,2.1082,1.640,810.8,-23.44892,-46.48171
177.3,2.1039,1.640,810.7,-23.44892,-46.48174
177.4,2.1044,1.620,809.9,-23.44874,-46.48178
177.5,2.1048,1.620,810.0,-23.44874,-46.48181
177.6,2.1052,1.620,810.0,-23.44874,-46.48183
177.7,2.1055,1.620,810.0,-23.44874,-46.48186
177.8,2.1058,1.620,810.0,-23.44874,-46.48189
177.9,2.1060,1.620,810.0,-23.44874,-46.48192
178.0,2.1075,1.600,809.3,-23.44856,-46.48195
178.1,2.1061,1.620,810.0,-23.44874,-46.48197
178.2,2.1060,1.620,810.0,-23.44875,-46.48200
178.3,2.1059,1.620,810.0,-23.44875,-46.48203
178.4,2.1059,1.620,810.0,-23.44875,-46.48206
178.5,2.1059,1.620,810.0,-23.44875,-46.48208
178.6,2.1060,1.620,810.0,-23.44875,-46.48211
178.7,2.1060,1.620,810.0,-23.44875,-46.48214
178.8,2.1061,1.620,810.0,-23.44875,-46.48217
178.9,2.1062,1.620,810.0,-23.44875,-46.48219
179.0,2.1063,1.620,810.0,-23.44875,-46.48222
179.1,2.0994,1.620,809.8,-23.44875,-46.48225
179.2,2.0935,1.640,810.4,-23.44893,-46.48228
179.3,2.0904,1.640,810.3,-23.44893,-46.48230
179.4,2.0874,1.640,810.2,-23.44893,-46.48233
179.5,2.0843,1.640,810.1,-23.44893,-46.48236
179.6,2.0813,1.640,810.0,-23.44893,-46.48239
179.7,2.0783,1.640,809.9,-23.44893,-46.48242
179.8,2.0753,1.640,809.9,-23.44893,-46.48244
179.9,2.0723,1.640,809.8,-23.44893,-46.48247
180.0,2.0693,1.640,809.7,-23.44893,-46.48250
180.1,2.0539,1.640,809.2,-23.44893,-46.48253
180.2,2.0385,1.640,808.8,-23.44893,-46.48256
180.3,2.0231,1.640,808.4,-23.44893,-46.48258
180.4,2.0077,1.640,807.9,-23.44893,-46.48261
180.5,1.9923,1.640,807.5,-23.44893,-46.48264
180.6,1.9768,1.640,807.0,-23.44893,-46.48267
180.7,1.9614,1.640,806.6,-23.44893,-46.48270
180.8,1.9493,1.660,806.9,-23.44911,-46.48273
180.9,1.9429,1.660,806.7,-23.44911,-46.48276
181.0,1.9356,1.660,806.5,-23.44911,-46.48278
181.1,1.9256,1.660,806.2,-23.44911,-46.48281
181.2,1.9192,1.680,806.7,-23.44929,-46.48285
181.3,1.9152,1.680,806.6,-23.44929,-46.48287
181.4,1.9112,1.680,806.5,-23.44929,-46.48290
181.5,1.9071,1.680,806.4,-23.44929,-46.48293
181.6,1.9030,1.680,806.3,-23.44929,-46.48296
181.7,1.9012,1.700,806.9,-23.44947,-46.48299
181.8,1.9021,1.700,806.9,-23.44947,-46.48302
181.9,1.9030,1.700,806.9,-23.44946,-46.48305
182.0,1.9067,1.700,807.0,-23.44946,-46.48308
182.1,1.9105,1.700,807.1,-23.44946,-46.48311
182.2,1.9144,1.700,807.3,-23.44946,-46.48314
182.3,1.9182,1.700,807.4,-23.44946,-46.48317
182.4,1.9220,1.700,807.5,-23.44946,-46.48320
182.5,1.9258,1.700,807.6,-23.44946,-46.48323
182.6,1.9295,1.700,807.7,-23.44946,-46.48326
182.7,1.9332,1.700,807.8,-23.44946,-46.48329
182.8,1.9369,1.700,807.9,-23.44945,-46.48332
182.9,1.9327,1.700,807.8,-23.44945,-46.48334
183.0,1.9152,1.700,807.3,-23.44945,-46.48337
183.1,1.8976,1.700,806.8,-23.44945,-46.48340
183.2,1.8800,1.700,806.2,-23.44945,-46.48343
183.3,1.8624,1.700,805.7,-23.44945,-46.48346
183.4,1.8447,1.700,805.2,-23.44945,-46.48349
183.5,1.8270,1.700,804.7,-23.44944,-46.48352
183.6,1.8082,1.700,804.1,-23.44944,-46.48355
183.7,1.7891,1.700,803.5,-23.44944,-46.48358
183.8,1.7700,1.700,803.0,-23.44944,-46.48361
183.9,1.7427,1.700,802.2,-23.44944,-46.48363
184.0,1.7168,1.720,802.0,-23.44962,-46.48368
184.1,1.6926,1.720,801.3,-23.44961,-46.48371
184.2,1.6683,1.720,800.5,-23.44961,-46.48374
184.3,1.6438,1.720,799.8,-23.44961,-46.48377
184.4,1.6225,1.740,799.7,-23.44979,-46.48381
184.5,1.6038,1.740,799.2,-23.44979,-46.48384
184.6,1.5848,1.740,798.6,-23.44978,-46.48387
184.7,1.5655,1.740,798.0,-23.44978,-46.48390
184.8,1.5466,1.760,798.0,-23.44996,-46.48395
184.9,1.5310,1.760,797.5,-23.44996,-46.48398
185.0,1.5153,1.760,797.0,-23.44995,-46.48401
185.1,1.4995,1.760,796.5,-23.44995,-46.48404
185.2,1.4835,1.760,796.0,-23.44995,-46.48407
185.3,1.4674,1.760,795.5,-23.44995,-46.48410
185.4,1.4511,1.760,795.0,-23.44994,-46.48413
185.5,1.4347,1.760,794.5,-23.44994,-46.48416
185.6,1.4209,1.760,794.1,-23.44994,-46.48419
185.7,1.4178,1.860,796.5,-23.45083,-46.48431
185.8,1.4206,1.860,796.6,-23.45083,-46.48434
185.9,1.4232,1.860,796.7,-23.45083,-46.48438
186.0,1.4255,1.860,796.8,-23.45082,-46.48441
186.1,1.4276,1.860,796.8,-23.45082,-46.48444
186.2,1.4270,1.860,796.8,-23.45082,-46.48447
186.3,1.4259,1.860,796.8,-23.45081,-46.48450
186.4,1.4248,1.860,796.7,-23.45081,-46.48453
186.5,1.4238,1.860,796.7,-23.45081,-46.48457
186.6,1.4226,1.860,796.7,-23.45080,-46.48460
186.7,1.4215,1.860,796.6,-23.45080,-46.48463
186.8,1.4204,1.860,796.6,-23.45080,-46.48466
186.9,1.4192,1.860,796.6,-23.45079,-46.48469
187.0,1.4167,1.860,796.5,-23.45079,-46.48472
187.1,1.3986,1.860,795.9,-23.45079,-46.48476
187.2,1.3806,1.860,795.3,-23.45078,-46.48479
187.3,1.3626,1.860,794.7,-23.45078,-46.48482
187.4,1.3448,1.860,794.1,-23.45077,-46.48485
187.5,1.3270,1.860,793.6,-23.45077,-46.48488
187.6,1.3093,1.860,793.0,-23.45077,-46.48491
187.7,1.2917,1.860,792.4,-23.45076,-46.48495
187.8,1.2742,1.860,791.8,-23.45076,-46.48498
187.9,1.2644,1.920,792.9,-23.45129,-46.48509
188.0,1.2594,1.920,792.7,-23.45129,-46.48512
188.1,1.2546,1.920,792.5,-23.45128,-46.48516
188.2,1.2500,1.920,792.4,-23.45128,-46.48519
188.3,1.2480,1.900,791.9,-23.45109,-46.48519
188.4,1.2462,1.900,791.8,-23.45109,-46.48522
188.5,1.2441,1.900,791.8,-23.45109,-46.48526
188.6,1.2384,1.900,791.6,-23.45108,-46.48529
188.7,1.2261,1.900,791.2,-23.45108,-46.48532
188.8,1.2135,1.900,790.7,-23.45107,-46.48535
188.9,1.2013,1.920,790.8,-23.45125,-46.48542
189.0,1.1922,1.920,790.5,-23.45124,-46.48545
189.1,1.1830,1.920,790.1,-23.45124,-46.48548
189.2,1.1737,1.920,789.8,-23.45123,-46.48551
189.3,1.1643,1.920,789.5,-23.45123,-46.48555
189.4,1.1528,1.920,789.1,-23.45122,-46.48558
189.5,1.1405,1.920,788.7,-23.45122,-46.48561
189.6,1.1284,1.920,788.3,-23.45121,-46.48564
189.7,1.1164,1.920,787.9,-23.45121,-46.48567
189.8,1.1045,1.920,787.5,-23.45120,-46.48571
189.9,1.0927,1.920,787.1,-23.45120,-46.48574
190.0,1.0811,1.920,786.7,-23.45119,-46.48577
190.1,1.0696,1.920,786.3,-23.45119,-46.48580
190.2,1.0571,1.920,785.9,-23.45118,-46.48584
190.3,1.0458,1.900,785.2,-23.45100,-46.48583
190.4,1.0252,1.900,784.5,-23.45099,-46.48587
190.5,1.0048,1.900,783.8,-23.45099,-46.48590
190.6,0.9846,1.900,783.1,-23.45098,-46.48593
190.7,0.9644,1.900,782.5,-23.45098,-46.48596
190.8,0.9554,1.800,780.5,-23.45009,-46.48581
190.9,0.9453,1.800,780.2,-23.45008,-46.48584
191.0,0.9275,1.780,779.3,-23.44990,-46.48583
191.1,0.9102,1.780,778.7,-23.44989,-46.48586
191.2,0.8931,1.780,778.2,-23.44989,-46.48589
191.3,0.8783,2.160,783.7,-23.45324,-46.48665
191.4,0.8680,2.160,783.3,-23.45323,-46.48669
191.5,0.8558,2.160,782.8,-23.45322,-46.48673
191.6,0.8441,2.160,782.4,-23.45322,-46.48676
191.7,0.8329,2.160,782.0,-23.45321,-46.48680
191.8,0.8222,2.160,781.6,-23.45320,-46.48684
191.9,0.8120,2.160,781.2,-23.45320,-46.48687
192.0,0.8024,2.160,780.8,-23.45319,-46.48691
192.1,0.8027,1.740,774.8,-23.44949,-46.48608
192.2,0.8042,1.740,774.9,-23.44948,-46.48611
192.3,0.8015,1.740,774.8,-23.44947,-46.48614
192.4,0.7985,1.740,774.7,-23.44947,-46.48617
192.5,0.7957,1.740,774.6,-23.44946,-46.48620
192.6,0.7930,1.740,774.5,-23.44946,-46.48623
192.7,0.7905,1.740,774.5,-23.44945,-46.48625
192.8,0.7880,1.740,774.4,-23.44944,-46.48628
192.9,0.7836,1.740,774.2,-23.44944,-46.48631
193.0,0.7794,1.740,774.1,-23.44943,-46.48634
193.1,0.7754,1.740,774.0,-23.44943,-46.48637
193.2,0.7628,1.740,773.6,-23.44942,-46.48640
193.3,0.7601,1.720,773.3,-23.44924,-46.48638
193.4,0.7434,1.720,772.8,-23.44923,-46.48641
193.5,0.7286,1.700,772.1,-23.44905,-46.48639
193.6,0.7099,1.700,771.5,-23.44904,-46.48642
193.7,0.6912,1.700,770.9,-23.44904,-46.48645
193.8,0.6808,2.380,778.9,-23.45498,-46.48807
193.9,0.6792,2.380,778.8,-23.45497,-46.48811
194.0,0.6771,2.380,778.8,-23.45496,-46.48815
194.1,0.6745,2.380,778.6,-23.45495,-46.48819
194.2,0.6715,2.380,778.5,-23.45494,-46.48823
194.3,0.6757,2.400,778.9,-23.45511,-46.48832
194.4,0.6709,2.400,778.7,-23.45510,-46.48836
194.5,0.6603,2.400,778.3,-23.45509,-46.48840
194.6,0.6547,2.420,778.3,-23.45525,-46.48849
194.7,0.6486,2.420,778.0,-23.45524,-46.48853
194.8,0.6418,2.420,777.7,-23.45523,-46.48857
194.9,0.6343,2.420,777.4,-23.45522,-46.48861
195.0,0.6220,2.420,776.9,-23.45521,-46.48865
195.1,0.6093,2.420,776.4,-23.45520,-46.48869
195.2,0.5965,2.420,775.8,-23.45519,-46.48873
195.3,0.5837,2.420,775.3,-23.45518,-46.48877
195.4,0.5728,2.440,775.0,-23.45535,-46.48886
195.5,0.5615,2.440,774.6,-23.45534,-46.48890
195.6,0.5453,2.420,773.7,-23.45515,-46.48889
195.7,0.5233,2.440,772.9,-23.45532,-46.48898
195.8,0.5038,2.440,772.1,-23.45531,-46.48902
195.9,0.4904,2.380,771.0,-23.45478,-46.48890
196.0,0.4720,2.380,770.2,-23.45477,-46.48894
196.1,0.4539,2.380,769.5,-23.45476,-46.48898
196.2,0.4360,2.380,768.7,-23.45474,-46.48902
196.3,0.4184,2.380,768.0,-23.45473,-46.48906
196.4,0.4011,2.380,767.3,-23.45472,-46.48910
196.5,0.3823,2.380,766.5,-23.45471,-46.48913
196.6,0.3645,2.380,765.8,-23.45470,-46.48917
196.7,0.3507,2.380,765.2,-23.45469,-46.48921
196.8,0.3379,2.380,764.7,-23.45468,-46.48925
196.9,0.3297,2.360,764.2,-23.45450,-46.48923
197.0,0.3267,2.360,764.1,-23.45449,-46.48927
197.1,0.3247,2.360,764.0,-23.45448,-46.48931
197.2,0.3237,2.360,764.0,-23.45447,-46.48935
197.3,0.3239,2.360,764.0,-23.45445,-46.48939
197.4,0.3246,2.360,764.0,-23.45444,-46.48943
197.5,0.3183,2.360,763.7,-23.45443,-46.48947
197.6,0.3097,2.360,763.4,-23.45442,-46.48950
197.7,0.3019,2.360,763.1,-23.45441,-46.48954
197.8,0.2949,2.360,762.8,-23.45440,-46.48958
197.9,0.2887,2.360,762.5,-23.45439,-46.48962
198.0,0.2834,2.360,762.3,-23.45438,-46.48966
198.1,0.2789,2.360,762.1,-23.45436,-46.48970
198.2,0.2752,2.340,761.9,-23.45418,-46.48967
198.3,0.2779,2.340,762.0,-23.45417,-46.48971
198.4,0.2684,8.300,793.8,-23.50508,-46.50822
198.5,0.2674,8.300,793.7,-23.50503,-46.50836
198.6,0.2607,8.300,792.7,-23.50499,-46.50849
198.7,0.2487,8.300,791.0,-23.50495,-46.50863
198.8,0.2381,8.300,789.4,-23.50491,-46.50876
198.9,0.2349,8.320,789.1,-23.50504,-46.50896
199.0,0.2445,8.320,790.5,-23.50500,-46.50910
199.1,0.2504,8.320,791.3,-23.50495,-46.50923
199.2,0.2573,8.320,792.3,-23.50491,-46.50937
199.3,0.2686,8.340,794.1,-23.50504,-46.50956
199.4,0.2821,8.360,796.2,-23.50516,-46.50976
199.5,0.3016,8.380,799.2,-23.50529,-46.50997
199.6,0.3153,8.380,801.2,-23.50524,-46.51010
199.7,0.3251,8.380,802.6,-23.50520,-46.51024
199.8,0.3292,8.380,803.2,-23.50516,-46.51037
199.9,0.3331,8.400,803.9,-23.50528,-46.51057
200.0,0.3273,8.400,803.0,-23.50524,-46.51071
200.1,0.3241,8.420,802.7,-23.50536,-46.51091
200.2,0.3208,8.420,802.2,-23.50531,-46.51105
200.3,0.3089,8.420,800.5,-23.50527,-46.51118
200.4,0.2881,8.420,797.4,-23.50522,-46.51132
200.5,0.2691,8.420,794.6,-23.50518,-46.51145
200.6,0.2540,8.400,792.3,-23.50496,-46.51152
200.7,0.2438,8.400,790.8,-23.50491,-46.51165
200.8,0.2475,8.400,791.4,-23.50487,-46.51179
200.9,0.2570,8.400,792.7,-23.50482,-46.51192
201.0,0.2719,8.400,794.9,-23.50477,-46.51206
201.1,0.2894,8.400,797.5,-23.50473,-46.51219
201.2,0.2811,8.400,796.3,-23.50468,-46.51233
201.3,0.2754,8.420,795.6,-23.50480,-46.51253
201.4,0.2782,8.420,796.0,-23.50475,-46.51267
201.5,0.2732,8.420,795.2,-23.50470,-46.51280
201.6,0.2706,8.460,795.1,-23.50499,-46.51308
201.7,0.2797,8.440,796.3,-23.50477,-46.51314
201.8,0.2974,8.440,798.9,-23.50472,-46.51327
201.9,0.2948,8.440,798.5,-23.50467,-46.51341
202.0,0.2903,8.440,797.9,-23.50462,-46.51354
202.1,0.3050,8.460,800.2,-23.50474,-46.51375
202.2,0.3237,8.460,802.9,-23.50469,-46.51389
202.3,0.3232,8.440,802.7,-23.50447,-46.51394
202.4,0.3183,8.440,802.0,-23.50442,-46.51408
202.5,0.3130,8.440,801.2,-23.50437,-46.51421
202.6,0.3127,8.440,801.2,-23.50432,-46.51435
202.7,0.3145,8.440,801.4,-23.50427,-46.51448
202.8,0.3210,8.600,803.5,-23.50555,-46.51522
202.9,0.3290,8.600,804.7,-23.50549,-46.51536
203.0,0.3433,8.480,806.0,-23.50445,-46.51503
203.1,0.3401,8.480,805.5,-23.50439,-46.51517
203.2,0.3376,8.480,805.1,-23.50434,-46.51530
203.3,0.3309,8.500,804.3,-23.50445,-46.51551
203.4,0.3321,8.400,803.8,-23.50358,-46.51525
203.5,0.3332,8.380,803.8,-23.50336,-46.51531
203.6,0.3245,8.380,802.5,-23.50330,-46.51544
203.7,0.3148,8.720,803.3,-23.50605,-46.51691
203.8,0.3140,8.740,803.4,-23.50616,-46.51713
203.9,0.3167,8.740,803.8,-23.50611,-46.51727
204.0,0.3215,8.780,804.8,-23.50638,-46.51756
204.1,0.3025,8.780,801.9,-23.50633,-46.51770
204.2,0.2856,8.760,799.2,-23.50610,-46.51776
204.3,0.2623,8.760,795.6,-23.50605,-46.51789
204.4,0.2447,8.760,792.9,-23.50599,-46.51803
204.5,0.2388,8.380,790.0,-23.50282,-46.51662
204.6,0.2354,8.360,789.4,-23.50260,-46.51667
204.7,0.2303,8.360,788.6,-23.50255,-46.51680
204.8,0.2254,8.360,787.9,-23.50249,-46.51693
204.9,0.2252,8.720,789.7,-23.50538,-46.51855
205.0,0.2332,8.720,790.9,-23.50532,-46.51868
205.1,0.2400,8.740,792.1,-23.50542,-46.51890
205.2,0.2493,8.760,793.6,-23.50553,-46.51912
205.3,0.2484,8.760,793.5,-23.50547,-46.51926
205.4,0.2459,8.760,793.1,-23.50541,-46.51939
205.5,0.2440,8.740,792.7,-23.50519,-46.51944
205.6,0.2411,8.740,792.2,-23.50513,-46.51958
205.7,0.2409,8.760,792.3,-23.50523,-46.51980
205.8,0.2486,8.900,794.3,-23.50631,-46.52053
205.9,0.2611,8.880,796.1,-23.50609,-46.52058
206.0,0.2631,8.880,796.4,-23.50602,-46.52072
206.1,0.2613,8.880,796.1,-23.50596,-46.52086
206.2,0.2617,8.840,796.0,-23.50558,-46.52082
206.3,0.2577,8.840,795.3,-23.50552,-46.52096
206.4,0.2534,8.840,794.7,-23.50546,-46.52109
206.5,0.2506,8.840,794.2,-23.50539,-46.52123
206.6,0.2491,8.840,794.0,-23.50533,-46.52136
206.7,0.2510,8.840,794.3,-23.50527,-46.52150
206.8,0.2509,8.860,794.4,-23.50537,-46.52172
206.9,0.2483,8.960,794.6,-23.50611,-46.52230
207.0,0.2519,8.960,795.1,-23.50604,-46.52244
207.1,0.2587,8.980,796.3,-23.50614,-46.52267
207.2,0.2613,8.980,796.7,-23.50607,-46.52280
207.3,0.2677,9.160,798.8,-23.50745,-46.52375
207.4,0.2816,9.120,800.8,-23.50706,-46.52371
207.5,0.3002,9.120,803.7,-23.50700,-46.52385
207.6,0.3167,9.100,806.2,-23.50677,-46.52390
207.7,0.3134,9.120,805.8,-23.50687,-46.52412
207.8,0.2996,9.180,804.0,-23.50728,-46.52454
207.9,0.2945,9.180,803.2,-23.50721,-46.52468
208.0,0.2849,9.180,801.6,-23.50714,-46.52482
208.1,0.2784,9.180,800.6,-23.50707,-46.52495
208.2,0.2708,9.180,799.4,-23.50701,-46.52509
208.3,0.2639,9.180,798.3,-23.50694,-46.52523
208.4,0.2578,9.180,797.3,-23.50687,-46.52537
208.5,0.2510,9.180,796.2,-23.50680,-46.52551
208.6,0.2428,9.180,794.9,-23.50673,-46.52565
208.7,0.2380,9.180,794.1,-23.50666,-46.52578
208.8,0.2329,9.180,793.3,-23.50659,-46.52592
208.9,0.2309,9.180,793.0,-23.50652,-46.52606
209.0,0.2309,9.180,793.0,-23.50645,-46.52620
209.1,0.2305,9.180,792.9,-23.50638,-46.52634
209.2,0.2244,9.180,792.0,-23.50631,-46.52647
209.3,0.2218,9.200,791.6,-23.50640,-46.52671
209.4,0.2151,9.200,790.6,-23.50633,-46.52684
209.5,0.2115,9.180,789.9,-23.50610,-46.52688
209.6,0.2099,9.220,789.8,-23.50634,-46.52722
209.7,0.2062,9.220,789.2,-23.50627,-46.52735
209.8,0.2071,9.220,789.4,-23.50620,-46.52749
209.9,0.2073,9.220,789.4,-23.50613,-46.52763
210.0,0.2000,9.220,788.2,-23.50605,-46.52776
210.1,0.1989,9.240,788.1,-23.50614,-46.52800
210.2,0.2020,9.280,788.8,-23.50637,-46.52833
210.3,0.1970,3.120,761.6,-23.45842,-46.49795
210.4,0.2183,3.120,762.8,-23.45840,-46.49800
210.5,0.2417,3.120,764.1,-23.45837,-46.49804
210.6,0.2501,3.120,764.5,-23.45835,-46.49809
210.7,0.2474,3.120,764.4,-23.45832,-46.49813
210.8,0.2416,3.120,764.1,-23.45830,-46.49818
210.9,0.2392,3.120,763.9,-23.45827,-46.49823
211.0,0.2400,3.120,764.0,-23.45825,-46.49827
211.1,0.2477,3.100,764.3,-23.45807,-46.49822
211.2,0.2589,3.100,764.9,-23.45804,-46.49826
211.3,0.2676,3.100,765.4,-23.45802,-46.49831
211.4,0.2701,3.100,765.5,-23.45799,-46.49835
211.5,0.2670,3.100,765.3,-23.45796,-46.49840
211.6,0.2656,3.100,765.3,-23.45794,-46.49844
211.7,0.2658,3.100,765.3,-23.45791,-46.49849
211.8,0.2677,3.100,765.4,-23.45789,-46.49853
211.9,0.2712,3.100,765.6,-23.45786,-46.49858
212.0,0.2678,3.100,765.4,-23.45784,-46.49862
212.1,0.2426,3.100,764.0,-23.45781,-46.49867
212.2,0.2174,3.100,762.7,-23.45778,-46.49871
212.3,0.1951,9.640,789.4,-23.50752,-46.53308
212.4,0.1962,9.620,789.5,-23.50729,-46.53311
212.5,0.2018,9.620,790.4,-23.50721,-46.53325
212.6,0.2107,9.660,792.1,-23.50743,-46.53360
212.7,0.2153,9.640,792.8,-23.50720,-46.53363
212.8,0.2157,9.660,793.0,-23.50727,-46.53388
212.9,0.2076,9.840,792.5,-23.50855,-46.53498
213.0,0.2051,9.860,792.2,-23.50861,-46.53523
213.1,0.1954,9.840,790.4,-23.50838,-46.53526
213.2,0.1806,9.840,787.9,-23.50829,-46.53540
213.3,0.1703,9.820,786.0,-23.50806,-46.53544
213.4,0.1637,9.820,784.9,-23.50797,-46.53558
213.5,0.1519,9.840,782.9,-23.50804,-46.53583
213.6,0.1603,3.060,759.4,-23.45711,-46.49912
213.7,0.1702,3.060,760.0,-23.45709,-46.49916
213.8,0.1724,3.060,760.1,-23.45706,-46.49921
213.9,0.1747,3.060,760.2,-23.45703,-46.49925
214.0,0.1775,3.060,760.4,-23.45701,-46.49929
214.1,0.1809,3.060,760.5,-23.45698,-46.49934
214.2,0.1848,3.060,760.7,-23.45695,-46.49938
214.3,0.1727,3.060,760.1,-23.45693,-46.49942
214.4,0.1576,3.080,759.4,-23.45705,-46.49958
214.5,0.1506,3.080,759.0,-23.45702,-46.49962
214.6,0.1506,3.520,760.3,-23.46025,-46.50212
214.7,0.1585,3.520,760.8,-23.46022,-46.50217
214.8,0.1664,3.520,761.3,-23.46019,-46.50222
214.9,0.1551,3.520,760.6,-23.46016,-46.50227
215.0,0.1444,3.520,760.0,-23.46013,-46.50232
215.1,0.1419,3.500,759.7,-23.45995,-46.50225
215.2,0.1393,3.500,759.6,-23.45992,-46.50230
215.3,0.1380,3.500,759.5,-23.45988,-46.50235
215.4,0.1381,3.500,759.5,-23.45985,-46.50240
215.5,0.1394,3.500,759.6,-23.45982,-46.50245
215.6,0.1421,3.500,759.8,-23.45979,-46.50250
215.7,0.1413,3.500,759.7,-23.45976,-46.50255
215.8,0.1404,3.500,759.6,-23.45972,-46.50260
215.9,0.1351,3.500,759.3,-23.45969,-46.50264
216.0,0.1362,3.180,758.5,-23.45733,-46.50085
216.1,0.1453,3.180,759.0,-23.45730,-46.50089
216.2,0.1532,3.180,759.4,-23.45727,-46.50093
216.3,0.1598,3.180,759.8,-23.45724,-46.50098
216.4,0.1567,3.180,759.6,-23.45721,-46.50102
216.5,0.1390,3.180,758.6,-23.45718,-46.50107
216.6,0.1290,3.200,758.1,-23.45730,-46.50123
216.7,0.1291,3.460,758.9,-23.45914,-46.50280
216.8,0.1243,3.460,758.6,-23.45911,-46.50284
216.9,0.1196,3.460,758.3,-23.45908,-46.50289
217.0,0.1148,3.460,758.0,-23.45905,-46.50294
217.1,0.1151,3.420,757.9,-23.45873,-46.50275
217.2,0.1304,3.420,758.8,-23.45869,-46.50279
217.3,0.1392,3.420,759.3,-23.45866,-46.50284
217.4,0.1508,3.420,760.0,-23.45863,-46.50289
217.5,0.1637,3.420,760.8,-23.45860,-46.50293
217.6,0.1761,3.420,761.5,-23.45856,-46.50298
217.7,0.1884,3.420,762.3,-23.45853,-46.50303
217.8,0.1975,3.400,762.7,-23.45835,-46.50295
217.9,0.2082,3.400,763.4,-23.45832,-46.50300
218.0,0.2166,3.400,763.9,-23.45829,-46.50305
218.1,0.2091,3.400,763.4,-23.45826,-46.50309
218.2,0.2105,3.380,763.4,-23.45808,-46.50302
218.3,0.2148,3.380,763.7,-23.45805,-46.50306
218.4,0.1832,3.380,761.8,-23.45802,-46.50311
218.5,0.1556,3.380,760.2,-23.45798,-46.50315
218.6,0.1543,3.940,761.9,-23.46189,-46.50663
218.7,0.1663,3.940,762.7,-23.46185,-46.50668
218.8,0.1746,3.940,763.3,-23.46181,-46.50673
218.9,0.1836,3.940,763.9,-23.46177,-46.50678
219.0,0.1933,3.940,764.6,-23.46173,-46.50684
219.1,0.2039,3.940,765.3,-23.46170,-46.50689
219.2,0.2135,3.940,766.0,-23.46166,-46.50694
219.3,0.2173,3.940,766.2,-23.46162,-46.50699
219.4,0.2225,3.940,766.6,-23.46158,-46.50705
219.5,0.2293,3.940,767.1,-23.46154,-46.50710
219.6,0.2376,3.940,767.6,-23.46150,-46.50715
219.7,0.2475,3.940,768.3,-23.46146,-46.50720
219.8,0.2559,3.940,768.9,-23.46142,-46.50725
219.9,0.2621,3.940,769.3,-23.46138,-46.50731
220.0,0.2670,3.940,769.7,-23.46134,-46.50736
220.1,0.2735,3.940,770.1,-23.46130,-46.50741
220.2,0.2815,3.940,770.7,-23.46126,-46.50746
220.3,0.2898,3.940,771.2,-23.46122,-46.50751
220.4,0.2946,3.940,771.6,-23.46118,-46.50756
220.5,0.3008,3.920,771.9,-23.46100,-46.50749
220.6,0.3027,3.920,772.0,-23.46096,-46.50754
220.7,0.3034,4.020,772.6,-23.46161,-46.50823
220.8,0.3060,4.020,772.8,-23.46156,-46.50828
220.9,0.3087,4.020,773.0,-23.46152,-46.50833
221.0,0.3132,3.940,772.8,-23.46094,-46.50787
221.1,0.3243,3.940,773.6,-23.46090,-46.50792
221.2,0.3384,3.940,774.6,-23.46086,-46.50797
221.3,0.3509,3.940,775.4,-23.46082,-46.50802
221.4,0.3525,3.940,775.5,-23.46077,-46.50807
221.5,0.3477,3.940,775.2,-23.46073,-46.50812
221.6,0.3445,3.940,775.0,-23.46069,-46.50818
221.7,0.3430,3.960,775.0,-23.46079,-46.50836
221.8,0.3440,3.960,775.1,-23.46074,-46.50841
221.9,0.3469,3.900,774.9,-23.46030,-46.50806
222.0,0.3484,3.960,775.4,-23.46066,-46.50851
222.1,0.3518,3.960,775.6,-23.46062,-46.50856
222.2,0.3559,3.960,775.9,-23.46058,-46.50861
222.3,0.3531,3.960,775.7,-23.46054,-46.50866
222.4,0.3480,3.960,775.4,-23.46049,-46.50871
222.5,0.3501,4.020,775.9,-23.46085,-46.50916
222.6,0.3463,4.020,775.6,-23.46081,-46.50921
222.7,0.3424,4.000,775.2,-23.46063,-46.50913
222.8,0.3424,3.920,774.7,-23.46006,-46.50864
222.9,0.3440,3.900,774.7,-23.45989,-46.50856
223.0,0.3481,3.900,775.0,-23.45985,-46.50861
223.1,0.3478,3.900,775.0,-23.45980,-46.50866
223.2,0.3478,3.900,775.0,-23.45976,-46.50870
223.3,0.3484,3.900,775.0,-23.45972,-46.50875
223.4,0.3534,3.960,775.7,-23.46007,-46.50921
223.5,0.3631,3.960,776.4,-23.46003,-46.50926
223.6,0.3715,3.960,777.0,-23.45998,-46.50930
223.7,0.3767,3.960,777.3,-23.45994,-46.50935
223.8,0.3818,3.960,777.7,-23.45990,-46.50940
223.9,0.3862,3.960,778.0,-23.45986,-46.50945
224.0,0.3882,3.960,778.1,-23.45981,-46.50950
224.1,0.3933,3.960,778.5,-23.45977,-46.50955
224.2,0.4017,3.960,779.1,-23.45973,-46.50960
224.3,0.4030,3.960,779.2,-23.45968,-46.50965
224.4,0.4035,3.960,779.2,-23.45964,-46.50969
224.5,0.3980,3.960,778.8,-23.45960,-46.50974
224.6,0.3860,3.960,778.0,-23.45955,-46.50979
224.7,0.3767,3.940,777.2,-23.45938,-46.50970
224.8,0.3691,3.960,776.8,-23.45946,-46.50989
224.9,0.3611,3.960,776.3,-23.45942,-46.50994
225.0,0.3516,3.960,775.6,-23.45938,-46.50998
225.1,0.3405,3.940,774.7,-23.45921,-46.50989
225.2,0.3324,3.940,774.2,-23.45916,-46.50994
225.3,0.3230,3.940,773.5,-23.45912,-46.50999
225.4,0.3069,3.940,772.4,-23.45907,-46.51004
225.5,0.2977,3.740,770.6,-23.45777,-46.50868
225.6,0.2952,3.080,766.8,-23.45357,-46.50410
225.7,0.2976,3.080,766.9,-23.45353,-46.50413
225.8,0.2992,3.080,767.0,-23.45350,-46.50417
225.9,0.2956,3.080,766.8,-23.45346,-46.50421
226.0,0.2927,3.080,766.6,-23.45343,-46.50425
226.1,0.2904,3.080,766.5,-23.45339,-46.50428
226.2,0.2886,3.080,766.4,-23.45336,-46.50432
226.3,0.2858,3.080,766.2,-23.45332,-46.50435
226.4,0.2783,3.080,765.8,-23.45329,-46.50439
226.5,0.2714,3.080,765.5,-23.45325,-46.50443
226.6,0.2700,3.000,765.0,-23.45272,-46.50389
226.7,0.2683,3.000,764.9,-23.45269,-46.50393
226.8,0.2674,2.980,764.8,-23.45253,-46.50382
226.9,0.2698,2.980,764.9,-23.45250,-46.50386
227.0,0.2770,3.440,767.7,-23.45529,-46.50719
227.1,0.2817,3.440,768.0,-23.45525,-46.50723
227.2,0.2793,3.440,767.8,-23.45521,-46.50727
227.3,0.2769,3.440,767.7,-23.45517,-46.50731
227.4,0.2809,3.420,767.8,-23.45501,-46.50721
227.5,0.2774,3.420,767.6,-23.45497,-46.50725
227.6,0.2704,3.420,767.2,-23.45493,-46.50729
227.7,0.2708,2.940,764.7,-23.45198,-46.50384
227.8,0.2751,2.940,764.9,-23.45195,-46.50388
227.9,0.2781,2.940,765.1,-23.45191,-46.50391
228.0,0.2790,2.940,765.1,-23.45188,-46.50394
228.1,0.2832,2.920,765.3,-23.45172,-46.50383
228.2,0.2913,2.920,765.7,-23.45169,-46.50386
228.3,0.2942,2.920,765.8,-23.45165,-46.50390
228.4,0.2837,2.920,765.3,-23.45162,-46.50393
228.5,0.2748,2.920,764.8,-23.45159,-46.50396
228.6,0.2677,2.920,764.5,-23.45155,-46.50400
228.7,0.2638,3.400,766.7,-23.45437,-46.50757
228.8,0.2638,3.400,766.7,-23.45433,-46.50761
228.9,0.2658,3.400,766.8,-23.45429,-46.50765
229.0,0.2698,3.400,767.0,-23.45425,-46.50768
229.1,0.2758,3.400,767.4,-23.45421,-46.50772
229.2,0.2838,3.400,767.9,-23.45417,-46.50776
229.3,0.2820,2.940,765.3,-23.45143,-46.50438
229.4,0.2903,2.940,765.7,-23.45139,-46.50441
229.5,0.2952,2.940,766.0,-23.45136,-46.50444
229.6,0.2991,2.960,766.3,-23.45144,-46.50462
229.7,0.3063,2.960,766.7,-23.45140,-46.50466
229.8,0.3119,2.960,766.9,-23.45137,-46.50469
229.9,0.3168,2.960,767.2,-23.45133,-46.50472
230.0,0.3186,2.960,767.3,-23.45130,-46.50475
230.1,0.3209,2.940,767.3,-23.45115,-46.50464
230.2,0.3269,2.940,767.6,-23.45111,-46.50467
230.3,0.3266,2.940,767.6,-23.45107,-46.50470
230.4,0.3241,2.940,767.5,-23.45104,-46.50473
230.5,0.3188,2.940,767.2,-23.45100,-46.50476
230.6,0.3157,2.960,767.1,-23.45108,-46.50495
230.7,0.3136,2.960,767.0,-23.45105,-46.50498
230.8,0.3123,2.960,767.0,-23.45101,-46.50501
230.9,0.3113,2.960,766.9,-23.45097,-46.50504
231.0,0.3109,2.960,766.9,-23.45094,-46.50508
231.1,0.3121,2.940,766.8,-23.45079,-46.50496
231.2,0.3143,2.940,767.0,-23.45075,-46.50499
231.3,0.3152,2.940,767.0,-23.45072,-46.50502
231.4,0.3160,2.880,766.7,-23.45034,-46.50459
231.5,0.3326,2.780,766.9,-23.44975,-46.50385
231.6,0.3496,2.780,767.7,-23.44971,-46.50388
231.7,0.3652,2.800,768.6,-23.44979,-46.50407
231.8,0.3846,2.800,769.6,-23.44976,-46.50410
231.9,0.4046,2.800,770.5,-23.44972,-46.50413
232.0,0.4083,2.800,770.7,-23.44969,-46.50415
232.1,0.4184,2.820,771.4,-23.44976,-46.50434
232.2,0.4381,2.820,772.3,-23.44973,-46.50437
232.3,0.4461,2.820,772.7,-23.44969,-46.50440
232.4,0.4532,2.820,773.1,-23.44966,-46.50443
232.5,0.4565,2.820,773.3,-23.44962,-46.50446
232.6,0.4536,2.820,773.1,-23.44959,-46.50449
232.7,0.4504,2.800,772.8,-23.44944,-46.50436
232.8,0.4600,2.800,773.3,-23.44941,-46.50439
232.9,0.4684,2.800,773.7,-23.44937,-46.50442
233.0,0.4749,2.800,774.0,-23.44934,-46.50445
233.1,0.4707,2.800,773.8,-23.44930,-46.50448
233.2,0.4677,2.800,773.6,-23.44927,-46.50450
233.3,0.4686,2.780,773.5,-23.44912,-46.50438
233.4,0.4728,2.780,773.7,-23.44909,-46.50440
233.5,0.4770,2.780,773.9,-23.44905,-46.50443
233.6,0.4795,2.780,774.0,-23.44902,-46.50446
233.7,0.4820,2.780,774.2,-23.44898,-46.50449
233.8,0.4861,2.780,774.4,-23.44895,-46.50452
233.9,0.4918,2.780,774.6,-23.44891,-46.50455
234.0,0.4954,2.780,774.8,-23.44888,-46.50457
234.1,0.5015,2.800,775.3,-23.44895,-46.50476
234.2,0.5070,2.800,775.5,-23.44891,-46.50479
234.3,0.5074,2.800,775.6,-23.44888,-46.50482
234.4,0.5001,2.800,775.2,-23.44884,-46.50484
234.5,0.4928,2.800,774.9,-23.44881,-46.50487
234.6,0.4893,2.820,774.9,-23.44887,-46.50506
234.7,0.4821,2.820,774.5,-23.44884,-46.50509
234.8,0.4861,2.840,774.9,-23.44890,-46.50528
234.9,0.4859,2.740,774.0,-23.44835,-46.50450
235.0,0.4920,2.760,774.5,-23.44842,-46.50469
235.1,0.4987,2.760,774.8,-23.44838,-46.50472
235.2,0.4962,2.760,774.7,-23.44835,-46.50474
235.3,0.4894,2.720,774.0,-23.44811,-46.50445
235.4,0.4838,2.720,773.7,-23.44807,-46.50447
235.5,0.4727,2.720,773.2,-23.44804,-46.50450
235.6,0.4597,2.720,772.6,-23.44800,-46.50453
235.7,0.4565,3.320,777.4,-23.45101,-46.50942
235.8,0.4569,3.320,777.5,-23.45097,-46.50945
235.9,0.4537,3.320,777.3,-23.45092,-46.50948
236.0,0.4547,2.760,772.7,-23.44806,-46.50496
236.1,0.4549,2.760,772.7,-23.44803,-46.50498
236.2,0.4513,2.760,772.5,-23.44799,-46.50501
236.3,0.4467,3.320,776.9,-23.45075,-46.50961
236.4,0.4465,3.320,776.9,-23.45071,-46.50964
236.5,0.4469,3.320,776.9,-23.45066,-46.50967
236.6,0.4487,3.380,777.5,-23.45092,-46.51019
236.7,0.4522,3.380,777.7,-23.45087,-46.51023
236.8,0.4555,3.380,777.9,-23.45083,-46.51026
236.9,0.4600,3.300,777.5,-23.45039,-46.50963
237.0,0.4684,3.300,778.0,-23.45035,-46.50966
237.1,0.4781,3.300,778.5,-23.45030,-46.50969
237.2,0.4828,3.300,778.8,-23.45026,-46.50972
237.3,0.4706,3.300,778.1,-23.45022,-46.50975
237.4,0.4609,3.300,777.5,-23.45017,-46.50979
237.5,0.4535,3.300,777.1,-23.45013,-46.50982
237.6,0.4542,3.400,778.0,-23.45057,-46.51067
237.7,0.4553,3.240,776.7,-23.44975,-46.50938
237.8,0.4583,3.240,776.9,-23.44971,-46.50941
237.9,0.4602,3.240,777.0,-23.44967,-46.50944
238.0,0.4610,3.200,776.7,-23.44943,-46.50913
238.1,0.4694,3.200,777.2,-23.44939,-46.50916
238.2,0.4734,3.200,777.4,-23.44935,-46.50919
238.3,0.4774,3.200,777.6,-23.44930,-46.50922
238.4,0.4819,3.200,777.9,-23.44926,-46.50925
238.5,0.4870,3.200,778.1,-23.44922,-46.50928
238.6,0.4926,3.200,778.5,-23.44918,-46.50931
238.7,0.4919,3.200,778.4,-23.44913,-46.50934
238.8,0.4980,3.040,777.3,-23.44834,-46.50802
238.9,0.5003,3.040,777.4,-23.44830,-46.50805
239.0,0.4933,3.060,777.2,-23.44835,-46.50824
239.1,0.4901,3.060,777.1,-23.44831,-46.50827
239.2,0.4823,3.060,776.6,-23.44827,-46.50830
239.3,0.4788,3.240,778.0,-23.44906,-46.50984
239.4,0.4783,3.240,778.0,-23.44901,-46.50987
239.5,0.4802,3.240,778.1,-23.44897,-46.50990
239.6,0.4886,3.120,777.5,-23.44838,-46.50891
239.7,0.4968,3.120,778.0,-23.44834,-46.50894
239.8,0.4957,3.120,777.9,-23.44830,-46.50896
239.9,0.4989,3.080,777.7,-23.44807,-46.50865
240.0,0.5003,3.080,777.8,-23.44803,-46.50868
240.1,0.5057,3.040,777.7,-23.44781,-46.50836
240.2,0.5106,3.040,778.0,-23.44777,-46.50839
240.3,0.5078,3.040,777.8,-23.44773,-46.50842
240.4,0.5075,3.060,778.0,-23.44777,-46.50861
240.5,0.5053,3.060,777.9,-23.44773,-46.50864
240.6,0.5043,3.080,778.0,-23.44778,-46.50883
240.7,0.5066,3.080,778.1,-23.44774,-46.50886
240.8,0.5099,3.080,778.3,-23.44769,-46.50889
240.9,0.5128,3.080,778.5,-23.44765,-46.50891
241.0,0.5156,3.080,778.6,-23.44761,-46.50894
241.1,0.5201,3.020,778.3,-23.44731,-46.50845
241.2,0.5281,3.020,778.7,-23.44726,-46.50847
241.3,0.5372,3.020,779.2,-23.44722,-46.50850
241.4,0.5417,3.040,779.6,-23.44727,-46.50869
241.5,0.5486,3.040,780.0,-23.44723,-46.50872
241.6,0.5450,3.040,779.8,-23.44718,-46.50874
241.7,0.5414,3.060,779.8,-23.44723,-46.50894
241.8,0.5381,3.060,779.6,-23.44718,-46.50897
241.9,0.5349,3.040,779.3,-23.44706,-46.50882
242.0,0.5379,3.120,780.2,-23.44735,-46.50954
242.1,0.5425,3.120,780.4,-23.44731,-46.50956
242.2,0.5486,3.120,780.8,-23.44727,-46.50959
242.3,0.5563,3.120,781.2,-23.44722,-46.50961
242.4,0.5593,3.140,781.6,-23.44726,-46.50981
242.5,0.5668,3.140,782.0,-23.44722,-46.50983
242.6,0.5610,3.140,781.7,-23.44718,-46.50986
242.7,0.5553,3.140,781.3,-23.44713,-46.50988
242.8,0.5580,3.040,780.5,-23.44668,-46.50904
242.9,0.5597,3.040,780.6,-23.44663,-46.50906
243.0,0.5802,2.920,780.4,-23.44610,-46.50803
243.1,0.5848,2.920,780.6,-23.44606,-46.50806
243.2,0.5780,2.920,780.3,-23.44602,-46.50808
243.3,0.5716,2.920,780.0,-23.44598,-46.50810
243.4,0.5734,2.960,780.5,-23.44610,-46.50848
243.5,0.5721,2.960,780.4,-23.44606,-46.50850
243.6,0.5736,2.880,779.6,-23.44569,-46.50782
243.7,0.5839,2.880,780.2,-23.44565,-46.50784
243.8,0.5942,2.880,780.7,-23.44561,-46.50786
243.9,0.6045,2.880,781.2,-23.44557,-46.50788
244.0,0.6073,2.880,781.3,-23.44553,-46.50790
244.1,0.6042,2.880,781.2,-23.44549,-46.50793
244.2,0.6007,2.880,781.0,-23.44545,-46.50795
244.3,0.5967,2.880,780.8,-23.44541,-46.50797
244.4,0.5923,2.880,780.6,-23.44537,-46.50799
244.5,0.5874,2.880,780.3,-23.44533,-46.50801
244.6,0.5836,2.860,779.9,-23.44521,-46.50786
244.7,0.5822,2.860,779.9,-23.44517,-46.50788
244.8,0.5804,2.860,779.8,-23.44513,-46.50790
244.9,0.5835,2.840,779.7,-23.44501,-46.50774
245.0,0.5888,2.840,780.0,-23.44497,-46.50776
245.1,0.5940,2.840,780.2,-23.44493,-46.50778
245.2,0.5948,2.840,780.3,-23.44489,-46.50780
245.3,0.5952,2.840,780.3,-23.44485,-46.50782
245.4,0.5963,2.820,780.1,-23.44473,-46.50766
245.5,0.5967,2.820,780.2,-23.44469,-46.50768
245.6,0.5944,2.820,780.0,-23.44465,-46.50770
245.7,0.5916,2.820,779.9,-23.44461,-46.50772
245.8,0.5884,2.820,779.7,-23.44457,-46.50774
245.9,0.5848,2.820,779.6,-23.44453,-46.50776
246.0,0.5801,2.820,779.3,-23.44449,-46.50778
246.1,0.5742,2.820,779.0,-23.44445,-46.50780
246.2,0.5794,2.800,779.1,-23.44434,-46.50764
246.3,0.5860,2.800,779.4,-23.44430,-46.50766
246.4,0.5931,2.800,779.8,-23.44426,-46.50768
246.5,0.6006,2.800,780.1,-23.44422,-46.50770
246.6,0.6085,2.800,780.5,-23.44418,-46.50772
246.7,0.6142,2.800,780.8,-23.44414,-46.50774
246.8,0.6198,2.800,781.1,-23.44410,-46.50776
246.9,0.6262,2.800,781.4,-23.44406,-46.50778
247.0,0.6258,2.800,781.4,-23.44402,-46.50779
247.1,0.6237,2.800,781.3,-23.44397,-46.50781
247.2,0.6209,2.800,781.1,-23.44393,-46.50783
247.3,0.6173,2.800,780.9,-23.44389,-46.50785
247.4,0.6076,2.800,780.5,-23.44385,-46.50787
247.5,0.5986,2.800,780.0,-23.44381,-46.50789
247.6,0.5917,2.780,779.5,-23.44370,-46.50772
247.7,0.5871,2.780,779.3,-23.44366,-46.50774
247.8,0.5816,2.780,779.0,-23.44362,-46.50776
247.9,0.5786,2.800,779.1,-23.44365,-46.50796
248.0,0.5771,2.800,779.0,-23.44361,-46.50798
248.1,0.5705,2.800,778.7,-23.44357,-46.50800
248.2,0.5642,2.800,778.3,-23.44353,-46.50801
248.3,0.5584,2.800,778.1,-23.44349,-46.50803
248.4,0.5528,2.800,777.8,-23.44345,-46.50805
248.5,0.5435,2.800,777.3,-23.44340,-46.50807
248.6,0.5323,2.800,776.8,-23.44336,-46.50808
248.7,0.5276,2.780,776.4,-23.44326,-46.50792
248.8,0.5268,2.780,776.3,-23.44322,-46.50794
248.9,0.5279,2.740,776.0,-23.44305,-46.50759
249.0,0.5279,2.740,776.0,-23.44301,-46.50760
249.1,0.5279,2.740,776.0,-23.44297,-46.50762
249.2,0.5279,2.740,776.0,-23.44293,-46.50764
249.3,0.5279,2.740,776.0,-23.44289,-46.50765
249.4,0.5279,2.740,776.0,-23.44284,-46.50767
249.5,0.5375,2.720,776.3,-23.44274,-46.50750
249.6,0.5436,2.720,776.6,-23.44270,-46.50752
249.7,0.5496,2.720,776.8,-23.44266,-46.50754
249.8,0.5557,2.720,777.1,-23.44262,-46.50755
249.9,0.5618,2.720,777.4,-23.44258,-46.50757
250.0,0.5679,2.720,777.7,-23.44254,-46.50758
250.1,0.5740,2.720,778.0,-23.44250,-46.50760
250.2,0.5689,2.720,777.8,-23.44246,-46.50762
250.3,0.5645,2.720,777.5,-23.44242,-46.50763
250.4,0.5722,3.280,783.7,-23.44407,-46.51282
250.5,0.5874,3.280,784.6,-23.44402,-46.51284
250.6,0.6027,3.280,785.5,-23.44397,-46.51286
250.7,0.6180,3.280,786.4,-23.44392,-46.51288
250.8,0.6268,3.280,786.9,-23.44388,-46.51290
250.9,0.6177,3.280,786.3,-23.44383,-46.51292
251.0,0.6085,3.280,785.8,-23.44378,-46.51294
251.1,0.5993,3.280,785.3,-23.44373,-46.51295
251.2,0.5901,3.280,784.8,-23.44368,-46.51297
251.3,0.5809,3.280,784.2,-23.44363,-46.51299
251.4,0.5725,2.720,777.9,-23.44198,-46.50780
251.5,0.5733,2.720,778.0,-23.44194,-46.50781
251.6,0.5808,2.720,778.3,-23.44190,-46.50783
251.7,0.5880,2.720,778.7,-23.44185,-46.50784
251.8,0.5948,2.720,779.0,-23.44181,-46.50786
251.9,0.6038,2.700,779.2,-23.44172,-46.50769
252.0,0.6164,2.700,779.8,-23.44168,-46.50770
252.1,0.6153,2.700,779.7,-23.44164,-46.50771
252.2,0.6134,2.720,779.9,-23.44165,-46.50792
252.3,0.6042,2.720,779.4,-23.44161,-46.50793
252.4,0.5959,2.720,779.0,-23.44157,-46.50794
252.5,0.5885,2.720,778.7,-23.44153,-46.50796
252.6,0.5821,2.720,778.4,-23.44149,-46.50797
252.7,0.5766,2.720,778.1,-23.44145,-46.50799
252.8,0.5720,2.720,777.9,-23.44141,-46.50800
252.9,0.5706,2.720,777.8,-23.44137,-46.50801
253.0,0.5714,2.720,777.9,-23.44132,-46.50803
253.1,0.5726,2.720,777.9,-23.44128,-46.50804
253.2,0.5739,2.720,778.0,-23.44124,-46.50805
253.3,0.5744,2.720,778.0,-23.44120,-46.50807
253.4,0.5753,2.720,778.1,-23.44116,-46.50808
253.5,0.5794,2.740,778.5,-23.44117,-46.50828
253.6,0.5864,2.960,781.1,-23.44169,-46.51037
253.7,0.5953,2.960,781.6,-23.44164,-46.51038
253.8,0.6054,2.980,782.3,-23.44165,-46.51058
253.9,0.6183,2.980,783.0,-23.44160,-46.51060
254.0,0.6309,2.980,783.7,-23.44156,-46.51061
254.1,0.6432,2.980,784.3,-23.44151,-46.51063
254.2,0.6551,2.980,784.9,-23.44147,-46.51064
254.3,0.6668,2.980,785.5,-23.44142,-46.51065
254.4,0.6769,2.980,786.1,-23.44138,-46.51067
254.5,0.6817,2.980,786.3,-23.44133,-46.51068
254.6,0.6907,2.960,786.5,-23.44124,-46.51051
254.7,0.6997,2.960,787.0,-23.44120,-46.51052
254.8,0.7088,2.960,787.5,-23.44115,-46.51053
254.9,0.7178,2.960,787.9,-23.44111,-46.51055
255.0,0.7260,2.960,788.3,-23.44106,-46.51056
255.1,0.7320,2.960,788.7,-23.44102,-46.51057
255.2,0.7386,2.960,789.0,-23.44097,-46.51058
255.3,0.7459,2.960,789.4,-23.44093,-46.51060
255.4,0.7537,2.960,789.8,-23.44088,-46.51061
255.5,0.7620,2.960,790.2,-23.44084,-46.51062
255.6,0.7705,2.980,790.9,-23.44084,-46.51083
255.7,0.7768,2.980,791.3,-23.44079,-46.51084
255.8,0.7800,2.980,791.4,-23.44075,-46.51085
255.9,0.7837,2.960,791.3,-23.44066,-46.51067
256.0,0.7897,2.960,791.6,-23.44061,-46.51069
256.1,0.7960,2.960,792.0,-23.44057,-46.51070
256.2,0.7915,2.960,791.7,-23.44052,-46.51071
256.3,0.7829,2.960,791.3,-23.44048,-46.51072
256.4,0.7737,2.960,790.8,-23.44043,-46.51073
256.5,0.7640,2.960,790.3,-23.44039,-46.51075
256.6,0.7537,2.960,789.8,-23.44034,-46.51076
256.7,0.7437,2.940,789.0,-23.44025,-46.51058
256.8,0.7432,2.940,789.0,-23.44021,-46.51059
256.9,0.7425,2.940,788.9,-23.44016,-46.51060
257.0,0.7415,2.940,788.9,-23.44012,-46.51061
257.1,0.7403,2.940,788.8,-23.44007,-46.51062
257.2,0.7412,2.920,788.6,-23.43999,-46.51044
257.3,0.7436,2.840,787.7,-23.43979,-46.50969
257.4,0.7475,2.840,787.8,-23.43974,-46.50970
257.5,0.7514,2.840,788.0,-23.43970,-46.50971
257.6,0.7554,2.840,788.2,-23.43966,-46.50972
257.7,0.7584,2.840,788.4,-23.43961,-46.50973
257.8,0.7610,2.840,788.5,-23.43957,-46.50974
257.9,0.7635,2.840,788.6,-23.43952,-46.50975
258.0,0.7657,2.840,788.7,-23.43948,-46.50976
258.1,0.7673,2.840,788.8,-23.43944,-46.50977
258.2,0.7685,2.780,788.1,-23.43928,-46.50921
258.3,0.7727,2.780,788.3,-23.43924,-46.50922
258.4,0.7762,2.780,788.4,-23.43920,-46.50922
258.5,0.7765,2.780,788.4,-23.43915,-46.50923
258.6,0.7722,2.880,789.6,-23.43929,-46.51021
258.7,0.7739,2.880,789.7,-23.43925,-46.51022
258.8,0.7754,2.880,789.8,-23.43920,-46.51022
258.9,0.7791,2.820,789.1,-23.43905,-46.50966
259.0,0.7849,2.800,789.1,-23.43897,-46.50947
259.1,0.7940,2.800,789.6,-23.43893,-46.50948
259.2,0.8025,2.800,790.0,-23.43889,-46.50949
259.3,0.7968,2.800,789.7,-23.43885,-46.50950
259.4,0.7925,2.820,789.8,-23.43884,-46.50970
259.5,0.7955,2.840,790.2,-23.43882,-46.50990
259.6,0.7993,2.840,790.4,-23.43878,-46.50991
259.7,0.8037,2.840,790.6,-23.43874,-46.50992
259.8,0.8087,2.840,790.9,-23.43869,-46.50993
259.9,0.8143,2.840,791.2,-23.43865,-46.50994
260.0,0.8198,2.840,791.4,-23.43860,-46.50995
260.1,0.8216,2.840,791.5,-23.43856,-46.50996
260.2,0.8234,2.840,791.6,-23.43852,-46.50996
260.3,0.8252,2.840,791.7,-23.43847,-46.50997
260.4,0.8270,2.840,791.8,-23.43843,-46.50998
260.5,0.8308,2.860,792.3,-23.43841,-46.51018
260.6,0.8354,2.860,792.5,-23.43837,-46.51019
260.7,0.8387,2.860,792.7,-23.43833,-46.51020
260.8,0.8336,2.860,792.4,-23.43828,-46.51021
260.9,0.8284,2.860,792.2,-23.43824,-46.51021
261.0,0.8230,2.860,791.9,-23.43819,-46.51022
261.1,0.8175,2.860,791.6,-23.43815,-46.51023
261.2,0.8129,2.840,791.1,-23.43808,-46.51004
261.3,0.8097,2.840,790.9,-23.43803,-46.51005
261.4,0.8072,2.840,790.8,-23.43799,-46.51006
261.5,0.8049,2.840,790.7,-23.43794,-46.51006
261.6,0.8049,2.860,791.0,-23.43793,-46.51027
261.7,0.8051,2.860,791.0,-23.43788,-46.51027
261.8,0.8052,2.860,791.0,-23.43784,-46.51028
261.9,0.8047,2.860,791.0,-23.43779,-46.51029
262.0,0.8044,2.860,791.0,-23.43775,-46.51029
262.1,0.8045,2.860,791.0,-23.43770,-46.51030
262.2,0.8050,2.860,791.0,-23.43766,-46.51031
262.3,0.8058,2.860,791.0,-23.43761,-46.51031
262.4,0.8068,2.860,791.1,-23.43757,-46.51032
262.5,0.8108,2.880,791.6,-23.43755,-46.51052
262.6,0.8169,2.880,791.9,-23.43750,-46.51053
262.7,0.8152,2.880,791.8,-23.43746,-46.51053
262.8,0.8125,2.880,791.7,-23.43741,-46.51054
262.9,0.8097,2.880,791.5,-23.43737,-46.51055
263.0,0.8070,2.860,791.1,-23.43730,-46.51036
263.1,0.8061,2.860,791.0,-23.43726,-46.51036
263.2,0.8053,2.860,791.0,-23.43721,-46.51037
263.3,0.8053,2.860,791.0,-23.43717,-46.51037
263.4,0.8053,2.860,791.0,-23.43712,-46.51038
263.5,0.8053,2.860,791.0,-23.43708,-46.51039
263.6,0.8053,2.860,791.0,-23.43703,-46.51039
263.7,0.8053,2.860,791.0,-23.43699,-46.51040
263.8,0.8053,2.860,791.0,-23.43695,-46.51040
263.9,0.8021,2.860,790.8,-23.43690,-46.51041
264.0,0.7989,2.860,790.7,-23.43686,-46.51041
264.1,0.7957,2.860,790.5,-23.43681,-46.51042
264.2,0.7925,2.860,790.4,-23.43677,-46.51042
264.3,0.7895,2.840,789.9,-23.43670,-46.51023
264.4,0.7879,2.840,789.8,-23.43666,-46.51024
264.5,0.7879,2.840,789.8,-23.43662,-46.51024
264.6,0.7886,2.860,790.2,-23.43659,-46.51044
264.7,0.7907,2.860,790.3,-23.43654,-46.51045
264.8,0.7928,2.860,790.4,-23.43650,-46.51045
264.9,0.7951,2.860,790.5,-23.43645,-46.51046
265.0,0.7975,2.860,790.6,-23.43641,-46.51046
265.1,0.7969,2.860,790.6,-23.43636,-46.51046
265.2,0.7939,2.860,790.4,-23.43632,-46.51047
265.3,0.7910,2.860,790.3,-23.43627,-46.51047
265.4,0.7881,2.860,790.1,-23.43623,-46.51048
265.5,0.7851,2.860,790.0,-23.43618,-46.51048
265.6,0.7822,2.860,789.8,-23.43614,-46.51048
265.7,0.7842,2.920,790.8,-23.43614,-46.51107
265.8,0.7848,2.920,790.8,-23.43609,-46.51108
265.9,0.7863,2.880,790.3,-23.43602,-46.51069
266.0,0.7896,2.880,790.5,-23.43597,-46.51069
266.1,0.7928,2.880,790.7,-23.43593,-46.51070
266.2,0.7960,2.880,790.8,-23.43588,-46.51070
266.3,0.7993,2.880,791.0,-23.43584,-46.51070
266.4,0.7953,2.880,790.8,-23.43579,-46.51071
266.5,0.7906,2.880,790.6,-23.43575,-46.51071
266.6,0.7861,2.880,790.3,-23.43570,-46.51071
266.7,0.7832,2.900,790.5,-23.43567,-46.51091
266.8,0.7829,2.920,790.7,-23.43563,-46.51111
266.9,0.7859,2.920,790.9,-23.43559,-46.51111
267.0,0.7877,2.920,791.0,-23.43554,-46.51112
267.1,0.8105,16.100,995.7,-23.44142,-46.64030
267.2,0.8352,16.120,1003.0,-23.44118,-46.64051
267.3,0.8462,15.080,988.6,-23.44049,-46.63033
267.4,0.8839,15.140,999.5,-23.44028,-46.63093
267.5,0.9071,15.100,1004.9,-23.44003,-46.63055
267.6,0.9094,15.120,1005.9,-23.43980,-46.63075
267.7,0.9024,15.120,1004.1,-23.43956,-46.63076
267.8,0.8940,15.800,1013.9,-23.43955,-46.63744
267.9,0.9021,15.800,1016.1,-23.43930,-46.63745
268.0,0.9021,15.840,1016.8,-23.43907,-46.63785
268.1,0.9060,15.860,1018.3,-23.43882,-46.63806
268.2,0.8950,15.860,1015.2,-23.43858,-46.63807
268.3,0.8807,15.840,1010.9,-23.43832,-46.63788
268.4,0.9000,15.400,1008.4,-23.43797,-46.63357
268.5,0.9194,15.380,1013.3,-23.43772,-46.63338
268.6,0.9386,15.380,1018.4,-23.43748,-46.63339
268.7,0.9563,15.400,1023.5,-23.43724,-46.63359
268.8,0.9846,15.400,1031.2,-23.43700,-46.63359
268.9,1.0087,15.400,1037.6,-23.43676,-46.63360
269.0,1.0275,15.400,1042.7,-23.43651,-46.63360
269.1,1.0454,15.400,1047.5,-23.43627,-46.63361
269.2,1.0616,15.400,1051.9,-23.43603,-46.63361
269.3,1.0737,15.400,1055.1,-23.43579,-46.63361
269.4,1.0957,15.400,1061.0,-23.43555,-46.63362
269.5,1.0989,15.400,1061.9,-23.43530,-46.63362
269.6,1.0991,13.980,1031.8,-23.43499,-46.61969
269.7,1.1045,13.880,1031.0,-23.43476,-46.61871
269.8,1.1164,13.880,1033.9,-23.43454,-46.61871
269.9,1.1516,14.180,1049.1,-23.43433,-46.62165
270.0,1.1821,14.200,1057.1,-23.43410,-46.62185
270.1,1.2112,14.200,1064.3,-23.43388,-46.62185
270.2,1.2102,14.200,1064.1,-23.43366,-46.62185
270.3,1.2168,14.200,1065.7,-23.43344,-46.62185
270.4,1.2316,14.180,1068.9,-23.43321,-46.62165
270.5,1.2519,14.180,1073.9,-23.43299,-46.62165
270.6,1.2666,14.180,1077.5,-23.43277,-46.62164
270.7,1.2693,13.840,1070.0,-23.43259,-46.61830
270.8,1.2821,13.840,1073.1,-23.43237,-46.61830
270.9,1.2895,13.840,1074.9,-23.43215,-46.61830
271.0,1.2922,13.820,1075.1,-23.43194,-46.61810
271.1,1.3011,13.820,1077.2,-23.43172,-46.61809
271.2,1.3015,13.820,1077.3,-23.43150,-46.61809
271.3,1.2912,13.820,1074.8,-23.43129,-46.61808
271.4,1.2728,13.840,1070.9,-23.43106,-46.61827
271.5,1.2410,13.840,1063.2,-23.43085,-46.61827
271.6,1.2346,13.820,1061.2,-23.43063,-46.61806
271.7,1.2484,13.820,1064.5,-23.43042,-46.61806
271.8,1.2671,13.820,1069.0,-23.43020,-46.61805
271.9,1.2795,13.820,1072.0,-23.42998,-46.61804
272.0,1.2889,13.820,1074.3,-23.42977,-46.61803
272.1,1.3011,13.820,1077.2,-23.42955,-46.61802
272.2,1.3170,13.940,1084.1,-23.42929,-46.61919
272.3,1.3271,13.940,1086.5,-23.42907,-46.61918
272.4,1.3238,13.940,1085.7,-23.42885,-46.61917
272.5,1.3202,13.960,1085.3,-23.42862,-46.61936
272.6,1.3302,13.960,1087.8,-23.42841,-46.61935
272.7,1.3406,13.960,1090.3,-23.42819,-46.61933
272.8,1.3495,13.980,1093.0,-23.42796,-46.61952
272.9,1.3584,13.980,1095.2,-23.42774,-46.61951
273.0,1.3603,13.980,1095.6,-23.42752,-46.61949
273.1,1.3376,13.980,1090.1,-23.42730,-46.61948
273.2,1.3185,13.980,1085.4,-23.42708,-46.61947
273.3,1.3086,13.980,1083.0,-23.42686,-46.61945
273.4,1.3096,13.980,1083.2,-23.42664,-46.61944
273.5,1.3199,13.960,1085.3,-23.42643,-46.61923
273.6,1.3363,13.980,1089.8,-23.42620,-46.61941
273.7,1.3536,14.000,1094.5,-23.42597,-46.61959
273.8,1.3716,14.020,1099.4,-23.42574,-46.61977
273.9,1.3921,14.020,1104.4,-23.42552,-46.61975
274.0,1.4105,14.040,1109.5,-23.42529,-46.61993
274.1,1.4306,14.360,1123.0,-23.42486,-46.62305
274.2,1.4636,14.360,1131.3,-23.42463,-46.62303
274.3,1.4764,14.360,1134.5,-23.42441,-46.62301
274.4,1.4852,14.020,1127.2,-23.42442,-46.61967
274.5,1.5012,14.340,1140.2,-23.42397,-46.62278
274.6,1.5336,14.340,1148.3,-23.42375,-46.62276
274.7,1.5785,14.360,1160.1,-23.42351,-46.62293
274.8,1.6199,14.360,1170.5,-23.42328,-46.62291
274.9,1.6483,14.360,1177.6,-23.42306,-46.62289
275.0,1.6638,14.340,1180.9,-23.42285,-46.62267
275.1,1.6619,14.320,1179.8,-23.42264,-46.62246
275.2,1.6564,14.300,1177.8,-23.42244,-46.62224
275.3,1.6584,14.280,1177.7,-23.42223,-46.62202
275.4,1.6343,14.260,1171.1,-23.42202,-46.62180
275.5,1.5975,14.260,1161.9,-23.42180,-46.62178
275.6,1.5496,14.240,1149.4,-23.42159,-46.62156
275.7,1.5128,14.200,1139.1,-23.42141,-46.62115
275.8,1.5329,14.200,1144.1,-23.42119,-46.62112
275.9,1.5566,14.200,1150.0,-23.42096,-46.62110
276.0,1.5707,14.220,1154.0,-23.42072,-46.62127
276.1,1.5683,14.240,1154.0,-23.42048,-46.62144
276.2,1.5668,14.240,1153.7,-23.42026,-46.62141
276.3,1.5571,14.240,1151.2,-23.42004,-46.62138
276.4,1.5516,14.300,1151.6,-23.41975,-46.62194
276.5,1.5797,14.140,1153.9,-23.41969,-46.62035
276.6,1.6183,14.140,1163.4,-23.41947,-46.62032
276.7,1.6451,14.120,1169.5,-23.41927,-46.62010
276.8,1.6596,14.100,1172.4,-23.41907,-46.61988
276.9,1.6597,14.080,1171.8,-23.41888,-46.61965
277.0,1.6454,14.080,1168.3,-23.41866,-46.61962
277.1,1.6296,14.080,1164.4,-23.41844,-46.61959
277.2,1.6213,14.100,1163.0,-23.41820,-46.61976
277.3,1.6409,14.140,1169.0,-23.41793,-46.62012
277.4,1.6539,14.140,1172.2,-23.41771,-46.62009
277.5,1.6716,14.480,1187.2,-23.41709,-46.62336
277.6,1.6952,14.480,1193.2,-23.41686,-46.62333
277.7,1.7054,14.460,1195.1,-23.41666,-46.62310
277.8,1.7018,14.460,1194.2,-23.41643,-46.62307
277.9,1.6998,14.480,1194.3,-23.41618,-46.62323
278.0,1.6930,14.480,1192.6,-23.41596,-46.62319
278.1,1.6852,14.480,1190.7,-23.41573,-46.62316
278.2,1.6799,14.500,1189.9,-23.41548,-46.62332
278.3,1.6776,14.500,1189.3,-23.41526,-46.62328
278.4,1.6648,14.480,1185.5,-23.41506,-46.62305
278.5,1.6543,14.500,1183.5,-23.41481,-46.62321
278.6,1.6462,14.500,1181.4,-23.41458,-46.62317
278.7,1.6405,14.500,1180.0,-23.41436,-46.62313
278.8,1.6357,14.500,1178.7,-23.41413,-46.62310
278.9,1.6453,13.540,1151.8,-23.41525,-46.61375
279.0,1.6552,13.560,1154.7,-23.41501,-46.61391
279.1,1.6411,13.540,1150.8,-23.41483,-46.61368
279.2,1.6340,13.560,1149.7,-23.41459,-46.61384
279.3,1.6407,13.580,1151.9,-23.41435,-46.61399
279.4,1.6500,13.560,1153.5,-23.41417,-46.61376
279.5,1.6596,13.580,1156.4,-23.41393,-46.61392
279.6,1.6612,13.560,1156.1,-23.41375,-46.61368
279.7,1.6594,13.600,1156.9,-23.41348,-46.61403
279.8,1.6682,13.620,1159.6,-23.41324,-46.61419
279.9,1.6750,12.200,1117.2,-23.41524,-46.60042
280.0,1.6909,12.220,1121.2,-23.41502,-46.60058
280.1,1.7046,12.200,1123.5,-23.41486,-46.60035
280.2,1.7157,12.200,1125.9,-23.41467,-46.60031
280.3,1.7160,12.200,1126.0,-23.41448,-46.60027
280.4,1.7046,12.200,1123.5,-23.41429,-46.60024
280.5,1.6835,12.200,1119.0,-23.41410,-46.60020
280.6,1.6531,12.200,1112.6,-23.41392,-46.60016
280.7,1.6065,12.200,1102.6,-23.41373,-46.60012
280.8,1.5585,12.200,1092.4,-23.41354,-46.60008
280.9,1.5330,13.640,1128.0,-23.41089,-46.61391
281.0,1.5213,13.360,1117.3,-23.41116,-46.61117
281.1,1.5378,13.320,1120.0,-23.41102,-46.61074
281.2,1.5506,13.320,1123.0,-23.41082,-46.61070
281.3,1.5506,13.320,1123.0,-23.41061,-46.61066
281.4,1.5529,13.340,1124.1,-23.41037,-46.61080
281.5,1.5457,13.340,1122.4,-23.41017,-46.61076
281.6,1.5316,13.320,1118.6,-23.41000,-46.61052
281.7,1.5182,13.420,1118.3,-23.40961,-46.61143
281.8,1.5352,13.420,1122.3,-23.40940,-46.61139
281.9,1.5393,13.420,1123.2,-23.40920,-46.61134
282.0,1.5413,13.440,1124.3,-23.40895,-46.61148
282.1,1.5437,13.440,1124.8,-23.40875,-46.61144
282.2,1.5433,13.440,1124.7,-23.40854,-46.61139
282.3,1.5394,13.440,1123.8,-23.40833,-46.61134
282.4,1.5350,13.480,1124.0,-23.40805,-46.61167
282.5,1.5308,13.480,1123.0,-23.40784,-46.61162
282.6,1.5303,13.540,1124.6,-23.40752,-46.61215
282.7,1.5157,13.500,1120.0,-23.40739,-46.61171
282.8,1.5178,14.600,1151.7,-23.40498,-46.62218
282.9,1.5284,14.600,1154.4,-23.40476,-46.62213
283.0,1.5342,14.600,1155.9,-23.40453,-46.62207
283.1,1.5444,14.580,1157.9,-23.40435,-46.62182
283.2,1.5498,14.580,1159.3,-23.40413,-46.62177
283.3,1.5507,14.580,1159.5,-23.40391,-46.62171
283.4,1.5611,14.460,1158.7,-23.40393,-46.62050
283.5,1.5719,14.480,1162.0,-23.40367,-46.62064
283.6,1.5546,14.480,1157.6,-23.40345,-46.62058
283.7,1.5285,14.460,1150.4,-23.40327,-46.62033
283.8,1.5041,14.580,1147.7,-23.40279,-46.62141
283.9,1.4832,14.580,1142.3,-23.40257,-46.62135
284.0,1.4895,13.420,1111.5,-23.40488,-46.61025
284.1,1.4901,13.420,1111.7,-23.40468,-46.61020
284.2,1.4860,13.440,1111.3,-23.40443,-46.61033
284.3,1.4653,13.440,1106.4,-23.40423,-46.61027
284.4,1.4566,13.460,1104.9,-23.40398,-46.61041
284.5,1.4537,13.460,1104.2,-23.40377,-46.61035
284.6,1.4565,13.440,1104.4,-23.40361,-46.61010
284.7,1.4453,13.440,1101.7,-23.40341,-46.61004
284.8,1.4327,13.420,1098.2,-23.40325,-46.60979
284.9,1.4198,13.440,1095.7,-23.40300,-46.60993
285.0,1.4279,13.420,1097.1,-23.40284,-46.60968
285.1,1.4276,13.400,1096.5,-23.40269,-46.60943
285.2,1.4218,13.400,1095.2,-23.40248,-46.60937
285.3,1.4125,14.940,1133.9,-23.39861,-46.62388
285.4,1.4144,14.920,1133.9,-23.39843,-46.62362
285.5,1.4209,14.880,1134.5,-23.39830,-46.62317
285.6,1.4363,14.820,1136.9,-23.39822,-46.62254
285.7,1.4483,14.840,1140.6,-23.39795,-46.62266
285.8,1.4578,14.840,1143.0,-23.39772,-46.62259
285.9,1.4667,14.840,1145.3,-23.39750,-46.62252
286.0,1.4707,14.820,1145.8,-23.39732,-46.62226
286.1,1.4715,5.660,897.8,-23.42003,-46.53586
286.2,1.4920,5.660,899.9,-23.41994,-46.53583
286.3,1.5040,5.660,901.0,-23.41985,-46.53580
286.4,1.5165,5.660,902.3,-23.41977,-46.53578
286.5,1.5413,5.720,906.4,-23.41953,-46.53631
286.6,1.5701,5.720,909.3,-23.41944,-46.53629
286.7,1.5973,5.720,912.0,-23.41936,-46.53626
286.8,1.6283,5.740,915.7,-23.41922,-46.53642
286.9,1.6657,5.740,919.4,-23.41913,-46.53639
287.0,1.7035,5.740,923.2,-23.41905,-46.53636
287.1,1.7406,5.740,926.9,-23.41896,-46.53633
287.2,1.7750,5.740,930.4,-23.41887,-46.53630
287.3,1.7984,5.740,932.7,-23.41879,-46.53627
287.4,1.8238,5.760,935.9,-23.41865,-46.53643
287.5,1.8558,5.760,939.2,-23.41856,-46.53640
287.6,1.8818,5.760,941.8,-23.41848,-46.53637
287.7,1.9064,5.780,944.9,-23.41833,-46.53653
287.8,1.9194,5.780,946.2,-23.41825,-46.53650
287.9,1.9314,5.780,947.5,-23.41816,-46.53647
288.0,1.9426,5.780,948.6,-23.41808,-46.53644
288.1,1.9411,5.780,948.4,-23.41799,-46.53641
288.2,1.9345,5.780,947.8,-23.41790,-46.53638
288.3,1.9272,5.780,947.0,-23.41782,-46.53635
288.4,1.9238,5.760,946.0,-23.41779,-46.53613
288.5,1.9103,5.760,944.6,-23.41770,-46.53610
288.6,1.8946,5.780,943.7,-23.41756,-46.53625
288.7,1.8816,5.760,941.8,-23.41753,-46.53603
288.8,1.8677,5.740,939.7,-23.41750,-46.53582
288.9,1.8473,5.740,937.6,-23.41742,-46.53578
289.0,1.8306,5.740,936.0,-23.41733,-46.53575
289.1,1.8245,5.720,934.7,-23.41731,-46.53553
289.2,1.8197,5.720,934.2,-23.41722,-46.53550
289.3,1.8068,5.720,932.9,-23.41714,-46.53547
289.4,1.7946,5.720,931.7,-23.41705,-46.53544
289.5,1.7831,5.720,930.6,-23.41697,-46.53541
289.6,1.7670,5.720,929.0,-23.41688,-46.53537
289.7,1.7505,5.720,927.3,-23.41680,-46.53534
289.8,1.7353,5.720,925.8,-23.41671,-46.53531
289.9,1.7169,5.720,924.0,-23.41663,-46.53527
290.0,1.6914,5.720,921.4,-23.41654,-46.53524
290.1,1.6666,5.720,918.9,-23.41646,-46.53521
290.2,1.6472,5.940,923.5,-23.41569,-46.53720
290.3,1.6260,5.940,921.3,-23.41560,-46.53716
290.4,1.6015,5.940,918.7,-23.41551,-46.53713
290.5,1.5838,5.960,917.5,-23.41536,-46.53728
290.6,1.5676,5.960,915.8,-23.41528,-46.53724
290.7,1.5534,5.960,914.3,-23.41519,-46.53720
290.8,1.5459,5.480,900.2,-23.41664,-46.53277
290.9,1.5256,5.500,898.8,-23.41649,-46.53291
291.0,1.5138,5.500,897.7,-23.41641,-46.53288
291.1,1.5019,5.500,896.5,-23.41633,-46.53285
291.2,1.4913,5.500,895.5,-23.41625,-46.53281
291.3,1.4822,5.500,894.6,-23.41617,-46.53278
291.4,1.4634,5.500,892.8,-23.41609,-46.53274
291.5,1.4435,5.500,890.9,-23.41601,-46.53271
291.6,1.4436,9.020,983.1,-23.40425,-46.56478
291.7,1.4794,9.020,988.8,-23.40412,-46.56472
291.8,1.5310,9.120,999.7,-23.40365,-46.56558
291.9,1.5892,9.100,1008.4,-23.40358,-46.56534
292.0,1.6153,9.080,1012.0,-23.40352,-46.56510
292.1,1.6434,9.060,1015.8,-23.40345,-46.56486
292.2,1.6709,9.060,1020.2,-23.40332,-46.56480
292.3,1.6792,9.040,1020.9,-23.40326,-46.56456
292.4,1.6862,9.040,1022.0,-23.40313,-46.56450
292.5,1.6885,9.040,1022.3,-23.40300,-46.56444
292.6,1.6820,9.020,1020.7,-23.40294,-46.56420
292.7,1.6760,9.020,1019.8,-23.40280,-46.56414
292.8,1.6804,5.220,905.3,-23.41595,-46.52972
292.9,1.6844,5.220,905.6,-23.41587,-46.52968
293.0,1.6696,5.220,904.3,-23.41580,-46.52965
293.1,1.6671,9.080,1020.2,-23.40207,-46.56444
293.2,1.6755,9.080,1021.5,-23.40194,-46.56438
293.3,1.6725,9.080,1021.0,-23.40181,-46.56432
293.4,1.6722,9.080,1021.0,-23.40168,-46.56426
293.5,1.6669,9.060,1019.5,-23.40162,-46.56401
293.6,1.6593,9.080,1018.9,-23.40142,-46.56413
293.7,1.6513,9.080,1017.7,-23.40128,-46.56407
293.8,1.6448,9.080,1016.6,-23.40115,-46.56401
293.9,1.6348,9.080,1015.1,-23.40102,-46.56394
294.0,1.6249,9.080,1013.5,-23.40089,-46.56388
294.1,1.6045,9.080,1010.2,-23.40076,-46.56382
294.2,1.5813,9.080,1006.6,-23.40063,-46.56375
294.3,1.5592,9.080,1003.1,-23.40050,-46.56369
294.4,1.5389,9.080,999.8,-23.40037,-46.56363
294.5,1.5156,9.080,996.2,-23.40024,-46.56356
294.6,1.4903,9.100,992.7,-23.40004,-46.56367
294.7,1.4671,9.100,989.0,-23.39991,-46.56361
294.8,1.4379,9.080,983.8,-23.39985,-46.56337
294.9,1.4173,9.080,980.6,-23.39972,-46.56330
295.0,1.4039,8.900,973.8,-23.40028,-46.56163
295.1,1.3936,8.880,971.7,-23.40023,-46.56139
295.2,1.4023,4.380,858.8,-23.41737,-46.52139
295.3,1.4173,4.380,859.9,-23.41731,-46.52135
295.4,1.4336,4.400,861.7,-23.41717,-46.52150
295.5,1.4523,4.400,863.1,-23.41711,-46.52147
295.6,1.4716,4.400,864.6,-23.41704,-46.52143
295.7,1.4916,4.400,866.1,-23.41698,-46.52140
295.8,1.5087,4.400,867.5,-23.41692,-46.52137
295.9,1.5239,4.400,868.6,-23.41686,-46.52134
296.0,1.5399,4.400,869.9,-23.41680,-46.52130
296.1,1.5565,4.400,871.1,-23.41673,-46.52127
296.2,1.5738,4.400,872.5,-23.41667,-46.52124
296.3,1.5930,4.420,874.5,-23.41653,-46.52138
296.4,1.6091,4.420,875.8,-23.41647,-46.52135
296.5,1.6252,4.420,877.0,-23.41640,-46.52131
296.6,1.6437,4.580,883.1,-23.41570,-46.52268
296.7,1.6792,4.580,886.0,-23.41563,-46.52265
296.8,1.7183,4.580,889.1,-23.41557,-46.52261
296.9,1.7493,4.560,890.9,-23.41559,-46.52240
297.0,1.7680,4.560,892.4,-23.41552,-46.52237
297.1,1.7765,4.540,892.5,-23.41554,-46.52216
297.2,1.7716,4.540,892.1,-23.41548,-46.52212
297.3,1.7674,4.540,891.7,-23.41541,-46.52208
297.4,1.7639,4.540,891.5,-23.41535,-46.52205
297.5,1.7611,4.540,891.3,-23.41529,-46.52201
297.6,1.7372,4.540,889.4,-23.41522,-46.52198
297.7,1.7090,4.540,887.1,-23.41516,-46.52194
297.8,1.6756,4.540,884.5,-23.41510,-46.52190
297.9,1.6452,4.520,881.5,-23.41512,-46.52169
298.0,1.6284,4.360,875.5,-23.41573,-46.52027
298.1,1.6165,4.340,874.0,-23.41576,-46.52006
298.2,1.6061,4.340,873.2,-23.41570,-46.52003
298.3,1.5980,4.320,872.0,-23.41572,-46.51982
298.4,1.6069,4.320,872.7,-23.41566,-46.51979
298.5,1.6215,4.320,873.8,-23.41560,-46.51975
298.6,1.6342,4.300,874.2,-23.41563,-46.51954
298.7,1.6598,4.300,876.1,-23.41557,-46.51951
298.8,1.6604,4.280,875.6,-23.41560,-46.51930
298.9,1.6781,4.280,876.9,-23.41554,-46.51926
299.0,1.6754,4.280,876.7,-23.41548,-46.51923
299.1,1.6764,4.280,876.8,-23.41542,-46.51919
299.2,1.6792,4.280,877.0,-23.41536,-46.51916
299.3,1.6805,4.280,877.1,-23.41530,-46.51912
299.4,1.6852,4.260,876.8,-23.41533,-46.51892
299.5,1.6977,4.260,877.8,-23.41527,-46.51888
299.6,1.6626,4.260,875.1,-23.41522,-46.51884
299.7,1.6521,4.240,873.8,-23.41525,-46.51864
299.8,1.6313,4.240,872.2,-23.41519,-46.51860
299.9,1.6120,8.520,995.0,-23.39591,-46.55496
300.0,1.6062,8.500,993.6,-23.39588,-46.55472
300.1,1.6002,8.500,992.7,-23.39577,-46.55464
300.2,1.5953,8.500,991.9,-23.39565,-46.55457
300.3,1.5951,8.500,991.9,-23.39554,-46.55450
300.4,1.5917,8.500,991.4,-23.39542,-46.55442
300.5,1.5908,8.500,991.3,-23.39531,-46.55435
300.6,1.5960,8.480,991.5,-23.39528,-46.55411
300.7,1.6034,8.500,993.1,-23.39508,-46.55420
300.8,1.6085,8.480,993.3,-23.39505,-46.55396
300.9,1.6100,8.480,993.5,-23.39494,-46.55388
301.0,1.6011,8.460,991.6,-23.39492,-46.55364
301.1,1.5930,8.500,991.6,-23.39462,-46.55390
301.2,1.5886,8.500,990.9,-23.39450,-46.55383
301.3,1.5853,8.480,989.9,-23.39448,-46.55358
301.4,1.5830,8.480,989.5,-23.39437,-46.55351
301.5,1.5819,8.500,989.9,-23.39416,-46.55360
301.6,1.5872,8.520,991.3,-23.39395,-46.55369
301.7,1.5929,8.520,992.2,-23.39384,-46.55361
301.8,1.5959,8.500,992.0,-23.39382,-46.55337
301.9,1.5949,8.520,992.5,-23.39361,-46.55346
302.0,1.5860,8.500,990.5,-23.39359,-46.55322
302.1,1.5819,10.580,1050.1,-23.38352,-46.57042
302.2,1.6084,10.560,1054.4,-23.38348,-46.57016
302.3,1.6390,10.560,1060.1,-23.38334,-46.57006
302.4,1.6712,10.560,1066.0,-23.38320,-46.56996
302.5,1.7060,10.560,1072.4,-23.38306,-46.56987
302.6,1.7414,10.560,1079.0,-23.38292,-46.56977
302.7,1.7782,10.560,1085.7,-23.38278,-46.56967
302.8,1.7995,10.540,1089.0,-23.38273,-46.56941
302.9,1.8073,10.540,1090.5,-23.38260,-46.56931
303.0,1.8205,10.540,1092.9,-23.38246,-46.56921
303.1,1.8300,10.540,1094.6,-23.38232,-46.56911
303.2,1.8437,10.520,1096.5,-23.38228,-46.56885
303.3,1.8407,10.500,1095.3,-23.38224,-46.56859
303.4,1.8324,10.500,1093.7,-23.38210,-46.56849
303.5,1.8284,10.480,1092.3,-23.38206,-46.56823
303.6,1.8386,10.480,1094.2,-23.38193,-46.56813
303.7,1.8428,10.460,1094.3,-23.38189,-46.56786
303.8,1.8396,10.460,1093.7,-23.38175,-46.56776
303.9,1.8328,10.480,1093.1,-23.38151,-46.56783
304.0,1.8297,10.480,1092.6,-23.38138,-46.56773
304.1,1.8260,10.460,1091.2,-23.38134,-46.56746
304.2,1.8193,10.460,1090.0,-23.38121,-46.56736
304.3,1.8158,10.460,1089.4,-23.38107,-46.56726
304.4,1.8041,10.440,1086.6,-23.38104,-46.56700
304.5,1.7968,10.440,1085.2,-23.38090,-46.56690
304.6,1.7840,10.440,1082.9,-23.38077,-46.56680
304.7,1.7653,10.440,1079.5,-23.38063,-46.56669
304.8,1.7325,10.440,1073.5,-23.38050,-46.56659
304.9,1.6915,10.460,1066.6,-23.38026,-46.56665
305.0,1.6849,11.100,1085.2,-23.37682,-46.57169
305.1,1.7083,11.100,1089.8,-23.37667,-46.57158
305.2,1.7271,11.100,1093.4,-23.37653,-46.57147
305.3,1.7480,11.080,1096.8,-23.37649,-46.57120
305.4,1.7713,11.080,1101.3,-23.37635,-46.57109
305.5,1.7841,11.080,1103.8,-23.37621,-46.57098
305.6,1.8093,11.060,1108.0,-23.37617,-46.57071
305.7,1.8350,11.040,1112.3,-23.37614,-46.57044
305.8,1.8578,11.020,1116.0,-23.37610,-46.57017
305.9,1.8683,11.000,1117.4,-23.37607,-46.56990
306.0,1.8870,10.960,1119.6,-23.37614,-46.56947
306.1,1.9069,10.940,1122.7,-23.37611,-46.56921
306.2,1.9037,10.940,1122.1,-23.37597,-46.56909
306.3,1.9001,10.960,1122.1,-23.37572,-46.56914
306.4,1.8995,10.940,1121.3,-23.37569,-46.56887
306.5,1.9079,10.960,1123.6,-23.37544,-46.56892
306.6,1.9182,10.960,1125.6,-23.37531,-46.56881
306.7,1.9258,10.960,1127.0,-23.37517,-46.56870
306.8,1.9419,10.960,1130.1,-23.37503,-46.56858
306.9,1.9528,10.980,1132.9,-23.37478,-46.56863
307.0,1.9583,10.980,1134.0,-23.37465,-46.56851
307.1,1.9662,11.000,1136.2,-23.37440,-46.56856
307.2,1.9625,11.000,1135.5,-23.37426,-46.56844
307.3,1.9684,11.000,1136.6,-23.37412,-46.56833
307.4,1.9561,11.000,1134.2,-23.37399,-46.56821
307.5,1.9498,11.000,1133.0,-23.37385,-46.56810
307.6,1.9434,11.000,1131.8,-23.37371,-46.56799
307.7,1.9411,11.000,1131.4,-23.37358,-46.56787
307.8,1.9316,10.980,1128.8,-23.37355,-46.56760
307.9,1.9092,10.980,1124.6,-23.37341,-46.56748
308.0,1.8948,10.960,1121.1,-23.37339,-46.56721
308.1,1.8810,10.940,1117.8,-23.37336,-46.56694
308.2,1.8640,10.940,1114.5,-23.37323,-46.56683
308.3,1.8492,10.940,1111.7,-23.37309,-46.56671
308.4,1.8341,10.940,1108.8,-23.37296,-46.56660
308.5,1.8179,10.940,1105.7,-23.37283,-46.56648
308.6,1.7913,10.940,1100.6,-23.37269,-46.56636
308.7,1.7665,10.960,1096.5,-23.37244,-46.56640
308.8,1.7501,10.980,1094.0,-23.37220,-46.56643
308.9,1.7409,11.000,1092.9,-23.37195,-46.56647
309.0,1.7316,11.000,1091.1,-23.37182,-46.56635
309.1,1.7315,11.020,1091.7,-23.37157,-46.56638
309.2,1.7420,11.020,1093.7,-23.37143,-46.56626
309.3,1.7560,11.000,1095.8,-23.37141,-46.56599
309.4,1.7647,11.000,1097.5,-23.37128,-46.56587
309.5,1.7688,11.000,1098.2,-23.37115,-46.56575
309.6,1.7706,11.000,1098.6,-23.37101,-46.56563
309.7,1.7752,11.000,1099.5,-23.37088,-46.56551
309.8,1.7791,11.000,1100.2,-23.37075,-46.56539
309.9,1.7863,11.000,1101.6,-23.37061,-46.56527
310.0,1.8018,10.980,1103.9,-23.37060,-46.56500
310.1,1.8062,10.980,1104.8,-23.37047,-46.56488
310.2,1.8197,10.960,1106.7,-23.37045,-46.56461
310.3,1.8422,10.960,1111.0,-23.37032,-46.56449
310.4,1.8689,10.940,1115.4,-23.37030,-46.56422
310.5,1.8853,10.940,1118.6,-23.37017,-46.56410
310.6,1.9001,10.940,1121.4,-23.37004,-46.56397
310.7,1.9140,10.940,1124.1,-23.36991,-46.56385
310.8,1.9237,10.940,1125.9,-23.36978,-46.56373
310.9,1.9253,10.940,1126.2,-23.36965,-46.56361
311.0,1.9211,10.920,1124.7,-23.36964,-46.56334
311.1,1.9147,10.920,1123.5,-23.36951,-46.56321
311.2,1.9097,10.900,1121.9,-23.36950,-46.56294
311.3,1.9070,10.880,1120.6,-23.36949,-46.56267
311.4,1.9068,10.860,1119.9,-23.36948,-46.56240
311.5,1.9087,10.860,1120.3,-23.36935,-46.56228
311.6,1.9157,10.840,1120.9,-23.36935,-46.56201
311.7,1.9254,10.840,1122.7,-23.36922,-46.56189
311.8,1.9341,10.820,1123.7,-23.36921,-46.56162
311.9,1.9348,10.820,1123.8,-23.36909,-46.56149
312.0,1.9333,10.820,1123.5,-23.36896,-46.56137
312.1,1.9281,10.740,1119.7,-23.36932,-46.56066
312.2,1.9442,10.740,1122.7,-23.36919,-46.56054
312.3,1.9566,10.720,1124.4,-23.36919,-46.56027
312.4,1.9642,10.720,1125.8,-23.36906,-46.56015
312.5,1.9759,10.720,1128.0,-23.36894,-46.56002
312.6,1.9779,10.720,1128.4,-23.36881,-46.55990
312.7,1.9757,10.720,1127.9,-23.36869,-46.55977
312.8,1.9641,10.720,1125.8,-23.36857,-46.55965
312.9,1.9436,10.740,1122.7,-23.36832,-46.55967
313.0,1.9237,10.760,1119.6,-23.36807,-46.55969
313.1,1.9112,8.840,1050.6,-23.37977,-46.54581
313.2,1.9384,8.840,1054.8,-23.37967,-46.54571
313.3,1.9717,8.840,1060.0,-23.37957,-46.54561
313.4,2.0101,8.840,1065.9,-23.37947,-46.54550
313.5,2.0330,8.840,1069.4,-23.37937,-46.54540
313.6,2.0555,8.840,1072.9,-23.37926,-46.54530
313.7,2.0691,8.840,1075.0,-23.37916,-46.54519
313.8,2.0698,8.840,1075.1,-23.37906,-46.54509
313.9,2.0657,8.840,1074.5,-23.37896,-46.54498
314.0,2.0544,8.860,1073.5,-23.37874,-46.54502
314.1,2.0564,8.960,1077.5,-23.37801,-46.54562
314.2,2.0736,8.960,1080.2,-23.37791,-46.54551
314.3,2.0906,8.980,1083.6,-23.37768,-46.54554
314.4,2.0950,9.000,1085.1,-23.37746,-46.54557
314.5,2.1099,9.000,1087.4,-23.37736,-46.54547
314.6,2.1250,9.000,1089.8,-23.37726,-46.54536
314.7,2.1422,9.080,1095.6,-23.37665,-46.54581
314.8,2.1722,9.100,1101.1,-23.37642,-46.54584
314.9,2.1913,9.100,1104.2,-23.37632,-46.54573
315.0,2.2080,9.100,1106.8,-23.37622,-46.54562
315.1,2.2213,9.100,1108.9,-23.37612,-46.54551
315.2,2.2235,9.080,1108.5,-23.37614,-46.54526
315.3,2.2135,9.060,1106.1,-23.37617,-46.54501
315.4,2.1988,9.060,1103.8,-23.37607,-46.54490
315.5,2.1915,9.060,1102.6,-23.37597,-46.54479
315.6,2.2014,9.080,1105.0,-23.37574,-46.54482
315.7,2.2161,9.080,1107.3,-23.37564,-46.54470
315.8,2.2306,9.100,1110.4,-23.37541,-46.54473
315.9,2.2378,9.100,1111.5,-23.37531,-46.54462
316.0,2.2400,9.100,1111.9,-23.37522,-46.54451
316.1,2.2405,9.080,1111.2,-23.37525,-46.54426
316.2,2.2409,9.060,1110.4,-23.37528,-46.54401
316.3,2.2426,9.060,1110.7,-23.37518,-46.54390
316.4,2.2522,9.060,1112.2,-23.37508,-46.54379
316.5,2.2656,9.060,1114.3,-23.37498,-46.54367
316.6,2.2734,9.040,1114.8,-23.37502,-46.54343
316.7,2.2779,9.040,1115.5,-23.37492,-46.54331
316.8,2.2926,9.020,1117.0,-23.37495,-46.54307
316.9,2.3147,9.040,1121.3,-23.37472,-46.54309
317.0,2.3311,9.020,1123.0,-23.37476,-46.54284
317.1,2.3396,9.020,1124.4,-23.37466,-46.54273
317.2,2.3413,9.040,1125.5,-23.37443,-46.54275
317.3,2.3292,9.020,1122.7,-23.37447,-46.54250
317.4,2.3252,9.040,1123.0,-23.37424,-46.54252
317.5,2.3264,9.040,1123.1,-23.37414,-46.54241
317.6,2.3322,9.040,1124.1,-23.37405,-46.54229
317.7,2.3368,9.040,1124.8,-23.37395,-46.54218
317.8,2.3343,9.060,1125.2,-23.37372,-46.54219
317.9,2.3296,9.060,1124.5,-23.37363,-46.54208
318.0,2.3216,9.060,1123.2,-23.37353,-46.54196
318.1,2.3115,9.060,1121.6,-23.37344,-46.54185
318.2,2.3076,9.060,1121.0,-23.37334,-46.54173
318.3,2.2923,9.060,1118.6,-23.37325,-46.54162
318.4,2.2720,9.060,1115.4,-23.37315,-46.54150
318.5,2.2569,9.060,1113.0,-23.37306,-46.54139
318.6,2.2350,9.040,1108.7,-23.37310,-46.54114
318.7,2.2163,9.040,1105.7,-23.37301,-46.54102
318.8,2.2015,9.060,1104.2,-23.37278,-46.54104
318.9,2.1858,9.060,1101.7,-23.37268,-46.54092
319.0,2.1721,9.060,1099.5,-23.37259,-46.54080
319.1,2.1617,9.060,1097.9,-23.37250,-46.54068
319.2,2.1477,9.060,1095.7,-23.37240,-46.54057
319.3,2.1360,9.060,1093.8,-23.37231,-46.54045
319.4,2.1356,9.060,1093.8,-23.37222,-46.54033
319.5,2.1312,9.060,1093.1,-23.37213,-46.54021
319.6,2.1357,9.060,1093.8,-23.37203,-46.54010
319.7,2.1523,9.060,1096.4,-23.37194,-46.53998
319.8,2.1765,9.040,1099.4,-23.37199,-46.53973
319.9,2.1919,9.040,1101.9,-23.37190,-46.53961
320.0,2.2031,9.040,1103.6,-23.37180,-46.53950
320.1,2.2132,9.040,1105.2,-23.37171,-46.53938
320.2,2.2204,9.040,1106.4,-23.37162,-46.53926
320.3,2.2272,9.060,1108.3,-23.37139,-46.53926
320.4,2.2381,9.060,1110.0,-23.37130,-46.53915
320.5,2.2481,9.060,1111.6,-23.37121,-46.53903
320.6,2.2616,9.060,1113.7,-23.37112,-46.53891
320.7,2.2501,9.060,1111.9,-23.37103,-46.53879
320.8,2.2412,9.080,1111.3,-23.37080,-46.53879
320.9,2.2375,9.120,1112.3,-23.37043,-46.53892
321.0,2.2394,9.120,1112.6,-23.37034,-46.53880
321.1,2.2416,9.120,1113.0,-23.37025,-46.53867
321.2,2.2341,9.140,1112.6,-23.37002,-46.53867
321.3,2.2316,9.140,1112.2,-23.36993,-46.53855
321.4,2.2233,9.140,1110.8,-23.36984,-46.53843
321.5,2.2162,9.140,1109.7,-23.36975,-46.53831
321.6,2.2012,9.120,1106.5,-23.36980,-46.53806
321.7,2.2063,9.120,1107.3,-23.36972,-46.53794
321.8,2.2144,9.100,1107.8,-23.36977,-46.53770
321.9,2.2258,9.100,1109.6,-23.36968,-46.53757
322.0,2.2638,9.600,1136.1,-23.36604,-46.54047
322.1,2.3045,9.580,1142.1,-23.36609,-46.54022
322.2,2.3236,9.580,1145.3,-23.36600,-46.54009
322.3,2.3398,9.580,1148.0,-23.36591,-46.53996
322.4,2.3469,9.240,1134.8,-23.36824,-46.53780
322.5,2.3836,9.260,1141.6,-23.36801,-46.53779
322.6,2.4170,9.320,1149.6,-23.36749,-46.53802
322.7,2.4423,9.340,1154.6,-23.36726,-46.53801
322.8,2.4630,9.360,1158.9,-23.36703,-46.53801
322.9,2.4778,9.360,1161.3,-23.36694,-46.53788
323.0,2.4881,9.380,1163.9,-23.36671,-46.53787
323.1,2.4923,9.380,1164.6,-23.36662,-46.53774
323.2,2.4881,9.380,1163.9,-23.36653,-46.53761
323.3,2.4926,9.420,1166.4,-23.36615,-46.53772
323.4,2.5097,9.420,1169.3,-23.36607,-46.53759
323.5,2.5227,9.420,1171.4,-23.36598,-46.53746
323.6,2.5271,9.440,1173.0,-23.36574,-46.53744
323.7,2.5288,9.440,1173.3,-23.36566,-46.53731
323.8,2.5322,9.440,1173.9,-23.36557,-46.53718
323.9,2.5377,9.460,1175.7,-23.36534,-46.53717
324.0,2.5310,9.460,1174.6,-23.36525,-46.53704
324.1,2.5385,9.480,1176.7,-23.36502,-46.53702
324.2,2.5311,9.480,1175.5,-23.36493,-46.53689
324.3,2.5123,9.500,1173.3,-23.36469,-46.53687
324.4,2.4983,9.500,1171.0,-23.36461,-46.53674
324.5,2.4871,9.520,1170.0,-23.36437,-46.53672
324.6,2.4735,9.520,1167.7,-23.36429,-46.53659
324.7,2.4606,9.540,1166.5,-23.36405,-46.53657
324.8,2.4551,9.540,1165.6,-23.36397,-46.53644
324.9,2.4428,9.540,1163.5,-23.36388,-46.53630
325.0,2.4364,9.560,1163.3,-23.36365,-46.53628
325.1,2.4350,9.560,1163.1,-23.36356,-46.53615
325.2,2.4317,9.560,1162.5,-23.36348,-46.53601
325.3,2.4482,9.560,1165.3,-23.36339,-46.53588
325.4,2.4631,9.560,1167.8,-23.36330,-46.53574
325.5,2.4700,9.560,1168.9,-23.36322,-46.53561
325.6,2.4907,9.560,1172.4,-23.36313,-46.53547
325.7,2.5177,9.560,1176.9,-23.36305,-46.53534
325.8,2.5393,9.540,1179.6,-23.36311,-46.53509
325.9,2.5595,9.540,1183.0,-23.36303,-46.53496
326.0,2.5729,9.520,1184.3,-23.36310,-46.53471
326.1,2.5757,9.520,1184.8,-23.36301,-46.53458
326.2,2.5714,9.520,1184.0,-23.36293,-46.53444
326.3,2.5540,9.520,1181.1,-23.36285,-46.53431
326.4,2.5409,9.520,1179.0,-23.36276,-46.53417
326.5,2.5224,9.560,1177.7,-23.36238,-46.53425
326.6,2.5099,9.560,1175.6,-23.36230,-46.53412
326.7,2.4901,9.580,1173.2,-23.36206,-46.53409
326.8,2.4716,9.580,1170.1,-23.36198,-46.53395
326.9,2.4482,9.580,1166.2,-23.36190,-46.53381
327.0,2.4222,9.560,1160.9,-23.36197,-46.53357
327.1,2.3963,9.560,1156.6,-23.36189,-46.53343
327.2,2.3748,9.540,1152.2,-23.36196,-46.53319
327.3,2.3619,9.540,1150.0,-23.36188,-46.53305
327.4,2.3669,9.540,1150.8,-23.36179,-46.53291
327.5,2.3905,9.480,1152.2,-23.36217,-46.53246
327.6,2.4246,9.480,1157.9,-23.36209,-46.53232
327.7,2.4567,9.480,1163.2,-23.36201,-46.53218
327.8,2.4796,9.480,1167.0,-23.36193,-46.53205
327.9,2.4851,9.480,1167.9,-23.36185,-46.53191
328.0,2.4977,9.460,1169.1,-23.36193,-46.53167
328.1,2.5016,9.460,1169.7,-23.36185,-46.53153
328.2,2.5140,9.460,1171.8,-23.36177,-46.53139
328.3,2.5300,9.460,1174.4,-23.36169,-46.53125
328.4,2.5275,9.460,1174.0,-23.36161,-46.53112
328.5,2.5304,9.440,1173.6,-23.36169,-46.53088
328.6,2.5071,9.440,1169.7,-23.36161,-46.53074
328.7,2.4760,9.440,1164.6,-23.36153,-46.53060
328.8,2.4462,3.680,908.4,-23.40582,-46.50120
328.9,2.4476,3.680,908.5,-23.40579,-46.50115
329.0,2.4536,3.700,909.7,-23.40561,-46.50120
329.1,2.4645,3.700,910.4,-23.40558,-46.50114
329.2,2.4723,3.700,910.9,-23.40555,-46.50109
329.3,2.4678,3.700,910.7,-23.40552,-46.50103
329.4,2.4640,3.700,910.4,-23.40549,-46.50098
329.5,2.4675,3.680,909.8,-23.40562,-46.50082
329.6,2.4611,3.680,909.4,-23.40559,-46.50077
329.7,2.4534,3.680,908.9,-23.40556,-46.50072
329.8,2.4357,3.680,907.7,-23.40553,-46.50066
329.9,2.4172,3.680,906.5,-23.40550,-46.50061
330.0,2.3986,3.680,905.3,-23.40547,-46.50055
330.1,2.3783,3.680,904.0,-23.40544,-46.50050
330.2,2.3662,3.720,904.9,-23.40510,-46.50064
330.3,2.3563,3.720,904.3,-23.40507,-46.50058
330.4,2.3457,3.720,903.6,-23.40504,-46.50053
330.5,2.3334,3.720,902.8,-23.40501,-46.50047
330.6,2.3205,3.720,901.9,-23.40499,-46.50042
330.7,2.3076,3.720,901.1,-23.40496,-46.50036
330.8,2.3011,3.680,899.1,-23.40524,-46.50011
330.9,2.3079,9.500,1139.3,-23.35942,-46.52781
331.0,2.3013,9.480,1137.4,-23.35951,-46.52758
331.1,2.3118,9.480,1139.1,-23.35943,-46.52743
331.2,2.3011,9.480,1137.4,-23.35936,-46.52729
331.3,2.2976,9.480,1136.8,-23.35929,-46.52715
331.4,2.3000,9.480,1137.2,-23.35922,-46.52701
331.5,2.3117,9.480,1139.1,-23.35915,-46.52686
331.6,2.3281,9.460,1141.0,-23.35924,-46.52663
331.7,2.3519,9.460,1144.9,-23.35916,-46.52649
331.8,2.3601,9.460,1146.3,-23.35909,-46.52634
331.9,2.3677,9.460,1147.6,-23.35902,-46.52620
332.0,2.3774,9.460,1149.2,-23.35895,-46.52606
332.1,2.3842,9.460,1150.3,-23.35888,-46.52591
332.2,2.3828,9.460,1150.1,-23.35882,-46.52577
332.3,2.3860,9.480,1151.5,-23.35859,-46.52572
332.4,2.3954,9.460,1152.1,-23.35868,-46.52548
332.5,2.4144,9.460,1155.3,-23.35861,-46.52534
332.6,2.4158,9.460,1155.5,-23.35854,-46.52520
332.7,2.4194,9.460,1156.1,-23.35847,-46.52505
332.8,2.4202,9.460,1156.3,-23.35840,-46.52491
332.9,2.4244,9.460,1156.9,-23.35834,-46.52477
333.0,2.4234,9.480,1157.6,-23.35811,-46.52471
333.1,2.4182,9.480,1156.8,-23.35804,-46.52457
333.2,2.4090,9.480,1155.3,-23.35797,-46.52442
333.3,2.4041,9.500,1155.3,-23.35775,-46.52436
333.4,2.3934,9.500,1153.5,-23.35768,-46.52422
333.5,2.3902,9.520,1153.9,-23.35745,-46.52416
333.6,2.3577,9.540,1149.3,-23.35722,-46.52410
333.7,2.3444,9.540,1147.1,-23.35716,-46.52396
333.8,2.3383,9.540,1146.1,-23.35709,-46.52381
333.9,2.3397,9.540,1146.3,-23.35702,-46.52366
334.0,2.3520,9.540,1148.4,-23.35696,-46.52352
334.1,2.3664,9.560,1151.6,-23.35673,-46.52345
334.2,2.3883,9.560,1155.3,-23.35667,-46.52331
334.3,2.3981,9.560,1156.9,-23.35660,-46.52316
334.4,2.4106,9.560,1159.0,-23.35653,-46.52301
334.5,2.4198,9.580,1161.4,-23.35631,-46.52295
334.6,2.4390,9.580,1164.6,-23.35624,-46.52280
334.7,2.4589,9.580,1168.0,-23.35618,-46.52265
334.8,2.4821,9.580,1171.8,-23.35611,-46.52250
334.9,2.4939,9.580,1173.8,-23.35605,-46.52236
335.0,2.5154,9.600,1178.3,-23.35582,-46.52229
335.1,2.5338,9.600,1181.4,-23.35576,-46.52214
335.2,2.5480,9.600,1183.8,-23.35570,-46.52199
335.3,2.5601,9.600,1185.8,-23.35563,-46.52184
335.4,2.5797,9.600,1189.1,-23.35557,-46.52169
335.5,2.5652,9.600,1186.7,-23.35551,-46.52154
335.6,2.5472,9.600,1183.7,-23.35545,-46.52139
335.7,2.5248,9.620,1180.8,-23.35522,-46.52133
335.8,2.5019,9.620,1177.0,-23.35516,-46.52118
335.9,2.4768,9.640,1173.6,-23.35493,-46.52110
336.0,2.4617,9.660,1172.0,-23.35470,-46.52103
336.1,2.4520,9.660,1170.3,-23.35464,-46.52088
336.2,2.4522,9.660,1170.4,-23.35458,-46.52073
336.3,2.4603,9.660,1171.7,-23.35452,-46.52058
336.4,2.4641,9.680,1173.3,-23.35429,-46.52051
336.5,2.4617,9.660,1172.0,-23.35440,-46.52028
336.6,2.4455,9.680,1170.1,-23.35417,-46.52020
336.7,2.4192,9.680,1165.7,-23.35411,-46.52005
336.8,2.3917,9.680,1161.0,-23.35405,-46.51990
336.9,2.3644,9.680,1156.4,-23.35399,-46.51975
337.0,2.3381,9.680,1151.9,-23.35393,-46.51959
337.1,2.3129,9.680,1147.7,-23.35387,-46.51944
337.2,2.2841,3.720,899.6,-23.40329,-46.49664
337.3,2.2839,3.720,899.6,-23.40327,-46.49658
337.4,2.2858,3.720,899.7,-23.40324,-46.49653
337.5,2.2899,3.720,900.0,-23.40322,-46.49647
337.6,2.2960,3.720,900.4,-23.40320,-46.49641
337.7,2.3040,3.720,900.9,-23.40318,-46.49635
337.8,2.3142,3.700,900.7,-23.40332,-46.49622
337.9,2.3231,3.720,902.1,-23.40313,-46.49623
338.0,2.3342,3.720,902.8,-23.40311,-46.49617
338.1,2.3463,3.720,903.6,-23.40309,-46.49611
338.2,2.3433,3.720,903.4,-23.40307,-46.49605
338.3,2.3378,3.720,903.1,-23.40305,-46.49599
338.4,2.3285,3.720,902.5,-23.40302,-46.49594
338.5,2.3198,3.720,901.9,-23.40300,-46.49588
338.6,2.3098,3.720,901.2,-23.40298,-46.49582
338.7,2.2970,3.720,900.4,-23.40296,-46.49576
338.8,2.2867,3.720,899.7,-23.40294,-46.49570
338.9,2.2790,3.720,899.2,-23.40292,-46.49564
339.0,2.2737,3.720,898.9,-23.40290,-46.49558
339.1,2.2632,3.740,899.0,-23.40271,-46.49559
339.2,2.2496,3.740,898.1,-23.40269,-46.49553
339.3,2.2263,3.740,896.6,-23.40267,-46.49547
339.4,2.2044,3.740,895.2,-23.40264,-46.49541
339.5,2.2173,9.420,1121.1,-23.35472,-46.51485
339.6,2.2275,9.420,1122.8,-23.35467,-46.51470
339.7,2.2311,9.420,1123.4,-23.35462,-46.51455
339.8,2.2459,9.400,1125.0,-23.35473,-46.51433
339.9,2.2419,9.400,1124.3,-23.35468,-46.51418
340.0,2.2454,3.840,901.8,-23.40168,-46.49539
340.1,2.2625,3.840,903.0,-23.40166,-46.49532
340.2,2.2679,3.840,903.3,-23.40164,-46.49526
340.3,2.2579,3.840,902.7,-23.40162,-46.49520
340.4,2.2493,3.840,902.1,-23.40159,-46.49514
340.5,2.2422,3.840,901.6,-23.40157,-46.49508
340.6,2.2365,3.840,901.2,-23.40155,-46.49501
340.7,2.2269,3.840,900.6,-23.40153,-46.49495
340.8,2.2188,3.840,900.0,-23.40151,-46.49489
340.9,2.2141,3.840,899.7,-23.40149,-46.49483
341.0,2.2150,3.860,900.6,-23.40130,-46.49483
341.1,2.2219,3.860,901.0,-23.40129,-46.49477
341.2,2.2244,3.860,901.2,-23.40127,-46.49470
341.3,2.2187,3.880,901.6,-23.40108,-46.49470
341.4,2.2092,3.880,901.0,-23.40106,-46.49464
341.5,2.1993,3.880,900.3,-23.40104,-46.49458
341.6,2.1936,3.940,902.2,-23.40050,-46.49470
341.7,2.2058,3.940,903.1,-23.40049,-46.49464
341.8,2.2209,3.940,904.1,-23.40047,-46.49457
341.9,2.2426,3.960,906.4,-23.40028,-46.49457
342.0,2.2720,3.960,908.4,-23.40026,-46.49451
342.1,2.3009,3.960,910.4,-23.40024,-46.49444
342.2,2.3201,3.980,912.6,-23.40005,-46.49444
342.3,2.3350,3.980,913.6,-23.40003,-46.49437
342.4,2.3521,3.980,914.8,-23.40001,-46.49431
342.5,2.3775,4.000,917.4,-23.39982,-46.49430
342.6,2.4066,4.000,919.5,-23.39980,-46.49424
342.7,2.4380,4.000,921.7,-23.39978,-46.49417
342.8,2.4633,4.000,923.4,-23.39976,-46.49410
342.9,2.4892,4.000,925.2,-23.39974,-46.49404
343.0,2.5159,4.000,927.1,-23.39972,-46.49397
343.1,2.5370,4.000,928.6,-23.39971,-46.49391
343.2,2.5534,4.000,929.7,-23.39969,-46.49384
343.3,2.5693,4.000,930.8,-23.39967,-46.49378
343.4,2.5864,4.000,932.0,-23.39965,-46.49371
343.5,2.6049,4.000,933.3,-23.39963,-46.49365
343.6,2.6209,4.020,935.4,-23.39944,-46.49364
343.7,2.6379,4.020,936.6,-23.39943,-46.49357
343.8,2.6532,4.020,937.7,-23.39941,-46.49350
343.9,2.6695,4.020,938.8,-23.39939,-46.49344
344.0,2.6866,4.020,940.0,-23.39937,-46.49337
344.1,2.7006,4.020,941.0,-23.39936,-46.49330
344.2,2.7107,4.020,941.7,-23.39934,-46.49324
344.3,2.7220,4.020,942.5,-23.39932,-46.49317
344.4,2.7345,4.020,943.4,-23.39930,-46.49311
344.5,2.7462,4.020,944.2,-23.39929,-46.49304
344.6,2.7523,4.020,944.6,-23.39927,-46.49297
344.7,2.7592,4.020,945.1,-23.39925,-46.49291
344.8,2.7669,4.020,945.6,-23.39924,-46.49284
344.9,2.7749,4.020,946.2,-23.39922,-46.49277
345.0,2.7748,4.020,946.2,-23.39920,-46.49271
345.1,2.7747,4.020,946.2,-23.39919,-46.49264
345.2,2.7746,4.020,946.2,-23.39917,-46.49257
345.3,2.7706,4.020,945.9,-23.39916,-46.49251
345.4,2.7590,4.020,945.1,-23.39914,-46.49244
345.5,2.7471,4.020,944.3,-23.39912,-46.49237
345.6,2.7355,4.020,943.4,-23.39911,-46.49231
345.7,2.7243,4.020,942.7,-23.39909,-46.49224
345.8,2.7037,4.020,941.2,-23.39908,-46.49217
345.9,2.6805,4.020,939.6,-23.39906,-46.49211
346.0,2.6588,4.020,938.0,-23.39905,-46.49204
346.1,2.6438,4.040,937.9,-23.39886,-46.49202
346.2,2.6301,4.040,937.0,-23.39884,-46.49195
346.3,2.6019,4.060,935.9,-23.39865,-46.49193
346.4,2.5795,4.060,934.3,-23.39864,-46.49187
346.5,2.5585,4.060,932.8,-23.39862,-46.49180
346.6,2.5368,4.060,931.3,-23.39861,-46.49173
346.7,2.5117,4.060,929.5,-23.39859,-46.49166
346.8,2.4828,4.060,927.4,-23.39858,-46.49160
346.9,2.4565,4.060,925.6,-23.39856,-46.49153
347.0,2.4327,4.060,923.9,-23.39855,-46.49146
347.1,2.4113,4.060,922.4,-23.39853,-46.49139
347.2,2.4004,4.080,922.4,-23.39834,-46.49137
347.3,2.3748,4.080,920.6,-23.39833,-46.49130
347.4,2.3572,4.360,931.0,-23.39586,-46.49183
347.5,2.3638,4.360,931.5,-23.39584,-46.49176
347.6,2.3693,4.360,932.0,-23.39583,-46.49168
347.7,2.3709,4.360,932.1,-23.39581,-46.49161
347.8,2.3716,4.360,932.1,-23.39580,-46.49154
347.9,2.3723,4.360,932.2,-23.39578,-46.49147
348.0,2.3730,4.360,932.2,-23.39577,-46.49139
348.1,2.3680,4.400,933.5,-23.39540,-46.49140
348.2,2.3726,4.440,935.6,-23.39503,-46.49141
348.3,2.3624,4.440,934.8,-23.39502,-46.49133
348.4,2.3467,4.440,933.6,-23.39501,-46.49126
348.5,2.3308,4.440,932.3,-23.39499,-46.49118
348.6,2.3409,4.540,937.3,-23.39410,-46.49130
348.7,2.3648,4.540,939.2,-23.39408,-46.49123
348.8,2.3894,4.540,941.1,-23.39407,-46.49115
348.9,2.4151,4.560,944.0,-23.39388,-46.49111
349.0,2.4273,4.560,945.0,-23.39386,-46.49104
349.1,2.4416,4.580,947.0,-23.39367,-46.49100
349.2,2.4619,4.580,948.6,-23.39366,-46.49092
349.3,2.4832,4.580,950.3,-23.39365,-46.49084
349.4,2.4848,4.580,950.4,-23.39363,-46.49077
349.5,2.4837,4.580,950.4,-23.39362,-46.49069
349.6,2.4813,4.580,950.2,-23.39361,-46.49061
349.7,2.4756,4.580,949.7,-23.39359,-46.49053
349.8,2.4655,4.580,948.9,-23.39358,-46.49046
349.9,2.4560,4.580,948.1,-23.39357,-46.49038
350.0,2.4471,4.580,947.4,-23.39356,-46.49030
350.1,2.4400,4.600,947.7,-23.39337,-46.49026
350.2,2.4330,4.600,947.2,-23.39335,-46.49018
350.3,2.4269,4.600,946.7,-23.39334,-46.49010
350.4,2.4206,4.600,946.2,-23.39333,-46.49003
350.5,2.4112,4.600,945.4,-23.39332,-46.48995
350.6,2.4011,4.600,944.6,-23.39331,-46.48987
350.7,2.3916,4.600,943.8,-23.39329,-46.48979
350.8,2.3826,4.600,943.1,-23.39328,-46.48971
350.9,2.3744,4.620,943.3,-23.39309,-46.48967
351.0,2.3644,4.620,942.5,-23.39308,-46.48959
351.1,2.3545,4.620,941.7,-23.39307,-46.48951
351.2,2.3436,4.620,940.8,-23.39306,-46.48943
351.3,2.3257,4.620,939.4,-23.39305,-46.48936
351.4,2.3077,4.620,937.9,-23.39304,-46.48928
351.5,2.2899,4.620,936.5,-23.39303,-46.48920
351.6,2.2591,4.620,934.0,-23.39302,-46.48912
351.7,2.2271,4.640,932.2,-23.39283,-46.48907
351.8,2.1974,4.640,929.8,-23.39282,-46.48899
351.9,2.1688,4.640,927.5,-23.39281,-46.48891
352.0,2.1376,4.660,925.7,-23.39262,-46.48886
352.1,2.1130,4.680,924.4,-23.39243,-46.48881
352.2,2.0993,4.680,923.3,-23.39242,-46.48873
352.3,2.0858,4.680,922.2,-23.39241,-46.48865
352.4,2.0683,4.680,920.8,-23.39240,-46.48857
352.5,2.0472,4.680,919.0,-23.39239,-46.48849
352.6,2.0335,4.700,918.6,-23.39220,-46.48844
352.7,2.0208,4.700,917.6,-23.39219,-46.48836
352.8,2.0107,4.700,916.8,-23.39218,-46.48828
352.9,2.0020,4.700,916.1,-23.39217,-46.48820
353.0,1.9935,4.700,915.4,-23.39216,-46.48812
353.1,1.9877,4.700,914.9,-23.39216,-46.48804
353.2,1.9908,4.700,915.1,-23.39215,-46.48796
353.3,2.0014,4.680,915.3,-23.39232,-46.48786
353.4,2.0118,4.680,916.2,-23.39231,-46.48778
353.5,2.0170,4.680,916.6,-23.39230,-46.48770
353.6,2.0215,4.680,916.9,-23.39229,-46.48762
353.7,2.0253,4.680,917.3,-23.39228,-46.48754
353.8,2.0248,4.680,917.2,-23.39228,-46.48746
353.9,2.0204,4.680,916.9,-23.39227,-46.48738
354.0,2.0179,4.660,915.9,-23.39244,-46.48728
354.1,2.0165,4.660,915.8,-23.39243,-46.48720
354.2,2.0085,4.660,915.2,-23.39242,-46.48712
354.3,2.0003,4.660,914.5,-23.39242,-46.48704
354.4,1.9919,4.660,913.8,-23.39241,-46.48696
354.5,1.9797,4.660,912.8,-23.39240,-46.48688
354.6,1.9668,4.660,911.8,-23.39240,-46.48680
354.7,1.9540,4.660,910.7,-23.39239,-46.48672
354.8,1.9370,4.660,909.3,-23.39238,-46.48664
354.9,1.9092,4.660,907.1,-23.39237,-46.48656
355.0,1.8856,4.640,904.5,-23.39255,-46.48647
355.1,1.8633,4.640,902.7,-23.39254,-46.48639
355.2,1.8336,4.640,900.3,-23.39254,-46.48631
355.3,1.8042,4.620,897.2,-23.39271,-46.48621
355.4,1.7944,7.680,994.9,-23.36524,-46.48854
355.5,1.7985,7.700,996.1,-23.36505,-46.48843
355.6,1.8050,7.700,997.0,-23.36504,-46.48829
355.7,1.7945,7.720,996.2,-23.36485,-46.48818
355.8,1.7998,7.760,998.2,-23.36448,-46.48807
355.9,1.8139,7.760,1000.1,-23.36448,-46.48794
356.0,1.8273,7.760,1002.0,-23.36447,-46.48781
356.1,1.8327,7.780,1003.3,-23.36428,-46.48769
356.2,1.8438,7.780,1004.9,-23.36427,-46.48756
356.3,1.8587,7.780,1006.9,-23.36426,-46.48742
356.4,1.8761,7.780,1009.2,-23.36426,-46.48729
356.5,1.8907,7.780,1011.2,-23.36425,-46.48716
356.6,1.9022,7.800,1013.5,-23.36406,-46.48704
356.7,1.9120,7.780,1014.1,-23.36423,-46.48689
356.8,1.9186,7.780,1015.0,-23.36423,-46.48676
356.9,1.9217,7.780,1015.4,-23.36422,-46.48663
357.0,1.9180,7.780,1014.9,-23.36421,-46.48649
357.1,1.9187,5.060,921.5,-23.38867,-46.48501
357.2,1.9365,5.060,923.1,-23.38866,-46.48492
357.3,1.9526,5.060,924.5,-23.38866,-46.48484
357.4,1.9685,5.060,925.9,-23.38865,-46.48475
357.5,1.9845,5.060,927.3,-23.38865,-46.48467
357.6,2.0005,5.060,928.7,-23.38865,-46.48458
357.7,2.0161,5.060,930.1,-23.38864,-46.48449
357.8,2.0393,5.040,931.5,-23.38882,-46.48440
357.9,2.0649,5.040,933.7,-23.38882,-46.48431
358.0,2.0902,5.040,935.9,-23.38882,-46.48423
358.1,2.1182,5.020,937.7,-23.38899,-46.48413
358.2,2.1516,5.020,940.6,-23.38899,-46.48405
358.3,2.1849,5.020,943.5,-23.38899,-46.48396
358.4,2.2174,5.020,946.4,-23.38899,-46.48388
358.5,2.2459,5.020,948.9,-23.38898,-46.48379
358.6,2.2743,5.020,951.4,-23.38898,-46.48370
358.7,2.3027,5.020,953.8,-23.38898,-46.48362
358.8,2.3082,5.020,954.3,-23.38898,-46.48353
358.9,2.3119,5.020,954.7,-23.38898,-46.48345
359.0,2.3157,5.020,955.0,-23.38897,-46.48336
359.1,2.3127,5.020,954.7,-23.38897,-46.48327
359.2,2.3069,5.020,954.2,-23.38897,-46.48319
359.3,2.3017,5.040,954.6,-23.38879,-46.48310
359.4,2.2957,5.060,954.9,-23.38861,-46.48302
359.5,2.2921,5.060,954.5,-23.38861,-46.48293
359.6,2.2885,5.060,954.2,-23.38861,-46.48285
359.7,2.2850,5.060,953.9,-23.38861,-46.48276
359.8,2.2814,5.060,953.6,-23.38861,-46.48267
359.9,2.2779,5.060,953.3,-23.38861,-46.48259
