azimuth_deg,elev_deg,dist_km,height_m_amsl,lat,lon
0.0,0.7862,60.520,1557.9,-32.83171,-70.78670
0.1,0.7780,60.560,1550.0,-32.83136,-70.78557
0.2,0.7835,60.620,1557.2,-32.83082,-70.78443
0.3,0.7786,60.660,1552.9,-32.83046,-70.78330
0.4,0.7961,60.700,1572.3,-32.83011,-70.78216
0.5,0.8152,60.720,1593.0,-32.82994,-70.78102
0.6,0.8311,60.740,1610.3,-32.82977,-70.77989
0.7,0.8296,60.760,1609.2,-32.82960,-70.77875
0.8,0.8387,60.780,1619.3,-32.82943,-70.77761
0.9,0.8361,60.820,1617.5,-32.82908,-70.77647
1.0,0.8592,60.940,1644.8,-32.82802,-70.77531
1.1,0.8816,60.980,1669.6,-32.82768,-70.77417
1.2,0.9237,61.360,1723.8,-32.82428,-70.77294
1.3,0.9763,61.260,1777.5,-32.82520,-70.77182
1.4,0.9803,61.240,1781.3,-32.82540,-70.77068
1.5,0.9963,61.220,1797.9,-32.82561,-70.76954
1.6,1.0019,61.240,1804.4,-32.82545,-70.76839
1.7,1.0348,61.260,1840.1,-32.82530,-70.76724
1.8,1.0353,61.260,1840.7,-32.82533,-70.76610
1.9,0.9992,61.360,1804.7,-32.82446,-70.76492
2.0,0.9811,55.020,1626.2,-32.88149,-70.76613
2.1,0.9727,55.060,1619.2,-32.88116,-70.76509
2.2,0.9737,61.660,1784.9,-32.82187,-70.76136
2.3,0.9562,61.940,1773.2,-32.81939,-70.76009
2.4,0.9678,62.120,1790.2,-32.81781,-70.75885
2.5,1.0162,62.200,1844.9,-32.81713,-70.75766
2.6,0.9789,62.220,1804.9,-32.81700,-70.75649
2.7,0.9702,62.540,1803.6,-32.81417,-70.75517
2.8,0.9301,55.220,1581.9,-32.87998,-70.75780
2.9,0.9463,63.280,1796.0,-32.80761,-70.75243
3.0,0.9352,63.300,1784.3,-32.80748,-70.75124
3.1,0.9492,55.140,1598.4,-32.88083,-70.75476
3.2,0.9481,55.020,1594.5,-32.88196,-70.75380
3.3,0.9332,55.280,1586.4,-32.87967,-70.75261
3.4,0.9199,55.260,1573.1,-32.87990,-70.75159
3.5,0.9078,55.240,1560.9,-32.88013,-70.75058
3.6,0.8901,55.240,1543.9,-32.88018,-70.74955
3.7,0.8829,45.900,1328.4,-32.96408,-70.75494
3.8,0.9111,45.860,1350.1,-32.96449,-70.75411
3.9,0.9203,45.840,1357.1,-32.96471,-70.75327
4.0,0.9362,45.780,1368.4,-32.96530,-70.75246
4.1,0.9771,45.760,1400.6,-32.96553,-70.75162
4.2,0.9864,45.260,1396.3,-32.97007,-70.75116
4.3,0.9962,45.340,1406.0,-32.96940,-70.75025
4.4,1.0050,45.460,1415.8,-32.96838,-70.74930
4.5,0.9902,45.520,1405.5,-32.96790,-70.74841
4.6,0.9856,45.640,1404.7,-32.96688,-70.74745
4.7,0.9853,45.660,1404.9,-32.96676,-70.74659
4.8,0.9739,45.680,1396.2,-32.96664,-70.74572
4.9,0.9828,23.440,916.7,-33.16602,-70.76518
5.0,1.0185,23.460,931.7,-33.16587,-70.76473
5.1,1.0444,23.480,942.8,-33.16573,-70.76427
5.2,1.0604,23.500,949.8,-33.16558,-70.76381
5.3,1.0771,23.680,960.6,-33.16400,-70.76319
5.4,1.0869,23.700,965.1,-33.16386,-70.76273
5.5,1.0793,23.660,961.1,-33.16425,-70.76233
5.6,1.0762,23.620,958.9,-33.16465,-70.76193
5.7,1.0727,23.540,955.7,-33.16540,-70.76157
5.8,1.0690,23.500,953.3,-33.16579,-70.76118
5.9,1.0612,50.360,1583.3,-32.92549,-70.73122
6.0,1.0853,22.020,927.4,-33.17911,-70.76196
6.1,1.0986,22.020,932.5,-33.17915,-70.76155
6.2,1.1034,22.060,935.2,-33.17882,-70.76109
6.3,1.1184,22.100,941.9,-33.17850,-70.76063
6.4,1.1333,22.080,947.2,-33.17872,-70.76025
6.5,1.1514,22.080,954.2,-33.17876,-70.75983
6.6,1.1730,22.100,963.0,-33.17862,-70.75940
6.7,1.1957,22.100,971.7,-33.17866,-70.75899
6.8,1.2107,22.080,977.0,-33.17888,-70.75860
6.9,1.2276,22.040,982.5,-33.17928,-70.75824
7.0,1.2621,22.020,995.4,-33.17950,-70.75786
7.1,1.2908,22.000,1005.9,-33.17972,-70.75747
7.2,1.2838,21.980,1002.7,-33.17994,-70.75709
7.3,1.2719,21.980,998.1,-33.17999,-70.75668
7.4,1.2567,21.980,992.3,-33.18003,-70.75627
7.5,1.2416,22.020,987.5,-33.17972,-70.75581
7.6,1.2288,22.160,986.0,-33.17851,-70.75520
7.7,1.2243,22.180,984.7,-33.17838,-70.75476
7.8,1.2072,22.200,978.6,-33.17825,-70.75432
7.9,1.1986,22.540,983.4,-33.17527,-70.75340
8.0,1.2121,22.540,988.7,-33.17532,-70.75298
8.1,1.2110,22.540,988.3,-33.17537,-70.75257
8.2,1.2007,22.560,984.7,-33.17524,-70.75212
8.3,1.1818,22.560,977.3,-33.17529,-70.75170
8.4,1.1657,22.640,972.8,-33.17463,-70.75115
8.5,1.1492,22.640,966.3,-33.17468,-70.75073
8.6,1.1293,22.660,958.9,-33.17456,-70.75028
8.7,1.1186,22.680,955.0,-33.17443,-70.74983
8.8,1.1131,22.820,956.1,-33.17324,-70.74918
8.9,1.1010,22.820,951.2,-33.17330,-70.74876
9.0,1.0977,22.860,950.8,-33.17300,-70.74827
9.1,1.0948,22.900,950.5,-33.17270,-70.74778
9.2,1.1053,21.200,916.8,-33.18785,-70.75027
9.3,1.0916,21.180,911.3,-33.18808,-70.74991
9.4,1.0740,22.980,944.0,-33.17216,-70.74636
9.5,1.0719,22.980,943.1,-33.17222,-70.74594
9.6,1.0702,23.300,949.4,-33.16944,-70.74494
9.7,1.0730,23.320,951.0,-33.16932,-70.74447
9.8,1.0757,23.320,952.1,-33.16939,-70.74404
9.9,1.0531,23.320,942.9,-33.16945,-70.74361
10.0,1.0161,23.340,928.3,-33.16934,-70.74314
10.1,0.9866,23.340,916.2,-33.16940,-70.74271
10.2,0.9771,21.620,877.7,-33.18469,-70.74555
10.3,0.9574,21.620,870.3,-33.18475,-70.74515
10.4,0.9399,21.620,863.7,-33.18481,-70.74475
10.5,0.9331,23.440,896.4,-33.16878,-70.74079
10.6,0.9450,23.440,901.2,-33.16884,-70.74036
10.7,0.9562,23.440,905.8,-33.16891,-70.73993
10.8,0.9590,23.480,907.8,-33.16863,-70.73942
10.9,0.9493,23.500,904.2,-33.16852,-70.73894
11.0,0.9668,23.560,912.6,-33.16806,-70.73839
11.1,0.9695,23.560,913.7,-33.16813,-70.73796
11.2,0.9628,23.740,914.5,-33.16661,-70.73715
11.3,0.9858,23.740,924.1,-33.16668,-70.73671
11.4,1.0045,23.740,931.8,-33.16676,-70.73627
11.5,1.0293,23.820,943.8,-33.16613,-70.73567
11.6,1.0644,23.840,958.8,-33.16602,-70.73519
11.7,1.0855,23.880,968.5,-33.16575,-70.73466
11.8,1.0894,23.880,970.2,-33.16582,-70.73422
11.9,1.0991,23.920,975.1,-33.16555,-70.73370
12.0,1.0944,23.920,973.1,-33.16563,-70.73326
12.1,1.0743,23.920,964.7,-33.16570,-70.73282
12.2,1.0519,23.920,955.4,-33.16578,-70.73238
12.3,1.0302,23.940,946.7,-33.16569,-70.73189
12.4,1.0137,23.940,939.8,-33.16577,-70.73146
12.5,1.0003,23.940,934.2,-33.16585,-70.73102
12.6,0.9915,23.980,931.4,-33.16558,-70.73049
12.7,0.9866,24.000,929.7,-33.16549,-70.73000
12.8,0.9958,24.060,934.8,-33.16504,-70.72942
12.9,1.0056,24.080,939.3,-33.16495,-70.72893
13.0,1.0109,24.100,942.0,-33.16486,-70.72844
13.1,1.0292,24.120,950.2,-33.16477,-70.72795
13.2,1.0643,48.040,1527.3,-32.95534,-70.66910
13.3,1.0934,48.040,1551.7,-32.95551,-70.66822
13.4,1.0713,48.060,1533.7,-32.95551,-70.66730
13.5,1.1013,52.760,1681.6,-32.91456,-70.65473
13.6,1.1115,52.760,1691.0,-32.91475,-70.65377
13.7,1.1600,49.060,1635.0,-32.94729,-70.66215
13.8,1.2694,49.000,1727.1,-32.94800,-70.66141
13.9,1.3189,48.980,1768.8,-32.94836,-70.66057
14.0,1.3380,48.820,1780.4,-32.94994,-70.66010
14.1,1.4151,50.500,1899.1,-32.93546,-70.65484
14.2,1.4614,50.640,1944.4,-32.93443,-70.65356
14.3,1.4641,50.720,1949.5,-32.93393,-70.65243
14.4,1.4311,50.740,1920.8,-32.93395,-70.65146
14.5,1.3841,50.740,1879.2,-32.93415,-70.65054
14.6,1.3360,48.560,1770.9,-32.95333,-70.65548
14.7,1.3173,48.580,1755.6,-32.95335,-70.65455
14.8,1.2888,48.580,1731.5,-32.95354,-70.65367
14.9,1.2652,48.600,1712.0,-32.95356,-70.65274
15.0,1.2418,48.660,1693.8,-32.95324,-70.65169
15.1,1.2415,49.020,1703.7,-32.95031,-70.64981
15.2,1.2679,49.000,1725.8,-32.95068,-70.64898
15.3,1.2685,48.880,1722.8,-32.95192,-70.64844
15.4,1.2634,48.920,1719.6,-32.95178,-70.64744
15.5,1.2831,49.720,1759.8,-32.94505,-70.64428
15.6,1.3330,49.620,1800.1,-32.94612,-70.64367
15.7,1.3755,49.620,1836.9,-32.94633,-70.64277
15.8,1.3997,49.580,1856.7,-32.94689,-70.64200
15.9,1.4154,49.640,1872.2,-32.94658,-70.64093
16.0,1.4503,49.660,1903.1,-32.94662,-70.63998
16.1,1.4839,49.700,1933.5,-32.94649,-70.63896
16.2,1.5079,49.700,1954.4,-32.94670,-70.63807
16.3,1.5366,49.680,1978.7,-32.94709,-70.63724
16.4,1.5406,49.720,1983.5,-32.94697,-70.63622
16.5,1.5392,49.740,1983.0,-32.94701,-70.63527
16.6,1.5325,49.780,1978.4,-32.94689,-70.63426
16.7,1.5524,49.780,1995.8,-32.94711,-70.63336
16.8,1.5712,49.780,2012.1,-32.94734,-70.63247
16.9,1.5796,49.760,2018.7,-32.94774,-70.63164
17.0,1.5881,49.760,2026.1,-32.94796,-70.63075
17.1,1.6006,49.760,2037.0,-32.94819,-70.62986
17.2,1.6200,49.780,2054.5,-32.94825,-70.62891
17.3,1.6324,49.780,2065.4,-32.94848,-70.62802
17.4,1.6438,49.780,2075.3,-32.94871,-70.62713
17.5,1.6623,49.780,2091.4,-32.94894,-70.62624
17.6,1.6719,49.840,2101.9,-32.94866,-70.62516
17.7,1.6508,49.900,2085.7,-32.94838,-70.62408
17.8,1.6487,49.960,2085.9,-32.94811,-70.62299
17.9,1.6383,50.060,2080.4,-32.94749,-70.62177
18.0,1.6640,50.080,2103.6,-32.94756,-70.62081
18.1,1.6867,50.080,2123.5,-32.94780,-70.61992
18.2,1.6981,50.080,2133.4,-32.94805,-70.61903
18.3,1.7078,50.080,2141.9,-32.94829,-70.61814
18.4,1.7303,50.020,2159.4,-32.94905,-70.61745
18.5,1.7452,50.040,2173.2,-32.94913,-70.61650
18.6,1.7700,50.020,2194.1,-32.94955,-70.61568
18.7,1.8169,49.940,2232.1,-32.95048,-70.61507
18.8,1.8389,49.860,2248.2,-32.95141,-70.61446
18.9,1.8307,49.740,2236.3,-32.95268,-70.61399
19.0,1.8056,49.680,2212.2,-32.95345,-70.61331
19.1,1.8028,49.640,2208.3,-32.95404,-70.61257
19.2,1.7810,49.640,2189.3,-32.95430,-70.61170
19.3,1.7569,49.600,2166.9,-32.95489,-70.61096
19.4,1.7546,51.160,2223.5,-32.94190,-70.60456
19.5,1.7569,51.140,2224.8,-32.94234,-70.60373
19.6,1.7573,51.140,2225.2,-32.94261,-70.60282
19.7,1.7345,51.100,2203.3,-32.94322,-70.60207
19.8,1.7318,51.060,2199.4,-32.94382,-70.60131
19.9,1.7423,51.060,2208.7,-32.94409,-70.60041
20.0,1.7587,51.080,2224.2,-32.94420,-70.59944
20.1,1.7820,51.040,2243.4,-32.94481,-70.59869
20.2,1.7956,51.060,2256.3,-32.94491,-70.59772
20.3,1.8096,51.040,2268.0,-32.94536,-70.59689
20.4,1.8231,51.020,2279.3,-32.94581,-70.59607
20.5,1.8057,51.000,2263.1,-32.94625,-70.59525
20.6,1.8240,50.540,2261.5,-32.95041,-70.59609
20.7,1.8254,50.560,2263.5,-32.95052,-70.59512
20.8,1.8038,50.760,2252.1,-32.94912,-70.59348
20.9,1.7935,50.780,2243.7,-32.94923,-70.59252
21.0,1.8029,83.480,3582.2,-32.67465,-70.46701
21.1,1.8170,83.660,3610.5,-32.67361,-70.46487
21.2,1.8142,84.400,3638.3,-32.66786,-70.46057
21.3,1.8251,84.240,3647.4,-32.66968,-70.45972
21.4,1.8422,86.140,3756.0,-32.65423,-70.45091
21.5,1.8458,86.180,3763.1,-32.65438,-70.44926
21.6,1.9011,48.780,2259.2,-32.96798,-70.59417
21.7,1.9777,48.760,2323.7,-32.96843,-70.59340
21.8,2.0223,48.680,2358.4,-32.96938,-70.59287
21.9,2.0015,48.640,2339.0,-32.97000,-70.59218
22.0,1.9714,48.600,2311.7,-32.97062,-70.59150
22.1,1.9559,48.580,2297.8,-32.97107,-70.59073
22.2,1.9403,48.580,2284.5,-32.97135,-70.58989
22.3,1.9356,48.640,2282.9,-32.97114,-70.58881
22.4,1.9491,48.620,2293.6,-32.97160,-70.58805
22.5,1.9725,48.580,2311.8,-32.97222,-70.58737
22.6,1.9912,48.540,2326.1,-32.97284,-70.58669
22.7,1.9960,48.500,2328.5,-32.97347,-70.58602
22.8,1.9865,48.480,2319.7,-32.97393,-70.58526
22.9,1.9652,48.480,2301.6,-32.97422,-70.58443
23.0,1.9516,48.480,2290.1,-32.97452,-70.58359
23.1,1.9412,48.480,2281.2,-32.97481,-70.58275
23.2,1.9237,48.460,2265.6,-32.97528,-70.58200
23.3,1.9022,48.460,2247.3,-32.97558,-70.58117
23.4,1.8920,48.460,2238.7,-32.97588,-70.58034
23.5,1.8893,48.380,2233.3,-32.97684,-70.57984
23.6,1.8994,48.360,2241.0,-32.97730,-70.57910
23.7,1.9156,48.320,2253.1,-32.97794,-70.57844
23.8,1.9407,48.280,2272.7,-32.97857,-70.57778
23.9,1.9432,48.240,2273.2,-32.97921,-70.57713
24.0,1.8968,48.220,2233.2,-32.97968,-70.57639
24.1,1.8428,48.160,2185.5,-32.98048,-70.57583
24.2,1.8003,47.960,2142.1,-32.98243,-70.57588
24.3,1.7797,47.920,2123.2,-32.98306,-70.57524
24.4,1.7597,47.840,2103.6,-32.98403,-70.57477
24.5,1.7666,87.920,3718.2,-32.65585,-70.39717
24.6,1.7643,87.760,3707.7,-32.65773,-70.39638
24.7,1.7609,86.940,3667.6,-32.66501,-70.39852
24.8,1.7363,87.220,3642.0,-32.66329,-70.39581
24.9,1.8124,92.620,3995.5,-32.61972,-70.37024
25.0,1.8489,92.620,4054.6,-32.62033,-70.36867
25.1,1.8109,92.700,3996.5,-32.62028,-70.36675
25.2,1.8101,91.200,3929.1,-32.63313,-70.37194
25.3,1.7994,91.180,3911.0,-32.63390,-70.37049
25.4,1.7891,91.160,3893.8,-32.63467,-70.36905
25.5,1.7689,91.200,3863.3,-32.63495,-70.36733
25.6,1.7582,91.180,3845.3,-32.63573,-70.36588
25.7,1.7747,91.120,3869.0,-32.63683,-70.36462
25.8,1.8205,90.560,3917.2,-32.64199,-70.36567
25.9,1.8513,90.120,3946.4,-32.64617,-70.36618
26.0,1.8166,90.200,3895.2,-32.64614,-70.36430
26.1,1.7905,90.200,3854.1,-32.64675,-70.36278
26.2,1.7591,90.140,3801.9,-32.64786,-70.36155
26.3,1.7318,90.100,3757.2,-32.64880,-70.36023
26.4,1.7483,90.040,3780.7,-32.64991,-70.35900
26.5,1.7890,88.840,3792.5,-32.66021,-70.36317
26.6,1.8228,88.900,3847.7,-32.66035,-70.36140
26.7,1.8170,88.840,3836.1,-32.66145,-70.36020
26.8,1.8280,88.740,3848.7,-32.66288,-70.35920
26.9,1.8273,88.320,3829.0,-32.66688,-70.35973
27.0,1.8418,85.060,3708.0,-32.69368,-70.37395
27.1,1.8420,84.840,3698.6,-32.69605,-70.37360
27.2,1.8308,84.660,3674.2,-32.69810,-70.37306
27.3,1.8408,84.540,3683.6,-32.69966,-70.37224
27.4,1.8608,84.360,3705.4,-32.70171,-70.37171
27.5,1.8869,84.060,3730.5,-32.70471,-70.37179
27.6,1.8607,84.020,3690.3,-32.70564,-70.37059
27.7,1.8434,83.740,3652.6,-32.70848,-70.37058
27.8,1.8629,83.120,3653.9,-32.71403,-70.37226
27.9,1.8844,83.020,3680.6,-32.71543,-70.37138
28.0,1.9146,82.840,3716.6,-32.71747,-70.37091
28.1,1.9379,82.720,3744.8,-32.71903,-70.37014
28.2,1.9359,82.720,3741.9,-32.71964,-70.36878
28.3,1.8986,82.780,3690.6,-32.71978,-70.36711
28.4,1.8686,82.760,3646.4,-32.72055,-70.36585
28.5,1.8536,80.580,3529.6,-32.73843,-70.37553
28.6,1.8803,80.580,3567.3,-32.73903,-70.37421
28.7,1.9086,80.620,3608.9,-32.73932,-70.37268
28.8,1.9015,81.060,3618.4,-32.73645,-70.36911
28.9,1.8928,80.180,3567.3,-32.74400,-70.37230
29.0,1.9346,80.040,3619.6,-32.74571,-70.37170
29.1,1.8759,80.100,3540.1,-32.74584,-70.37009
29.2,1.8361,80.260,3491.2,-32.74519,-70.36795
29.3,1.8070,79.500,3418.2,-32.75178,-70.37059
29.4,1.7947,32.640,1572.7,-33.12019,-70.61461
29.5,1.8111,32.620,1581.4,-33.12060,-70.61418
29.6,1.8067,32.620,1578.9,-33.12085,-70.61365
29.7,1.8223,32.460,1581.9,-33.12236,-70.61396
29.8,1.8433,32.440,1593.1,-33.12276,-70.61354
29.9,1.8630,32.560,1608.7,-33.12208,-70.61237
30.0,1.8810,32.580,1619.7,-33.12218,-70.61174
30.1,1.8996,32.700,1634.8,-33.12150,-70.61056
30.2,1.9160,32.720,1645.0,-33.12160,-70.60993
30.3,1.9226,32.720,1648.8,-33.12186,-70.60940
30.4,1.9146,32.680,1642.7,-33.12243,-70.60908
30.5,1.9108,32.700,1641.2,-33.12253,-70.60844
30.6,1.9539,100.200,4583.5,-32.59911,-70.24211
30.7,1.9436,100.260,4568.3,-32.59944,-70.24018
30.8,1.9625,100.400,4608.1,-32.59915,-70.23781
30.9,1.9353,100.460,4563.2,-32.59949,-70.23587
31.0,1.9162,100.500,4531.6,-32.59999,-70.23404
31.1,1.8872,37.300,1801.4,-33.08863,-70.57985
31.2,1.9022,37.340,1812.7,-33.08863,-70.57903
31.3,1.9189,54.020,2486.9,-32.96054,-70.48583
31.4,1.9417,54.620,2533.2,-32.95636,-70.48163
31.5,1.9896,54.560,2576.4,-32.95727,-70.48109
31.6,2.0340,54.500,2616.2,-32.95818,-70.48056
31.7,2.0828,54.500,2662.7,-32.95862,-70.47969
31.8,2.1353,54.460,2710.9,-32.95938,-70.47904
31.9,2.1744,54.440,2747.2,-32.95998,-70.47829
32.0,2.1896,54.580,2768.1,-32.95936,-70.47663
32.1,2.1931,54.580,2771.5,-32.95981,-70.47576
32.2,2.1893,54.580,2767.9,-32.96027,-70.47490
32.3,2.1901,54.560,2767.7,-32.96088,-70.47415
32.4,2.1755,54.620,2756.5,-32.96087,-70.47294
32.5,2.1625,37.580,1993.0,-33.09081,-70.56991
32.6,2.1911,37.580,2011.7,-33.09113,-70.56931
32.7,2.2202,37.580,2030.9,-33.09145,-70.56872
32.8,2.2482,37.580,2049.2,-33.09177,-70.56813
32.9,2.2732,37.560,2064.8,-33.09224,-70.56765
33.0,2.2880,37.540,2073.6,-33.09271,-70.56718
33.1,2.2842,37.560,2072.0,-33.09288,-70.56647
33.2,2.3306,55.380,2941.4,-32.95884,-70.46161
33.3,2.3580,55.360,2966.9,-32.95947,-70.46086
33.4,2.3905,55.340,2997.5,-32.96009,-70.46011
33.5,2.4019,55.360,3009.5,-32.96042,-70.45913
33.6,2.3876,55.380,2996.6,-32.96075,-70.45814
33.7,2.3847,55.420,2995.7,-32.96093,-70.45704
33.8,2.3842,55.460,2997.2,-32.96111,-70.45594
33.9,2.3989,55.480,3012.5,-32.96144,-70.45496
34.0,2.4207,55.420,3030.7,-32.96237,-70.45445
34.1,2.4155,55.420,3025.7,-32.96286,-70.45359
34.2,2.4204,55.380,3028.4,-32.96364,-70.45297
34.3,2.4559,55.340,3060.7,-32.96443,-70.45236
34.4,2.5459,55.260,3143.8,-32.96551,-70.45198
34.5,2.6018,55.320,3201.0,-32.96555,-70.45076
34.6,2.6155,55.380,3217.5,-32.96560,-70.44955
34.7,2.6092,55.380,3211.3,-32.96609,-70.44869
34.8,2.6039,55.420,3208.3,-32.96629,-70.44759
34.9,2.6146,55.420,3218.7,-32.96678,-70.44674
35.0,2.6471,55.440,3251.3,-32.96713,-70.44577
35.1,2.6463,55.440,3250.5,-32.96763,-70.44492
35.2,2.6584,55.440,3262.3,-32.96813,-70.44407
35.3,2.6840,55.380,3283.8,-32.96907,-70.44359
35.4,2.7192,55.800,3341.2,-32.96648,-70.44014
35.5,2.7573,55.920,3385.1,-32.96611,-70.43855
35.6,2.7735,56.140,3413.3,-32.96500,-70.43633
35.7,2.7825,56.520,3443.6,-32.96273,-70.43310
35.8,2.7640,56.540,3426.4,-32.96310,-70.43212
35.9,2.7238,56.560,3387.6,-32.96347,-70.43113
36.0,2.7236,55.180,3311.2,-32.97406,-70.43893
36.1,2.7452,55.040,3324.3,-32.97559,-70.43898
36.2,2.7469,55.040,3326.0,-32.97609,-70.43814
36.3,2.7378,55.080,3319.4,-32.97631,-70.43706
36.4,2.7392,55.060,3319.6,-32.97697,-70.43635
36.5,2.7511,54.980,3326.7,-32.97806,-70.43603
36.6,2.7670,54.880,3336.4,-32.97929,-70.43584
36.7,2.7682,54.840,3335.3,-32.98009,-70.43527
36.8,2.7922,37.720,2414.5,-33.10418,-70.54407
36.9,2.8161,37.720,2430.3,-33.10453,-70.54350
37.0,2.8169,37.660,2427.5,-33.10532,-70.54332
37.1,2.8256,37.600,2430.0,-33.10611,-70.54314
37.2,2.8555,38.380,2492.7,-33.10086,-70.53753
37.3,2.8842,38.360,2510.8,-33.10137,-70.53709
37.4,2.9382,38.340,2546.0,-33.10188,-70.53665
37.5,2.9607,38.300,2558.8,-33.10253,-70.53634
37.6,3.0041,38.240,2584.4,-33.10332,-70.53616
37.7,2.9931,38.260,2578.2,-33.10354,-70.53546
37.8,3.0228,34.580,2385.4,-33.13011,-70.55904
37.9,3.0702,34.560,2412.9,-33.13059,-70.55866
38.0,3.1298,34.540,2447.8,-33.13106,-70.55828
38.1,3.1804,34.560,2479.6,-33.13125,-70.55764
38.2,3.2214,34.600,2506.9,-33.13130,-70.55686
38.3,3.2391,34.680,2522.5,-33.13107,-70.55582
38.4,3.2478,34.760,2532.7,-33.13085,-70.55478
38.5,3.2346,34.740,2523.5,-33.13133,-70.55440
38.6,3.2256,34.740,2518.0,-33.13166,-70.55389
38.7,3.1906,34.780,2499.1,-33.13172,-70.55311
38.8,3.1575,34.820,2481.3,-33.13178,-70.55234
38.9,3.1094,34.840,2453.2,-33.13198,-70.55169
39.0,3.0614,34.840,2423.9,-33.13233,-70.55118
39.1,3.0336,34.560,2390.8,-33.13463,-70.55257
39.2,3.0506,34.440,2394.1,-33.13581,-70.55288
39.3,3.0779,34.420,2409.4,-33.13629,-70.55251
39.4,3.1062,33.340,2362.8,-33.14415,-70.55935
39.5,3.1511,33.420,2393.8,-33.14393,-70.55833
39.6,3.1978,33.480,2424.8,-33.14384,-70.55743
39.7,3.2302,33.560,2448.6,-33.14362,-70.55640
39.8,3.2257,33.600,2448.5,-33.14368,-70.55564
39.9,3.2073,33.580,2436.4,-33.14416,-70.55529
40.0,3.1838,33.580,2422.6,-33.14450,-70.55481
40.1,3.1653,33.560,2410.5,-33.14497,-70.55447
40.2,3.1470,33.560,2399.7,-33.14531,-70.55398
40.3,3.1229,33.540,2384.4,-33.14579,-70.55364
40.4,3.0895,33.540,2364.7,-33.14613,-70.55316
40.5,3.0732,51.840,3445.2,-33.02099,-70.42552
40.6,3.1034,51.880,3475.1,-33.02125,-70.42450
40.7,3.1346,51.840,3501.0,-33.02205,-70.42404
40.8,3.1459,51.800,3508.7,-33.02285,-70.42358
40.9,3.1678,51.740,3524.9,-33.02379,-70.42326
41.0,3.1936,51.660,3543.2,-33.02486,-70.42309
41.1,3.1619,51.400,3498.3,-33.02716,-70.42418
41.2,3.1599,50.980,3470.3,-33.03054,-70.42641
41.3,3.1772,51.060,3490.8,-33.03053,-70.42513
41.4,3.1863,51.060,3499.0,-33.03105,-70.42441
41.5,3.1729,51.020,3484.4,-33.03185,-70.42397
41.6,3.1449,50.940,3454.5,-33.03292,-70.42382
41.7,3.1284,50.860,3434.8,-33.03399,-70.42368
41.8,3.1167,50.780,3419.5,-33.03506,-70.42354
41.9,3.1228,50.660,3417.5,-33.03639,-70.42368
42.0,3.1600,50.440,3436.8,-33.03840,-70.42455
42.1,3.1737,50.360,3444.0,-33.03946,-70.42442
42.2,3.1469,49.340,3357.2,-33.04681,-70.43104
42.3,3.1722,49.440,3385.3,-33.04666,-70.42963
42.4,3.1861,49.020,3371.1,-33.04998,-70.43198
42.5,3.2176,48.920,3391.9,-33.05116,-70.43202
42.6,3.2243,48.880,3395.1,-33.05195,-70.43163
42.7,3.2274,48.860,3396.5,-33.05260,-70.43110
42.8,3.2280,48.800,3393.3,-33.05351,-70.43086
42.9,3.2044,48.680,3365.5,-33.05482,-70.43106
43.0,3.1956,48.620,3354.3,-33.05574,-70.43083
43.1,3.1991,52.400,3594.9,-33.03135,-70.40255
43.2,3.2253,52.440,3621.4,-33.03165,-70.40154
43.3,3.2648,52.440,3657.8,-33.03221,-70.40082
43.4,3.2881,52.440,3679.2,-33.03277,-70.40011
43.5,3.3130,52.440,3702.1,-33.03334,-70.39939
43.6,3.3140,52.420,3701.6,-33.03403,-70.39883
43.7,3.3102,52.320,3691.6,-33.03525,-70.39885
43.8,3.3106,52.220,3685.6,-33.03647,-70.39888
43.9,3.3194,52.100,3685.8,-33.03781,-70.39906
44.0,3.3451,51.920,3697.4,-33.03955,-70.39969
44.1,3.3796,51.540,3703.6,-33.04258,-70.40182
44.2,3.4044,51.800,3743.4,-33.04145,-70.39919
44.3,3.3658,51.580,3693.9,-33.04344,-70.40013
44.4,3.3287,51.560,3659.0,-33.04413,-70.39959
44.5,3.3068,51.580,3640.5,-33.04457,-70.39875
44.6,3.2926,51.700,3635.4,-33.04436,-70.39715
44.7,3.2814,51.740,3627.8,-33.04468,-70.39616
44.8,3.2610,51.500,3594.0,-33.04678,-70.39728
44.9,3.2506,51.480,3583.3,-33.04748,-70.39674
45.0,3.2529,51.440,3582.8,-33.04830,-70.39636
45.1,3.2538,51.460,3584.9,-33.04875,-70.39553
45.2,3.3323,50.520,3594.4,-33.05530,-70.40198
45.3,3.4012,50.440,3650.1,-33.05637,-70.40192
45.4,3.4488,50.320,3684.1,-33.05769,-70.40216
45.5,3.4743,49.860,3675.5,-33.06116,-70.40501
45.6,3.5140,49.560,3689.7,-33.06361,-70.40664
45.7,3.5595,49.500,3725.1,-33.06454,-70.40645
45.8,3.5802,49.440,3739.0,-33.06548,-70.40626
45.9,3.5936,49.420,3749.2,-33.06616,-70.40577
46.0,3.5856,49.520,3749.2,-33.06609,-70.40435
46.1,3.5803,49.560,3747.3,-33.06639,-70.40340
46.2,3.5502,48.620,3656.6,-33.07283,-70.41001
46.3,3.5126,48.080,3587.7,-33.07674,-70.41355
46.4,3.4730,48.080,3554.3,-33.07729,-70.41293
46.5,3.4486,49.240,3611.5,-33.07062,-70.40331
46.6,3.4463,49.160,3604.1,-33.07168,-70.40329
46.7,3.4210,49.440,3600.9,-33.07050,-70.40048
46.8,3.4185,49.480,3601.4,-33.07082,-70.39953
46.9,3.4375,49.520,3620.6,-33.07114,-70.39858
47.0,3.4332,49.560,3619.6,-33.07146,-70.39763
47.1,3.4148,48.360,3523.8,-33.07940,-70.40640
47.2,3.4254,48.220,3523.5,-33.08082,-70.40688
47.3,3.4079,48.100,3500.8,-33.08211,-70.40721
47.4,3.4105,49.580,3601.1,-33.07361,-70.39494
47.5,3.4080,49.580,3598.9,-33.07418,-70.39431
47.6,3.3686,49.440,3555.5,-33.07561,-70.39478
47.7,3.3633,49.340,3544.4,-33.07679,-70.39495
47.8,3.3760,49.280,3551.4,-33.07772,-70.39480
47.9,3.4161,49.200,3580.7,-33.07878,-70.39481
48.0,3.4500,49.180,3608.6,-33.07947,-70.39435
48.1,3.4720,49.160,3626.2,-33.08016,-70.39389
48.2,3.4403,49.240,3604.3,-33.08026,-70.39264
48.3,3.4089,49.340,3583.8,-33.08023,-70.39122
48.4,3.4247,49.380,3600.1,-33.08057,-70.39028
48.5,3.4403,49.420,3616.3,-33.08091,-70.38935
48.6,3.4651,49.440,3639.2,-33.08137,-70.38857
48.7,3.4351,49.460,3614.5,-33.08183,-70.38780
48.8,3.3923,49.540,3582.7,-33.08193,-70.38654
48.9,3.3818,49.580,3576.2,-33.08228,-70.38560
49.0,3.3865,49.580,3580.3,-33.08286,-70.38499
49.1,3.4268,48.280,3528.7,-33.09114,-70.39489
49.2,3.4864,48.320,3581.8,-33.09148,-70.39397
49.3,3.5168,48.260,3603.5,-33.09240,-70.39387
49.4,3.5065,48.180,3589.4,-33.09344,-70.39393
49.5,3.5037,47.600,3547.7,-33.09742,-70.39806
49.6,3.5286,47.120,3535.7,-33.10080,-70.40139
49.7,3.5575,46.980,3550.0,-33.10218,-70.40196
49.8,3.5564,47.320,3572.4,-33.10076,-70.39861
49.9,3.5239,47.320,3545.5,-33.10132,-70.39803
50.0,3.4734,47.280,3500.8,-33.10212,-70.39779
50.1,3.4263,52.400,3803.5,-33.07301,-70.35518
50.2,3.4477,52.600,3836.7,-33.07248,-70.35291
50.3,3.4626,44.420,3300.8,-33.12033,-70.41964
50.4,3.5110,44.440,3339.8,-33.12075,-70.41894
50.5,3.5565,44.000,3345.2,-33.12382,-70.42204
50.6,3.6166,43.580,3362.5,-33.12676,-70.42499
50.7,3.6743,43.580,3406.6,-33.12728,-70.42447
50.8,3.7279,43.840,3466.1,-33.12633,-70.42179
50.9,3.7695,43.740,3490.9,-33.12743,-70.42210
51.0,3.7987,42.160,3399.1,-33.13694,-70.43474
51.1,3.8524,42.200,3441.7,-33.13723,-70.43390
51.2,3.8731,42.140,3452.6,-33.13808,-70.43391
51.3,3.8702,42.100,3447.6,-33.13882,-70.43374
51.4,3.8762,41.920,3438.7,-33.14035,-70.43476
51.5,3.8986,40.980,3385.8,-33.14615,-70.44215
51.6,3.9315,41.040,3413.9,-33.14632,-70.44116
51.7,3.9622,40.920,3427.0,-33.14749,-70.44169
51.8,3.9570,40.920,3423.3,-33.14800,-70.44122
51.9,3.9447,40.880,3411.4,-33.14872,-70.44108
52.0,3.9482,40.760,3405.0,-33.14989,-70.44162
52.1,3.9773,40.700,3421.4,-33.15073,-70.44165
52.2,3.9834,40.520,3412.1,-33.15223,-70.44271
52.3,3.9863,40.420,3406.7,-33.15328,-70.44309
52.4,3.9578,40.420,3386.4,-33.15379,-70.44262
52.5,3.9256,38.900,3251.0,-33.16265,-70.45508
52.6,3.9598,38.900,3274.4,-33.16313,-70.45464
52.7,3.9830,38.840,3285.7,-33.16394,-70.45470
52.8,4.0151,38.820,3306.1,-33.16454,-70.45443
52.9,4.0316,39.680,3382.5,-33.16033,-70.44664
53.0,4.0460,39.220,3357.5,-33.16333,-70.45013
53.1,4.0418,39.200,3353.1,-33.16393,-70.44985
53.2,4.0274,38.620,3299.3,-33.16756,-70.45439
53.3,4.0493,38.500,3305.0,-33.16869,-70.45498
53.4,4.0239,38.360,3277.3,-33.16993,-70.45576
53.5,4.0043,38.360,3264.0,-33.17041,-70.45533
53.6,4.0372,37.620,3230.1,-33.17486,-70.46128
53.7,4.1111,37.620,3278.9,-33.17534,-70.46086
53.8,4.1902,37.620,3331.2,-33.17581,-70.46044
53.9,4.1667,37.600,3314.0,-33.17640,-70.46020
54.0,4.1197,37.600,3283.0,-33.17687,-70.45978
54.1,4.0895,37.320,3241.6,-33.17883,-70.46180
54.2,4.0795,37.340,3236.6,-33.17920,-70.46121
54.3,4.1055,37.240,3246.0,-33.18020,-70.46167
54.4,4.1019,37.220,3242.0,-33.18078,-70.46144
54.5,4.0933,37.220,3236.5,-33.18126,-70.46103
54.6,4.0859,37.180,3228.5,-33.18194,-70.46097
54.7,4.0793,37.180,3224.2,-33.18241,-70.46057
54.8,4.0766,37.140,3219.4,-33.18310,-70.46051
54.9,4.0715,37.120,3214.6,-33.18368,-70.46029
55.0,4.0752,37.080,3213.9,-33.18436,-70.46024
55.1,4.0756,37.000,3208.1,-33.18525,-70.46054
55.2,4.0751,36.960,3204.7,-33.18593,-70.46049
55.3,4.0710,36.920,3199.0,-33.18661,-70.46045
55.4,4.0659,36.900,3194.1,-33.18719,-70.46023
55.5,4.0572,36.880,3187.0,-33.18777,-70.46001
55.6,4.0522,36.860,3182.2,-33.18835,-70.45980
55.7,4.0625,36.820,3185.9,-33.18903,-70.45976
55.8,4.0551,36.160,3131.0,-33.19286,-70.46522
55.9,4.0253,36.120,3109.0,-33.19353,-70.46520
56.0,3.9870,36.060,3080.3,-33.19430,-70.46535
56.1,3.9396,36.180,3059.1,-33.19417,-70.46390
56.2,3.8993,43.580,3578.7,-33.15742,-70.39759
56.3,3.9319,43.540,3600.6,-33.15819,-70.39749
56.4,3.9534,43.580,3620.1,-33.15856,-70.39667
56.5,3.9673,43.440,3620.1,-33.15982,-70.39747
56.6,3.9817,43.420,3629.6,-33.16049,-70.39720
56.7,4.0009,43.400,3642.7,-33.16116,-70.39693
56.8,4.0042,43.380,3643.7,-33.16183,-70.39666
56.9,3.9829,43.420,3630.5,-33.16220,-70.39585
57.0,3.9547,43.440,3610.5,-33.16267,-70.39523
57.1,3.9456,43.420,3602.1,-33.16334,-70.39496
57.2,3.9528,43.420,3607.6,-33.16391,-70.39452
57.3,3.9212,43.380,3580.5,-33.16468,-70.39443
57.4,3.8794,43.380,3548.7,-33.16525,-70.39399
57.5,3.8418,43.380,3520.1,-33.16582,-70.39355
57.6,3.8536,43.880,3565.8,-33.16397,-70.38859
57.7,3.8400,43.920,3558.2,-33.16436,-70.38778
57.8,3.8341,42.980,3485.0,-33.16947,-70.39587
57.9,3.8349,42.960,3484.2,-33.17014,-70.39562
58.0,3.8597,42.920,3499.9,-33.17090,-70.39555
58.1,3.8860,42.900,3518.2,-33.17157,-70.39530
58.2,3.8840,42.900,3516.8,-33.17214,-70.39488
58.3,3.8566,42.880,3494.6,-33.17280,-70.39463
58.4,3.8577,42.860,3494.1,-33.17347,-70.39439
58.5,3.8752,42.880,3508.6,-33.17395,-70.39379
58.6,3.8996,42.880,3527.0,-33.17452,-70.39336
58.7,3.9284,42.800,3542.7,-33.17547,-70.39368
58.8,3.9619,42.820,3569.4,-33.17595,-70.39307
58.9,3.9728,42.840,3579.1,-33.17643,-70.39247
59.0,3.9742,42.900,3584.7,-33.17672,-70.39150
59.1,3.9351,42.880,3553.7,-33.17739,-70.39127
59.2,3.9153,34.000,2883.9,-33.21910,-70.47268
59.3,3.9118,42.780,3528.8,-33.17901,-70.39136
59.4,3.9441,42.740,3550.0,-33.17977,-70.39132
59.5,3.9779,42.740,3575.4,-33.18035,-70.39091
59.6,4.0178,42.760,3606.8,-33.18083,-70.39032
59.7,4.0357,42.720,3617.2,-33.18159,-70.39028
59.8,4.0433,42.640,3616.8,-33.18254,-70.39061
59.9,4.0452,42.560,3612.1,-33.18348,-70.39095
60.0,4.0439,42.560,3611.1,-33.18405,-70.39055
60.1,4.0207,42.520,3590.7,-33.18481,-70.39052
60.2,4.0122,42.480,3581.3,-33.18557,-70.39049
60.3,4.0322,42.420,3591.7,-33.18642,-70.39065
60.4,4.0487,42.360,3599.4,-33.18726,-70.39082
60.5,4.0410,42.340,3592.1,-33.18793,-70.39061
60.6,4.0292,42.320,3581.8,-33.18860,-70.39040
60.7,4.0030,42.300,3560.8,-33.18926,-70.39020
60.8,3.9917,33.340,2880.4,-33.22940,-70.47374
60.9,4.0002,33.320,2883.9,-33.22994,-70.47362
61.0,3.9964,33.320,2881.7,-33.23040,-70.47331
61.1,3.9978,33.320,2882.4,-33.23086,-70.47301
61.2,4.0012,42.400,3567.1,-33.19172,-70.38732
61.3,4.0089,42.400,3572.8,-33.19230,-70.38693
61.4,4.0016,42.360,3564.3,-33.19306,-70.38693
61.5,3.9940,42.280,3552.7,-33.19399,-70.38730
61.6,3.9859,42.260,3545.1,-33.19466,-70.38711
61.7,3.9730,42.180,3529.5,-33.19558,-70.38748
61.8,3.9482,42.140,3508.1,-33.19634,-70.38748
61.9,3.9393,33.180,2838.0,-33.23512,-70.47193
62.0,3.9471,33.120,2838.1,-33.23584,-70.47221
62.1,3.9569,32.980,2833.5,-33.23689,-70.47324
62.2,3.9546,32.960,2830.7,-33.23743,-70.47314
62.3,3.9214,32.940,2810.0,-33.23797,-70.47304
62.4,3.8904,32.900,2789.2,-33.23860,-70.47313
62.5,3.8742,59.520,4752.4,-33.12759,-70.21963
62.6,3.9032,59.500,4781.2,-33.12850,-70.21930
62.7,3.9199,59.480,4797.1,-33.12942,-70.21897
62.8,3.9943,57.760,4740.8,-33.13739,-70.23484
62.9,4.1440,57.700,4887.8,-33.13844,-70.23491
63.0,4.1589,57.680,4901.3,-33.13933,-70.23461
63.1,4.1444,57.580,4878.6,-33.14054,-70.23507
63.2,4.0914,57.500,4818.6,-33.14168,-70.23534
63.3,4.0355,57.460,4759.0,-33.14264,-70.23523
63.4,3.9465,57.560,4677.0,-33.14304,-70.23379
63.5,3.8994,57.800,4647.5,-33.14287,-70.23100
63.6,3.8794,57.860,4631.8,-33.14344,-70.22993
63.7,3.8720,57.660,4609.2,-33.14506,-70.23137
63.8,3.8862,57.680,4625.1,-33.14579,-70.23069
63.9,3.9213,52.020,4229.7,-33.16923,-70.28469
64.0,3.9514,52.060,4260.3,-33.16980,-70.28387
64.1,3.9780,52.080,4286.1,-33.17046,-70.28325
64.2,4.0206,52.100,4326.7,-33.17111,-70.28262
64.3,4.0359,52.100,4340.7,-33.17185,-70.28219
64.4,4.0321,52.100,4337.2,-33.17258,-70.28177
64.5,4.0669,52.100,4369.0,-33.17332,-70.28134
64.6,4.1250,52.080,4420.6,-33.17413,-70.28111
64.7,4.1899,52.040,4476.7,-33.17502,-70.28108
64.8,4.2384,52.080,4524.3,-33.17561,-70.28027
64.9,4.2829,52.060,4563.4,-33.17642,-70.28004
65.0,4.3324,52.040,4607.0,-33.17724,-70.27982
65.1,4.3270,52.100,4607.1,-33.17775,-70.27882
65.2,4.3055,52.440,4615.4,-33.17719,-70.27509
65.3,4.3317,52.540,4647.9,-33.17756,-70.27370
65.4,4.3594,52.580,4676.8,-33.17815,-70.27290
65.5,4.3424,52.660,4667.8,-33.17860,-70.27170
65.6,4.3882,52.760,4718.6,-33.17898,-70.27031
65.7,4.4384,52.780,4766.9,-33.17966,-70.26971
65.8,4.4976,52.820,4825.2,-33.18026,-70.26890
65.9,4.5289,52.940,4864.6,-33.18057,-70.26732
66.0,4.5324,52.980,4871.4,-33.18118,-70.26652
66.1,4.5670,53.040,4908.8,-33.18172,-70.26552
66.2,4.5508,53.060,4895.5,-33.18240,-70.26492
66.3,4.5583,53.140,4909.4,-33.18287,-70.26373
66.4,4.5355,53.240,4896.8,-33.18327,-70.26234
66.5,4.5052,53.280,4871.9,-33.18389,-70.26154
66.6,4.4879,53.380,4864.2,-33.18429,-70.26016
66.7,4.4776,53.520,4866.5,-33.18456,-70.25838
66.8,4.4971,53.600,4891.8,-33.18504,-70.25719
66.9,4.4629,53.700,4868.2,-33.18545,-70.25580
67.0,4.4001,53.940,4829.1,-33.18538,-70.25303
67.1,4.4666,54.280,4921.3,-33.18495,-70.24927
67.2,4.5454,54.280,4996.5,-33.18573,-70.24887
67.3,4.5740,54.320,5027.3,-33.18638,-70.24808
67.4,4.6291,54.720,5115.4,-33.18576,-70.24372
67.5,4.6674,54.720,5152.2,-33.18655,-70.24332
67.6,4.6410,54.700,5125.1,-33.18741,-70.24312
67.7,4.5683,54.720,5056.8,-33.18814,-70.24253
67.8,4.5238,54.680,5010.6,-33.18907,-70.24253
67.9,4.4856,54.660,4972.0,-33.18993,-70.24234
68.0,4.4724,54.660,4959.4,-33.19072,-70.24195
68.1,4.4826,54.700,4972.6,-33.19138,-70.24116
68.2,4.4912,54.760,4986.1,-33.19198,-70.24018
68.3,4.4148,55.000,4932.9,-33.19196,-70.23740
68.4,4.3046,54.880,4816.4,-33.19317,-70.23821
68.5,4.2482,54.600,4739.1,-33.19490,-70.24062
68.6,4.2107,54.520,4696.6,-33.19596,-70.24104
68.7,4.1963,54.520,4682.8,-33.19676,-70.24067
68.8,4.1839,54.520,4671.0,-33.19756,-70.24029
68.9,4.1943,54.520,4680.9,-33.19835,-70.23992
69.0,4.1938,54.520,4680.5,-33.19915,-70.23954
69.1,4.1979,54.520,4684.4,-33.19995,-70.23917
69.2,4.1939,54.500,4679.0,-33.20081,-70.23901
69.3,4.2137,54.480,4696.3,-33.20167,-70.23884
69.4,4.2131,54.580,4703.8,-33.20215,-70.23747
69.5,4.2199,54.680,4718.4,-33.20263,-70.23610
69.6,4.2599,54.900,4775.0,-33.20274,-70.23352
69.7,4.2800,54.980,4800.9,-33.20329,-70.23236
69.8,4.3017,57.860,5061.0,-33.19502,-70.20300
69.9,4.3380,57.540,5071.1,-33.19687,-70.20584
70.0,4.3782,57.480,5106.7,-33.19791,-70.20607
70.1,4.4174,57.480,5146.3,-33.19876,-70.20570
70.2,4.4514,57.480,5180.7,-33.19960,-70.20532
70.3,4.4675,57.520,5200.4,-33.20033,-70.20455
70.4,4.4231,57.000,5111.1,-33.20277,-70.20944
70.5,4.4611,56.720,5125.1,-33.20446,-70.21191
70.6,4.5440,56.740,5209.6,-33.20524,-70.21134
70.7,4.6403,56.680,5300.3,-33.20626,-70.21159
70.8,4.7029,56.720,5366.4,-33.20698,-70.21083
70.9,4.6680,56.820,5340.5,-33.20752,-70.20946
71.0,4.6160,56.540,5263.7,-33.20920,-70.21195
71.1,4.6078,56.180,5223.7,-33.21110,-70.21526
71.2,4.6338,55.700,5206.8,-33.21335,-70.21979
71.3,4.7040,55.580,5264.8,-33.21452,-70.22066
71.4,4.7509,55.540,5307.1,-33.21547,-70.22073
71.5,4.7611,55.560,5318.9,-33.21623,-70.22019
71.6,4.7541,55.620,5317.4,-33.21689,-70.21924
71.7,4.7693,55.680,5337.8,-33.21754,-70.21830
71.8,4.7333,55.700,5304.3,-33.21831,-70.21776
71.9,4.6635,55.720,5237.7,-33.21908,-70.21723
72.0,4.6426,55.660,5211.8,-33.22008,-70.21751
72.1,4.6669,55.580,5228.5,-33.22114,-70.21800
72.2,4.6698,55.580,5231.3,-33.22197,-70.21768
72.3,4.6601,55.540,5218.3,-33.22291,-70.21776
72.4,4.6209,55.520,5178.2,-33.22379,-70.21764
72.5,4.5646,55.560,5126.7,-33.22451,-70.21692
72.6,4.5774,54.940,5084.8,-33.22704,-70.22295
72.7,4.6151,54.920,5119.6,-33.22792,-70.22284
72.8,4.6726,54.820,5166.1,-33.22901,-70.22355
72.9,4.7534,54.760,5238.7,-33.22999,-70.22386
73.0,4.8033,54.740,5284.9,-33.23087,-70.22376
73.1,4.8614,54.780,5344.6,-33.23158,-70.22304
73.2,4.8820,54.740,5360.8,-33.23251,-70.22315
73.3,4.8624,54.720,5340.0,-33.23338,-70.22306
73.4,4.8551,54.740,5334.8,-33.23415,-70.22255
73.5,4.8534,54.740,5333.1,-33.23497,-70.22225
73.6,4.8551,54.580,5320.0,-33.23621,-70.22361
73.7,4.8816,54.540,5341.8,-33.23713,-70.22372
73.8,4.8809,54.580,5344.8,-33.23785,-70.22302
73.9,4.8951,55.380,5433.1,-33.23664,-70.21448
74.0,4.9038,55.200,5424.8,-33.23793,-70.21604
74.1,4.8989,55.080,5408.7,-33.23906,-70.21699
74.2,4.8662,55.060,5375.2,-33.23994,-70.21691
74.3,4.8110,55.060,5321.7,-33.24078,-70.21662
74.4,4.7704,55.000,5276.9,-33.24175,-70.21696
74.5,4.7222,55.040,5233.8,-33.24249,-70.21626
74.6,4.6867,55.080,5203.1,-33.24322,-70.21557
74.7,4.6672,55.100,5186.0,-33.24401,-70.21508
74.8,4.6465,55.120,5167.7,-33.24479,-70.21460
74.9,4.6319,55.180,5158.8,-33.24548,-70.21370
75.0,4.6268,55.240,5159.2,-33.24617,-70.21280
75.1,4.5905,55.280,5127.4,-33.24692,-70.21211
75.2,4.5537,55.400,5102.2,-33.24747,-70.21060
75.3,4.4988,55.480,5055.6,-33.24813,-70.20950
75.4,4.4663,55.500,5025.6,-33.24892,-70.20902
75.5,4.4511,55.520,5012.4,-33.24972,-70.20854
75.6,4.3950,55.500,4956.0,-33.25061,-70.20849
75.7,4.3033,52.000,4577.1,-33.25939,-70.24465
75.8,4.2901,52.040,4568.3,-33.26009,-70.24399
75.9,4.2424,52.100,4529.6,-33.26075,-70.24312
76.0,4.2007,52.160,4496.3,-33.26140,-70.24225
76.1,4.1508,52.200,4453.8,-33.26211,-70.24160
76.2,4.1326,52.260,4441.8,-33.26277,-70.24073
76.3,4.0928,52.280,4406.9,-33.26353,-70.24028
76.4,4.0760,55.060,4610.2,-33.25831,-70.21102
76.5,4.1099,55.080,4644.6,-33.25911,-70.21056
76.6,4.1181,55.100,4654.1,-33.25990,-70.21011
76.7,4.1128,55.220,4658.6,-33.26049,-70.20861
76.8,4.0938,55.340,4649.6,-33.26108,-70.20711
76.9,4.1015,55.480,4668.2,-33.26163,-70.20540
77.0,4.1093,55.520,4679.0,-33.26240,-70.20474
77.1,4.0823,55.520,4652.6,-33.26325,-70.20450
77.2,4.0570,55.540,4629.5,-33.26405,-70.20406
77.3,4.0208,55.580,4597.4,-33.26482,-70.20340
77.4,3.9551,55.620,4536.3,-33.26559,-70.20275
77.5,3.9345,55.660,4519.2,-33.26636,-70.20210
77.6,3.9356,55.680,4521.9,-33.26718,-70.20165
77.7,3.9585,55.700,4545.7,-33.26799,-70.20122
77.8,3.9472,55.700,4534.7,-33.26884,-70.20099
77.9,3.9227,55.740,4513.8,-33.26962,-70.20034
78.0,3.9272,55.800,4522.8,-33.27036,-70.19949
78.1,3.9954,55.880,4595.8,-33.27106,-70.19842
78.2,4.0374,55.860,4635.4,-33.27196,-70.19841
78.3,4.0299,55.820,4625.0,-33.27289,-70.19861
78.4,4.0119,55.760,4602.7,-33.27386,-70.19903
78.5,3.9649,55.720,4553.6,-33.27479,-70.19923
78.6,3.9177,55.620,4499.8,-33.27583,-70.20007
78.7,3.9051,51.160,4150.2,-33.28476,-70.24687
78.8,3.9196,50.760,4132.9,-33.28626,-70.25089
78.9,3.9434,50.700,4149.6,-33.28715,-70.25134
79.0,3.9607,50.800,4172.6,-33.28775,-70.25010
79.1,3.9839,50.820,4194.8,-33.28850,-70.24970
79.2,3.9845,50.860,4198.4,-33.28921,-70.24909
79.3,3.9123,50.940,4140.0,-33.28986,-70.24806
79.4,3.8909,50.160,4062.4,-33.29197,-70.25612
79.5,3.8944,50.140,4063.9,-33.29278,-70.25616
79.6,3.8838,50.100,4051.6,-33.29362,-70.25641
79.7,3.8766,50.100,4045.3,-33.29439,-70.25623
79.8,3.8554,50.060,4023.7,-33.29523,-70.25648
79.9,3.8311,50.020,3999.4,-33.29607,-70.25674
80.0,3.8002,50.000,3970.8,-33.29687,-70.25678
80.1,3.8146,49.520,3948.2,-33.29841,-70.26170
80.2,3.8269,49.520,3958.8,-33.29918,-70.26153
80.3,3.8314,49.560,3965.7,-33.29988,-70.26095
80.4,3.8567,49.660,3995.1,-33.30049,-70.25973
80.5,3.9004,49.720,4037.7,-33.30117,-70.25893
80.6,3.9179,49.740,4054.5,-33.30191,-70.25856
80.7,3.9081,49.720,4044.4,-33.30271,-70.25862
80.8,3.8992,49.680,4033.7,-33.30353,-70.25889
80.9,3.8766,49.680,4013.9,-33.30430,-70.25873
81.0,3.8218,49.700,3967.6,-33.30504,-70.25837
81.1,3.8014,48.920,3892.7,-33.30694,-70.26651
81.2,3.7859,48.820,3872.1,-33.30784,-70.26742
81.3,3.7660,48.820,3855.1,-33.30859,-70.26728
81.4,3.7432,48.840,3837.0,-33.30932,-70.26692
81.5,3.7319,48.840,3827.3,-33.31008,-70.26678
81.6,3.7265,48.840,3822.7,-33.31084,-70.26664
81.7,3.7236,48.860,3821.6,-33.31157,-70.26629
81.8,3.7190,48.880,3819.1,-33.31230,-70.26594
81.9,3.6816,48.920,3789.9,-33.31301,-70.26538
82.0,3.6676,56.140,4293.0,-33.30438,-70.18835
82.1,3.6708,56.180,4299.1,-33.30520,-70.18778
82.2,3.6559,56.160,4282.9,-33.30610,-70.18784
82.3,3.6587,56.180,4287.1,-33.30695,-70.18748
82.4,3.6477,56.220,4279.2,-33.30777,-70.18691
82.5,3.5981,56.280,4234.5,-33.30857,-70.18612
82.6,3.5273,56.240,4161.7,-33.30950,-70.18640
82.7,3.4687,56.180,4099.8,-33.31044,-70.18690
82.8,3.4626,49.220,3622.2,-33.31950,-70.26104
82.9,3.4464,49.240,3609.5,-33.32024,-70.26071
83.0,3.4151,49.300,3586.5,-33.32094,-70.25995
83.1,3.4035,49.280,3575.2,-33.32173,-70.26004
83.2,3.3670,49.240,3541.0,-33.32254,-70.26036
83.3,3.3399,49.160,3512.4,-33.32340,-70.26110
83.4,3.3442,56.320,3986.5,-33.31642,-70.18447
83.5,3.3712,56.340,4014.5,-33.31727,-70.18413
83.6,3.4062,56.360,4050.4,-33.31813,-70.18379
83.7,3.4366,56.400,4083.1,-33.31897,-70.18324
83.8,3.4546,56.400,4100.9,-33.31985,-70.18312
83.9,3.4660,56.420,4113.7,-33.32071,-70.18279
84.0,3.4622,56.420,4109.9,-33.32159,-70.18267
84.1,3.4641,56.420,4111.8,-33.32247,-70.18255
84.2,3.4443,56.380,4089.4,-33.32339,-70.18287
84.3,3.4296,56.360,4073.6,-33.32429,-70.18297
84.4,3.4207,56.340,4063.4,-33.32518,-70.18307
84.5,3.4215,56.340,4064.2,-33.32606,-70.18296
84.6,3.4329,56.340,4075.4,-33.32694,-70.18286
84.7,3.4625,56.360,4106.0,-33.32781,-70.18254
84.8,3.4911,56.380,4135.7,-33.32867,-70.18222
84.9,3.5224,56.400,4168.0,-33.32953,-70.18190
85.0,3.5413,56.420,4188.1,-33.33040,-70.18159
85.1,3.5243,56.400,4170.0,-33.33130,-70.18171
85.2,3.4806,56.360,4123.9,-33.33221,-70.18204
85.3,3.4369,56.360,4080.8,-33.33309,-70.18195
85.4,3.4345,56.340,4077.0,-33.33399,-70.18207
85.5,3.4407,56.340,4083.2,-33.33487,-70.18198
85.6,3.4257,56.360,4069.7,-33.33574,-70.18168
85.7,3.3375,56.260,3976.0,-33.33669,-70.18266
85.8,3.2892,56.280,3929.6,-33.33756,-70.18236
85.9,3.2478,56.340,3892.7,-33.33840,-70.18164
86.0,3.2191,56.400,3868.1,-33.33924,-70.18091
86.1,3.2268,56.460,3879.6,-33.34008,-70.18019
86.2,3.2300,56.540,3887.9,-33.34091,-70.17925
86.3,3.2322,56.560,3891.4,-33.34179,-70.17896
86.4,3.2405,56.580,3900.9,-33.34266,-70.17867
86.5,3.2748,56.600,3936.2,-33.34353,-70.17839
86.6,3.2614,56.700,3929.3,-33.34436,-70.17724
86.7,3.2732,56.800,3947.6,-33.34519,-70.17610
86.8,3.2650,56.840,3942.1,-33.34606,-70.17560
86.9,3.2422,56.760,3914.1,-33.34700,-70.17640
87.0,3.2526,56.420,3902.5,-33.34806,-70.17999
87.1,3.2978,56.440,3948.5,-33.34894,-70.17971
87.2,3.3043,56.400,3952.4,-33.34984,-70.18008
87.3,3.2993,56.380,3946.1,-33.35073,-70.18024
87.4,3.2819,56.420,3931.5,-33.35160,-70.17976
87.5,3.2827,56.440,3933.6,-33.35248,-70.17949
87.6,3.2946,56.500,3949.4,-33.35334,-70.17879
87.7,3.3080,56.560,3966.5,-33.35420,-70.17810
87.8,3.3412,56.580,4000.8,-33.35508,-70.17783
87.9,3.3462,56.600,4007.0,-33.35596,-70.17757
88.0,3.3161,56.500,3970.6,-33.35688,-70.17860
88.1,3.3421,56.360,3987.1,-33.35782,-70.18007
88.2,3.3591,56.280,3998.6,-33.35873,-70.18089
88.3,3.3707,56.220,4006.1,-33.35963,-70.18150
88.4,3.3603,56.180,3993.1,-33.36052,-70.18189
88.5,3.3489,56.180,3981.9,-33.36140,-70.18186
88.6,3.3701,55.660,3968.2,-33.36243,-70.18742
88.7,3.4196,55.580,4011.1,-33.36332,-70.18825
88.8,3.4167,55.400,3996.1,-33.36424,-70.19016
88.9,3.4170,55.300,3989.6,-33.36513,-70.19121
89.0,3.4170,55.240,3985.7,-33.36601,-70.19183
89.1,3.4401,55.200,4005.3,-33.36688,-70.19224
89.2,3.4590,55.160,4020.8,-33.36776,-70.19265
89.3,3.5008,55.140,4059.9,-33.36863,-70.19284
89.4,3.5270,55.140,4085.2,-33.36949,-70.19283
89.5,3.5097,55.080,4064.4,-33.37036,-70.19346
89.6,3.4891,55.000,4039.0,-33.37124,-70.19430
89.7,3.4936,54.960,4040.6,-33.37211,-70.19472
89.8,3.5090,54.960,4055.5,-33.37297,-70.19471
89.9,3.5438,55.000,4091.7,-33.37383,-70.19427
90.0,3.5594,55.040,4109.6,-33.37469,-70.19384
90.1,3.5383,55.120,4094.8,-33.37555,-70.19297
90.2,3.4859,55.080,4041.4,-33.37642,-70.19340
90.3,3.4426,55.040,3996.9,-33.37728,-70.19383
90.4,3.4106,64.540,4610.4,-33.37821,-70.09149
90.5,3.4259,64.580,4630.5,-33.37923,-70.09106
90.6,3.4109,64.400,4601.2,-33.38024,-70.09301
90.7,3.3987,64.360,4584.6,-33.38124,-70.09344
90.8,3.3853,54.560,3909.5,-33.38157,-70.19902
90.9,3.4289,54.520,3948.5,-33.38242,-70.19946
91.0,3.4761,54.520,3993.7,-33.38328,-70.19947
91.1,3.5235,54.560,4041.8,-33.38414,-70.19905
91.2,3.5381,54.500,4051.6,-33.38498,-70.19971
91.3,3.5575,54.460,4067.3,-33.38583,-70.20016
91.4,3.5809,54.400,4085.5,-33.38668,-70.20082
91.5,3.6032,54.380,4105.4,-33.38753,-70.20106
91.6,3.6082,54.340,4107.3,-33.38837,-70.20151
91.7,3.6184,54.300,4114.2,-33.38922,-70.20197
91.8,3.6487,54.240,4138.7,-33.39006,-70.20264
91.9,3.6713,54.200,4157.4,-33.39090,-70.20310
92.0,3.6264,54.120,4109.1,-33.39173,-70.20399
92.1,3.5404,54.040,4021.8,-33.39255,-70.20488
92.2,3.4648,54.500,3981.5,-33.39354,-70.19996
92.3,3.4709,54.560,3991.4,-33.39441,-70.19935
92.4,3.4855,54.680,4013.6,-33.39531,-70.19809
92.5,3.4849,54.840,4024.0,-33.39622,-70.19641
92.6,3.5009,54.920,4044.8,-33.39711,-70.19558
92.7,3.5455,54.980,4092.0,-33.39799,-70.19498
92.8,3.5058,54.940,4051.0,-33.39884,-70.19545
92.9,3.4372,54.860,3979.4,-33.39967,-70.19636
93.0,3.4020,54.840,3944.3,-33.40052,-70.19662
93.1,3.3693,52.880,3782.9,-33.40052,-70.21777
93.2,3.3275,52.840,3741.5,-33.40134,-70.21825
93.3,3.3184,54.760,3858.6,-33.40306,-70.19764
93.4,3.3753,54.840,3918.6,-33.40396,-70.19683
93.5,3.4444,54.840,3985.0,-33.40482,-70.19689
93.6,3.4524,54.900,3996.8,-33.40571,-70.19630
93.7,3.4366,54.940,3984.3,-33.40659,-70.19593
93.8,3.4349,54.980,3985.4,-33.40747,-70.19556
93.9,3.4370,55.020,3990.1,-33.40836,-70.19519
94.0,3.4370,55.080,3994.1,-33.40925,-70.19461
94.1,3.4654,55.180,4028.4,-33.41018,-70.19361
94.2,3.4608,55.160,4022.6,-33.41103,-70.19389
94.3,3.4021,55.120,3963.1,-33.41187,-70.19439
94.4,3.3621,55.100,3923.1,-33.41272,-70.19468
94.5,3.3277,55.100,3889.9,-33.41358,-70.19475
94.6,3.3160,55.260,3889.1,-33.41455,-70.19311
94.7,3.3472,55.340,3924.6,-33.41547,-70.19233
94.8,3.3816,55.400,3962.0,-33.41638,-70.19176
94.9,3.3730,55.420,3954.9,-33.41726,-70.19163
95.0,3.3522,55.460,3937.4,-33.41816,-70.19129
95.1,3.3542,55.460,3939.4,-33.41902,-70.19137
95.2,3.3600,55.460,3945.0,-33.41989,-70.19146
95.3,3.3701,55.480,3956.2,-33.42078,-70.19133
95.4,3.4184,55.500,4004.5,-33.42166,-70.19121
95.5,3.4112,55.580,4002.9,-33.42259,-70.19045
95.6,3.3695,55.600,3963.5,-33.42348,-70.19033
95.7,3.2919,55.480,3880.1,-33.42425,-70.19171
95.8,3.2316,55.480,3821.4,-33.42511,-70.19181
95.9,3.1886,55.480,3779.7,-33.42598,-70.19191
96.0,3.1735,55.480,3765.0,-33.42685,-70.19201
96.1,3.2013,33.520,2429.2,-33.40762,-70.42755
96.2,3.2510,55.540,3844.2,-33.42863,-70.19158
96.3,3.3002,33.560,2489.8,-33.40871,-70.42725
96.4,3.3357,33.600,2513.2,-33.40927,-70.42689
96.5,3.3543,33.620,2525.4,-33.40981,-70.42674
96.6,3.3684,33.660,2536.3,-33.41038,-70.42639
96.7,3.3811,33.640,2542.5,-33.41088,-70.42667
96.8,3.3836,33.620,2542.7,-33.41139,-70.42696
96.9,3.3994,33.640,2553.2,-33.41193,-70.42682
97.0,3.4013,33.640,2554.4,-33.41246,-70.42689
97.1,3.4057,33.640,2557.0,-33.41298,-70.42697
97.2,3.4149,33.600,2559.8,-33.41346,-70.42747
97.3,3.4244,33.560,2562.8,-33.41394,-70.42798
97.4,3.4306,33.540,2565.2,-33.41444,-70.42827
97.5,3.4315,33.540,2565.7,-33.41496,-70.42835
97.6,3.4374,33.520,2567.9,-33.41546,-70.42864
97.7,3.4383,33.520,2568.4,-33.41598,-70.42872
97.8,3.4532,33.520,2577.2,-33.41651,-70.42881
97.9,3.4812,33.520,2593.7,-33.41703,-70.42889
98.0,3.5084,33.480,2607.0,-33.41750,-70.42940
98.1,3.5219,33.460,2613.6,-33.41800,-70.42970
98.2,3.5311,33.440,2617.7,-33.41849,-70.43000
98.3,3.5306,33.400,2614.7,-33.41896,-70.43052
98.4,3.5452,33.360,2620.6,-33.41943,-70.43103
98.5,3.5610,33.360,2629.9,-33.41995,-70.43112
98.6,3.5769,33.340,2637.8,-33.42044,-70.43143
98.7,3.5952,33.340,2648.5,-33.42096,-70.43152
98.8,3.6169,33.320,2659.8,-33.42145,-70.43183
98.9,3.6414,33.300,2672.8,-33.42194,-70.43213
99.0,3.6497,33.260,2674.9,-33.42240,-70.43266
99.1,3.6548,33.240,2676.5,-33.42289,-70.43296
99.2,3.6620,33.240,2680.7,-33.42340,-70.43306
99.3,3.6708,33.220,2684.4,-33.42389,-70.43337
99.4,3.7070,32.780,2675.0,-33.42377,-70.43815
99.5,3.7461,32.760,2696.1,-33.42425,-70.43847
99.6,3.7843,32.760,2718.1,-33.42476,-70.43857
99.7,3.8039,32.780,2730.7,-33.42529,-70.43845
99.8,3.8081,32.780,2733.1,-33.42580,-70.43856
99.9,3.7665,33.120,2733.1,-33.42682,-70.43505
100.0,3.7418,33.220,2725.8,-33.42749,-70.43409
100.1,3.7156,33.240,2711.9,-33.42803,-70.43399
100.2,3.6940,33.260,2700.7,-33.42858,-70.43388
100.3,3.6627,33.280,2683.9,-33.42913,-70.43378
100.4,3.6367,33.280,2668.7,-33.42964,-70.43389
100.5,3.6018,33.340,2652.3,-33.43025,-70.43336
100.6,3.5613,33.360,2630.0,-33.43080,-70.43327
100.7,3.5195,33.360,2605.6,-33.43131,-70.43338
100.8,3.4778,33.360,2581.1,-33.43183,-70.43349
100.9,3.4444,33.360,2561.7,-33.43234,-70.43361
101.0,3.4085,33.420,2544.5,-33.43296,-70.43309
101.1,3.3823,33.460,2531.7,-33.43354,-70.43279
101.2,3.3745,33.520,2531.0,-33.43416,-70.43227
101.3,3.3564,33.560,2522.9,-33.43475,-70.43197
101.4,3.3139,33.600,2500.4,-33.43533,-70.43167
101.5,3.3036,33.640,2496.8,-33.43592,-70.43137
101.6,3.3156,33.660,2505.1,-33.43647,-70.43128
101.7,3.3225,33.720,2512.9,-33.43710,-70.43078
101.8,3.3356,33.760,2523.2,-33.43769,-70.43048
101.9,3.3651,33.780,2541.9,-33.43825,-70.43040
102.0,3.4129,33.820,2572.8,-33.43884,-70.43010
102.1,3.4529,33.820,2596.5,-33.43936,-70.43024
102.2,3.4839,33.800,2613.6,-33.43984,-70.43058
102.3,3.5049,33.780,2624.7,-33.44032,-70.43092
102.4,3.5072,33.780,2626.1,-33.44084,-70.43106
102.5,3.5193,33.780,2633.2,-33.44136,-70.43119
102.6,3.5277,33.800,2639.5,-33.44192,-70.43112
102.7,3.5601,33.800,2658.7,-33.44243,-70.43125
102.8,3.5867,33.800,2674.5,-33.44295,-70.43139
102.9,3.6143,33.780,2689.5,-33.44343,-70.43174
103.0,3.6435,33.780,2706.8,-33.44395,-70.43188
103.1,3.6797,33.800,2729.6,-33.44450,-70.43181
103.2,3.7095,33.840,2750.1,-33.44510,-70.43153
103.3,3.7351,33.860,2766.7,-33.44566,-70.43147
103.4,3.7587,33.960,2787.7,-33.44638,-70.43056
103.5,3.7543,34.020,2789.3,-33.44703,-70.43008
103.6,3.7703,34.240,2814.4,-33.44801,-70.42792
103.7,3.8077,34.240,2836.8,-33.44853,-70.42807
103.8,3.8092,34.220,2836.3,-33.44901,-70.42843
103.9,3.8137,34.240,2840.4,-33.44957,-70.42837
104.0,3.8088,34.260,2839.0,-33.45014,-70.42832
104.1,3.7988,34.280,2834.4,-33.45070,-70.42826
104.2,3.8129,34.300,2844.2,-33.45127,-70.42821
104.3,3.8307,34.320,2856.4,-33.45184,-70.42816
104.4,3.8580,34.360,2875.7,-33.45245,-70.42790
104.5,3.8514,34.360,2871.7,-33.45297,-70.42806
104.6,3.8236,34.340,2853.5,-33.45345,-70.42843
104.7,3.8196,34.340,2851.1,-33.45397,-70.42859
104.8,3.7810,34.360,2829.3,-33.45454,-70.42854
104.9,3.7148,34.400,2792.2,-33.45515,-70.42829
105.0,3.6882,34.440,2778.9,-33.45576,-70.42803
105.1,3.6802,34.480,2776.9,-33.45638,-70.42778
105.2,3.6917,34.520,2786.6,-33.45699,-70.42753
105.3,3.7169,34.540,2803.2,-33.45756,-70.42750
105.4,3.7543,34.540,2825.9,-33.45809,-70.42767
105.5,3.8057,34.560,2858.4,-33.45866,-70.42763
105.6,3.8367,34.560,2877.2,-33.45918,-70.42780
105.7,3.8294,34.540,2871.4,-33.45966,-70.42818
105.8,3.8512,34.520,2883.2,-33.46013,-70.42856
105.9,3.8707,34.540,2896.4,-33.46070,-70.42853
106.0,3.8812,34.540,2902.8,-33.46122,-70.42871
106.1,3.8884,34.540,2907.1,-33.46175,-70.42889
106.2,3.8958,34.540,2911.6,-33.46227,-70.42906
106.3,3.9124,34.520,2920.2,-33.46274,-70.42945
106.4,3.9385,34.240,2915.4,-33.46256,-70.43253
106.5,4.0080,34.220,2955.7,-33.46302,-70.43292
106.6,4.0422,34.200,2974.7,-33.46349,-70.43331
106.7,4.0327,34.200,2969.0,-33.46400,-70.43349
106.8,4.0254,34.200,2964.6,-33.46452,-70.43367
106.9,4.0197,34.200,2961.2,-33.46503,-70.43386
107.0,4.0236,34.200,2963.6,-33.46554,-70.43404
107.1,4.0150,34.200,2958.4,-33.46606,-70.43423
107.2,4.0231,34.220,2964.7,-33.46662,-70.43421
107.3,4.0294,34.220,2968.5,-33.46714,-70.43440
107.4,4.0330,34.200,2969.2,-33.46760,-70.43479
107.5,4.0412,34.200,2974.1,-33.46811,-70.43499
107.6,4.0585,34.200,2984.5,-33.46862,-70.43518
107.7,4.0782,34.260,3000.9,-33.46930,-70.43475
107.8,4.0960,34.300,3014.6,-33.46992,-70.43454
107.9,4.0817,34.340,3009.1,-33.47054,-70.43432
108.0,4.0565,34.460,3003.0,-33.47138,-70.43329
108.1,4.0736,35.180,3068.1,-33.47389,-70.42610
108.2,4.1107,34.680,3052.6,-33.47303,-70.43143
108.3,4.1502,34.680,3076.7,-33.47354,-70.43163
108.4,4.1851,34.640,3094.8,-33.47395,-70.43225
108.5,4.2223,34.620,3115.9,-33.47441,-70.43265
108.6,4.2483,34.620,3131.7,-33.47492,-70.43286
108.7,4.2697,34.620,3144.7,-33.47544,-70.43307
108.8,4.2813,34.640,3153.3,-33.47601,-70.43307
108.9,4.2921,34.640,3159.9,-33.47653,-70.43328
109.0,4.3096,34.600,3167.4,-33.47693,-70.43390
109.1,4.3245,34.640,3179.7,-33.47756,-70.43370
109.2,4.3350,34.680,3189.2,-33.47819,-70.43350
109.3,4.3443,34.700,3196.5,-33.47876,-70.43351
109.4,4.3569,34.720,3205.9,-33.47934,-70.43352
109.5,4.3642,34.740,3211.9,-33.47991,-70.43353
109.6,4.3641,34.760,3213.5,-33.48048,-70.43355
109.7,4.3695,34.740,3215.1,-33.48094,-70.43397
109.8,4.3620,34.720,3209.0,-33.48139,-70.43439
109.9,4.3443,34.660,3193.3,-33.48172,-70.43522
110.0,4.3330,34.600,3181.6,-33.48205,-70.43605
110.1,4.3415,34.580,3185.1,-33.48250,-70.43647
110.2,4.3685,34.580,3201.6,-33.48301,-70.43669
110.3,4.3927,34.560,3214.6,-33.48346,-70.43712
110.4,4.4073,34.560,3223.5,-33.48397,-70.43734
110.5,4.4050,34.560,3222.1,-33.48448,-70.43757
110.6,4.4291,34.540,3235.0,-33.48493,-70.43800
110.7,4.4491,34.500,3243.9,-33.48531,-70.43863
110.8,4.4550,34.500,3247.5,-33.48581,-70.43886
110.9,4.4361,34.500,3236.0,-33.48632,-70.43909
111.0,4.3861,34.600,3213.8,-33.48715,-70.43831
111.1,4.3641,34.640,3203.7,-33.48778,-70.43814
111.2,4.3537,34.640,3197.4,-33.48829,-70.43837
111.3,4.3186,34.640,3176.0,-33.48880,-70.43860
111.4,4.2483,34.720,3139.6,-33.48957,-70.43804
111.5,4.2087,34.800,3121.7,-33.49034,-70.43747
111.6,4.2020,34.840,3120.8,-33.49098,-70.43731
111.7,4.1973,34.860,3119.4,-33.49155,-70.43735
111.8,4.1797,34.900,3111.8,-33.49219,-70.43719
111.9,4.1701,34.900,3105.9,-33.49270,-70.43743
112.0,4.1630,34.920,3103.1,-33.49328,-70.43747
112.1,4.1538,34.940,3099.0,-33.49385,-70.43752
112.2,4.1431,34.960,3094.0,-33.49443,-70.43756
112.3,4.1450,35.000,3098.3,-33.49507,-70.43741
112.4,4.1229,35.060,3089.3,-33.49579,-70.43706
112.5,4.1363,35.080,3099.1,-33.49636,-70.43711
112.6,4.1416,35.100,3103.9,-33.49694,-70.43716
112.7,4.1580,35.140,3117.1,-33.49759,-70.43701
112.8,4.1868,35.140,3134.9,-33.49810,-70.43727
112.9,4.1729,35.120,3124.8,-33.49854,-70.43772
113.0,4.1749,35.100,3124.4,-33.49898,-70.43818
113.1,4.2026,35.080,3139.9,-33.49941,-70.43863
113.2,4.1913,35.080,3133.0,-33.49992,-70.43889
113.3,4.1381,35.060,3098.7,-33.50036,-70.43935
113.4,4.0931,35.040,3069.4,-33.50079,-70.43980
113.5,4.0920,35.020,3067.2,-33.50123,-70.44026
113.6,4.0890,35.000,3063.8,-33.50166,-70.44072
113.7,4.0916,35.000,3065.4,-33.50216,-70.44098
113.8,4.1041,34.980,3071.6,-33.50260,-70.44145
113.9,4.1206,34.960,3080.2,-33.50303,-70.44191
114.0,4.1722,34.940,3110.3,-33.50346,-70.44237
114.1,4.2191,34.920,3137.5,-33.50389,-70.44283
114.2,4.2448,34.900,3151.7,-33.50431,-70.44330
114.3,4.2521,34.880,3154.6,-33.50474,-70.44376
114.4,4.2285,34.880,3140.1,-33.50524,-70.44403
114.5,4.2032,34.920,3127.8,-33.50589,-70.44391
114.6,4.2194,35.000,3144.0,-33.50668,-70.44339
114.7,4.2226,35.060,3150.7,-33.50741,-70.44308
114.8,4.1839,35.120,3131.5,-33.50813,-70.44276
114.9,4.1124,35.180,3092.0,-33.50886,-70.44245
115.0,4.0512,35.340,3066.3,-33.50997,-70.44116
115.1,4.0321,34.380,2982.2,-33.50683,-70.45083
115.2,3.9963,34.400,2962.1,-33.50740,-70.45091
115.3,3.9861,35.680,3051.4,-33.51277,-70.43868
115.4,4.0088,35.740,3070.0,-33.51351,-70.43838
115.5,4.0015,35.760,3067.0,-33.51409,-70.43847
115.6,3.9723,35.800,3051.6,-33.51476,-70.43837
115.7,3.9217,34.260,2906.8,-33.50930,-70.45366
115.8,3.8991,34.240,2891.8,-33.50970,-70.45413
115.9,3.8597,34.260,2869.5,-33.51027,-70.45421
116.0,3.8083,34.300,2841.5,-33.51091,-70.45411
116.1,3.7716,34.320,2820.8,-33.51147,-70.45419
116.2,3.7273,34.360,2797.0,-33.51211,-70.45409
116.3,3.6734,34.360,2764.4,-33.51260,-70.45437
116.4,3.6116,34.360,2727.2,-33.51308,-70.45466
116.5,3.5707,34.100,2685.1,-33.51253,-70.45746
116.6,3.5388,36.360,2816.8,-33.52205,-70.43591
116.7,3.5445,36.400,2823.1,-33.52272,-70.43583
116.8,3.5518,36.440,2830.5,-33.52339,-70.43575
116.9,3.5416,36.440,2823.9,-33.52391,-70.43605
117.0,3.5040,36.420,2798.6,-33.52434,-70.43656
117.1,3.5076,34.000,2640.8,-33.51499,-70.46015
117.2,3.5209,34.000,2648.7,-33.51547,-70.46044
117.3,3.4994,33.920,2630.7,-33.51562,-70.46150
117.4,3.4974,33.820,2622.9,-33.51568,-70.46275
117.5,3.5387,33.780,2644.7,-33.51598,-70.46342
117.6,3.5611,33.760,2656.7,-33.51637,-70.46391
117.7,3.5529,33.740,2650.4,-33.51676,-70.46439
117.8,3.5096,33.740,2624.8,-33.51723,-70.46469
117.9,3.4745,33.720,2602.7,-33.51761,-70.46517
118.0,3.4458,33.720,2585.8,-33.51808,-70.46547
118.1,3.3985,33.720,2557.8,-33.51855,-70.46577
118.2,3.3736,33.720,2543.1,-33.51902,-70.46606
118.3,3.3630,33.720,2536.9,-33.51949,-70.46636
118.4,3.3480,33.740,2529.3,-33.52004,-70.46647
118.5,3.3402,33.780,2527.2,-33.52067,-70.46639
118.6,3.3398,33.780,2526.9,-33.52114,-70.46670
118.7,3.3329,33.800,2524.1,-33.52169,-70.46681
118.8,3.3276,33.800,2521.0,-33.52216,-70.46711
118.9,3.3354,33.860,2529.4,-33.52288,-70.46685
119.0,3.3344,33.860,2528.8,-33.52335,-70.46716
119.1,3.3437,33.860,2534.3,-33.52382,-70.46747
119.2,3.3675,33.880,2549.7,-33.52437,-70.46759
119.3,3.3870,33.900,2562.6,-33.52492,-70.46771
119.4,3.3819,33.900,2559.5,-33.52539,-70.46802
119.5,3.3847,33.900,2561.2,-33.52585,-70.46833
119.6,3.3911,33.920,2566.2,-33.52640,-70.46846
119.7,3.3926,33.920,2567.2,-33.52687,-70.46877
119.8,3.3483,33.900,2539.5,-33.52724,-70.46927
119.9,3.3095,33.820,2511.5,-33.52735,-70.47034
120.0,3.2808,33.760,2490.8,-33.52754,-70.47122
120.1,3.2769,33.720,2486.0,-33.52782,-70.47191
120.2,3.2479,33.640,2464.0,-33.52792,-70.47297
120.3,3.2114,33.580,2438.8,-33.52810,-70.47385
120.4,3.2244,33.540,2444.0,-33.52838,-70.47454
120.5,3.2505,33.500,2456.9,-33.52865,-70.47523
120.6,3.2837,33.460,2473.9,-33.52892,-70.47592
120.7,3.2899,33.440,2476.3,-33.52928,-70.47643
120.8,3.3013,33.420,2481.7,-33.52964,-70.47693
120.9,3.3059,33.420,2484.4,-33.53009,-70.47726
121.0,3.2980,33.400,2478.5,-33.53045,-70.47776
121.1,3.2818,33.320,2464.1,-33.53053,-70.47883
121.2,3.3021,33.280,2473.5,-33.53080,-70.47952
121.3,3.3141,33.300,2481.7,-33.53134,-70.47966
121.4,3.3087,33.320,2479.8,-33.53188,-70.47980
121.5,3.3042,33.360,2479.7,-33.53251,-70.47976
121.6,3.2803,33.400,2468.2,-33.53315,-70.47971
121.7,3.2604,33.420,2457.8,-33.53369,-70.47986
121.8,3.2506,33.440,2453.3,-33.53423,-70.48001
121.9,3.2510,33.540,2459.6,-33.53515,-70.47942
122.0,3.2739,33.560,2474.4,-33.53569,-70.47957
122.1,3.2847,33.580,2481.9,-33.53623,-70.47972
122.2,3.2631,33.580,2469.2,-33.53668,-70.48005
122.3,3.2194,33.600,2444.7,-33.53722,-70.48021
122.4,3.1768,33.540,2416.0,-33.53738,-70.48109
122.5,3.1289,33.500,2385.5,-33.53763,-70.48179
122.6,3.0871,33.460,2358.6,-33.53789,-70.48250
122.7,3.0448,33.420,2331.5,-33.53814,-70.48320
122.8,3.0055,33.380,2306.3,-33.53838,-70.48390
122.9,2.9599,33.360,2278.5,-33.53873,-70.48442
123.0,2.9207,33.340,2254.5,-33.53907,-70.48494
123.1,2.8934,33.320,2237.4,-33.53941,-70.48547
123.2,2.8733,33.320,2225.7,-33.53985,-70.48581
123.3,2.8670,33.320,2222.1,-33.54029,-70.48615
123.4,2.8650,33.340,2222.0,-33.54082,-70.48631
123.5,2.8770,33.400,2232.3,-33.54156,-70.48612
123.6,2.8784,33.400,2233.1,-33.54200,-70.48646
123.7,2.8795,33.420,2234.8,-33.54253,-70.48663
123.8,2.8919,33.420,2242.1,-33.54297,-70.48698
123.9,2.9070,33.460,2253.1,-33.54361,-70.48697
124.0,2.8578,33.600,2231.9,-33.54474,-70.48606
124.1,2.8211,33.640,2212.5,-33.54538,-70.48606
124.2,2.7710,33.700,2186.2,-33.54612,-70.48588
124.3,2.7395,33.180,2140.4,-33.54394,-70.49088
124.4,2.7198,33.080,2123.7,-33.54386,-70.49212
124.5,2.6791,33.060,2099.1,-33.54419,-70.49265
124.6,2.6442,33.840,2118.5,-33.54859,-70.48606
124.7,2.6266,33.880,2110.1,-33.54923,-70.48606
124.8,2.6145,33.880,2102.9,-33.54967,-70.48643
124.9,2.5869,33.920,2088.6,-33.55031,-70.48643
125.0,2.5831,33.960,2088.3,-33.55095,-70.48644
125.1,2.6166,33.980,2109.2,-33.55149,-70.48663
125.2,2.6352,34.020,2122.4,-33.55213,-70.48665
125.3,2.6388,34.040,2125.5,-33.55268,-70.48684
125.4,2.6373,34.080,2126.6,-33.55332,-70.48685
125.5,2.6226,34.080,2117.8,-33.55376,-70.48723
125.6,2.6042,34.080,2106.9,-33.55419,-70.48760
125.7,2.5819,34.080,2093.6,-33.55463,-70.48797
125.8,2.5394,34.100,2069.2,-33.55517,-70.48817
125.9,2.5019,34.120,2047.8,-33.55571,-70.48837
126.0,2.4703,34.140,2029.9,-33.55625,-70.48857
126.1,2.4257,34.180,2005.2,-33.55689,-70.48860
126.2,2.3839,34.220,1982.0,-33.55754,-70.48863
126.3,2.3370,34.260,1955.7,-33.55819,-70.48866
126.4,2.2754,34.300,1920.6,-33.55883,-70.48869
126.5,2.2208,34.360,1890.5,-33.55959,-70.48855
126.6,2.1910,34.400,1874.3,-33.56023,-70.48859
126.7,2.1534,34.440,1853.4,-33.56088,-70.48862
126.8,2.0761,34.620,1814.2,-33.56228,-70.48745
126.9,2.0445,107.820,5123.1,-33.95492,-69.85168
127.0,2.0635,107.880,5161.9,-33.95660,-69.85237
127.1,2.1047,107.880,5239.6,-33.95796,-69.85359
127.2,2.1303,108.080,5298.5,-33.96040,-69.85306
127.3,2.1423,108.240,5329.5,-33.96262,-69.85290
127.4,2.1392,108.220,5322.6,-33.96387,-69.85430
127.5,2.0933,108.280,5238.8,-33.96555,-69.85501
127.6,2.0360,108.320,5132.2,-33.96713,-69.85590
127.7,1.9516,108.180,4965.3,-33.96772,-69.85835
127.8,1.9747,47.060,2251.4,-33.63490,-70.38496
127.9,1.9962,47.100,2270.7,-33.63571,-70.38516
128.0,2.0130,47.100,2284.6,-33.63629,-70.38570
128.1,2.0241,47.120,2294.5,-33.63699,-70.38608
128.2,2.0565,47.140,2322.0,-33.63768,-70.38645
128.3,2.0724,47.140,2335.2,-33.63826,-70.38700
128.4,2.0741,47.160,2337.4,-33.63896,-70.38738
128.5,2.0677,43.140,2162.1,-33.61713,-70.42202
128.6,2.1055,106.840,5187.6,-33.97239,-69.88104
128.7,2.1873,107.060,5352.2,-33.97493,-69.88042
128.8,2.2045,42.860,2252.9,-33.61715,-70.42590
128.9,2.2899,42.820,2315.1,-33.61745,-70.42674
129.0,2.3591,42.900,2370.7,-33.61843,-70.42657
129.1,2.4120,42.920,2411.3,-33.61907,-70.42691
129.2,2.4527,42.920,2441.9,-33.61959,-70.42742
129.3,2.4628,42.900,2448.5,-33.62000,-70.42810
129.4,2.4079,42.800,2402.5,-33.61995,-70.42944
129.5,2.3943,42.760,2390.4,-33.62025,-70.43029
129.6,2.3457,42.740,2353.2,-33.62065,-70.43097
129.7,2.3306,43.320,2368.9,-33.62449,-70.42664
129.8,2.3001,43.440,2351.3,-33.62570,-70.42617
129.9,2.2361,43.460,2303.6,-33.62634,-70.42652
130.0,2.2262,43.760,2309.5,-33.62859,-70.42456
130.1,2.2421,43.860,2326.2,-33.62970,-70.42426
130.2,2.2358,43.900,2323.1,-33.63046,-70.42446
130.3,2.2423,44.000,2332.6,-33.63156,-70.42416
130.4,2.2658,44.060,2353.5,-33.63244,-70.42420
130.5,2.2311,44.120,2329.5,-33.63332,-70.42424
130.6,2.1945,44.240,2306.6,-33.63454,-70.42380
130.7,2.1622,44.240,2281.5,-33.63507,-70.42434
130.8,2.1259,44.300,2256.1,-33.63595,-70.42439
130.9,2.0804,44.320,2221.6,-33.63660,-70.42477
131.0,2.0370,44.320,2188.0,-33.63712,-70.42531
131.1,2.0191,84.720,3955.8,-33.87515,-70.09503
131.2,1.9794,84.740,3897.9,-33.87627,-70.09591
131.3,1.9725,46.360,2221.0,-33.65076,-70.41035
131.4,1.9643,46.380,2215.2,-33.65143,-70.41076
131.5,1.9640,45.340,2172.7,-33.64580,-70.41978
131.6,1.9553,45.340,2165.8,-33.64634,-70.42034
131.7,1.9748,45.760,2198.3,-33.64937,-70.41751
131.8,2.0016,45.740,2219.0,-33.64979,-70.41824
131.9,1.9830,45.740,2204.1,-33.65033,-70.41882
132.0,1.9643,45.620,2184.3,-33.65014,-70.42036
132.1,1.9594,44.900,2151.3,-33.64635,-70.42672
132.2,1.9674,44.940,2159.1,-33.64712,-70.42697
132.3,2.0033,44.980,2189.0,-33.64788,-70.42721
132.4,2.0372,45.020,2217.4,-33.64865,-70.42746
132.5,2.0537,45.120,2234.6,-33.64978,-70.42724
132.6,2.0491,45.140,2231.7,-33.65042,-70.42765
132.7,2.0852,86.640,4146.2,-33.90271,-70.09663
132.8,2.0804,86.580,4136.1,-33.90335,-70.09822
132.9,2.0213,86.460,4040.9,-33.90362,-70.10028
133.0,2.0177,45.060,2203.7,-33.65202,-70.43059
133.1,2.0539,45.060,2232.2,-33.65254,-70.43117
133.2,2.0896,45.980,2299.6,-33.65870,-70.42447
133.3,2.1380,45.980,2338.6,-33.65923,-70.42507
133.4,2.1687,45.980,2363.2,-33.65975,-70.42566
133.5,2.1986,45.960,2386.4,-33.66016,-70.42641
133.6,2.2259,45.920,2406.5,-33.66043,-70.42732
133.7,2.2408,45.860,2415.8,-33.66058,-70.42839
133.8,2.2533,45.800,2423.0,-33.66073,-70.42945
133.9,2.2401,45.920,2417.9,-33.66200,-70.42911
134.0,2.2324,45.920,2411.8,-33.66252,-70.42971
134.1,2.2279,45.920,2408.1,-33.66304,-70.43031
134.2,2.2309,45.880,2408.7,-33.66331,-70.43122
134.3,2.2363,45.860,2412.1,-33.66370,-70.43198
134.4,2.2424,45.860,2417.0,-33.66422,-70.43258
134.5,2.2441,45.860,2418.4,-33.66473,-70.43319
134.6,2.2374,45.880,2413.9,-33.66538,-70.43364
134.7,2.2412,46.440,2442.5,-33.66942,-70.42992
134.8,2.2449,46.460,2446.3,-33.67007,-70.43039
134.9,2.2497,46.520,2453.0,-33.67096,-70.43054
135.0,2.2563,46.560,2460.2,-33.67174,-70.43085
135.1,2.2643,46.600,2468.6,-33.67251,-70.43116
135.2,2.2886,46.680,2492.1,-33.67354,-70.43117
135.3,2.2846,46.660,2487.9,-33.67393,-70.43195
135.4,2.2718,46.620,2475.6,-33.67419,-70.43288
135.5,2.2608,46.620,2466.6,-33.67470,-70.43350
135.6,2.2531,46.600,2459.4,-33.67509,-70.43428
135.7,2.2554,46.600,2461.3,-33.67560,-70.43491
135.8,2.2563,46.580,2461.2,-33.67599,-70.43569
135.9,2.2617,46.580,2465.5,-33.67650,-70.43632
136.0,2.2586,46.600,2463.9,-33.67714,-70.43679
136.1,2.2694,46.580,2471.8,-33.67752,-70.43758
136.2,2.2768,46.620,2479.7,-33.67828,-70.43791
136.3,2.2719,46.640,2476.6,-33.67892,-70.43839
136.4,2.2586,46.660,2466.7,-33.67956,-70.43888
136.5,2.2522,46.680,2462.3,-33.68019,-70.43936
136.6,2.2574,46.720,2468.5,-33.68096,-70.43970
136.7,2.2917,46.820,2501.1,-33.68212,-70.43960
136.8,2.3193,46.840,2524.6,-33.68275,-70.44009
136.9,2.3444,46.860,2546.2,-33.68339,-70.44058
137.0,2.3265,46.740,2525.8,-33.68311,-70.44212
137.1,2.3060,46.720,2508.2,-33.68348,-70.44291
137.2,2.2756,46.700,2482.4,-33.68385,-70.44370
137.3,2.2441,46.660,2454.8,-33.68408,-70.44464
137.4,2.2109,46.640,2426.9,-33.68445,-70.44543
137.5,2.1799,46.640,2401.6,-33.68495,-70.44608
137.6,2.2259,44.400,2338.0,-33.67061,-70.46311
137.7,2.3008,44.320,2392.5,-33.67055,-70.46431
137.8,2.3200,44.420,2412.0,-33.67168,-70.46420
137.9,2.3041,44.600,2408.0,-33.67335,-70.46351
138.0,2.2676,44.820,2389.6,-33.67529,-70.46253
138.1,2.1856,44.240,2299.7,-33.67188,-70.46736
138.2,2.1597,64.520,3195.7,-33.80788,-70.32115
138.3,2.1488,64.540,3184.2,-33.80869,-70.32191
138.4,2.1567,64.620,3196.9,-33.80990,-70.32224
138.5,2.1590,64.640,3200.4,-33.81071,-70.32300
138.6,2.1569,64.680,3200.0,-33.81166,-70.32363
138.7,2.1477,64.680,3189.5,-33.81233,-70.32454
138.8,2.1565,64.720,3201.3,-33.81327,-70.32517
138.9,2.1394,64.580,3175.4,-33.81300,-70.32709
139.0,2.1506,64.540,3186.2,-33.81340,-70.32829
139.1,2.1615,63.060,3129.8,-33.80404,-70.33975
139.2,2.1858,63.160,3161.3,-33.80537,-70.33994
139.3,2.2044,63.200,3183.7,-33.80629,-70.34056
139.4,2.2362,63.000,3209.3,-33.80558,-70.34287
139.5,2.2465,63.040,3222.6,-33.80650,-70.34349
139.6,2.2176,62.980,3187.9,-33.80674,-70.34482
139.7,2.1937,63.000,3162.4,-33.80752,-70.34558
139.8,2.1743,63.060,3143.9,-33.80857,-70.34606
139.9,2.1619,63.220,3137.6,-33.81031,-70.34585
140.0,2.1725,63.980,3184.8,-33.81617,-70.34145
140.1,2.1747,63.120,3147.2,-33.81090,-70.34837
140.2,2.1937,63.300,3176.6,-33.81278,-70.34803
140.3,2.2214,63.360,3210.1,-33.81383,-70.34853
140.4,2.2207,67.660,3414.7,-33.84417,-70.31961
140.5,2.2471,67.600,3443.1,-33.84443,-70.32101
140.6,2.2573,67.540,3452.2,-33.84469,-70.32241
140.7,2.2664,67.500,3461.0,-33.84509,-70.32367
140.8,2.2857,67.480,3482.8,-33.84563,-70.32479
140.9,2.2977,67.460,3496.0,-33.84616,-70.32591
141.0,2.2995,67.480,3499.1,-33.84697,-70.32676
141.1,2.3054,67.500,3507.1,-33.84778,-70.32761
141.2,2.2935,67.500,3492.9,-33.84845,-70.32860
141.3,2.3294,67.600,3540.4,-33.84982,-70.32892
141.4,2.3770,67.620,3597.7,-33.85062,-70.32977
141.5,2.3418,67.440,3547.0,-33.85003,-70.33199
141.6,2.3500,67.420,3555.7,-33.85055,-70.33312
141.7,2.3587,67.420,3566.0,-33.85121,-70.33412
141.8,2.3610,67.440,3569.7,-33.85201,-70.33498
141.9,2.3904,67.480,3606.4,-33.85295,-70.33571
142.0,2.3642,67.420,3572.4,-33.85318,-70.33711
142.1,2.3614,67.380,3567.1,-33.85355,-70.33838
142.2,2.3509,67.380,3554.8,-33.85420,-70.33938
142.3,2.3376,67.360,3538.0,-33.85471,-70.34052
142.4,2.3429,67.360,3544.4,-33.85536,-70.34153
142.5,2.3567,67.380,3561.6,-33.85615,-70.34240
142.6,2.3653,67.360,3570.7,-33.85666,-70.34354
142.7,2.3537,67.280,3553.0,-33.85673,-70.34508
142.8,2.3422,67.320,3541.5,-33.85766,-70.34582
142.9,2.3726,67.320,3577.3,-33.85830,-70.34683
143.0,2.3937,67.280,3600.1,-33.85866,-70.34811
143.1,2.3975,67.260,3603.6,-33.85915,-70.34925
143.2,2.3783,67.200,3577.9,-33.85936,-70.35066
143.3,2.3887,67.160,3588.1,-33.85970,-70.35193
143.4,2.3912,67.160,3591.0,-33.86034,-70.35295
143.5,2.3751,67.120,3570.1,-33.86068,-70.35423
143.6,2.3345,66.980,3515.5,-33.86030,-70.35615
143.7,2.2895,67.640,3495.1,-33.86570,-70.35291
143.8,2.2649,67.680,3468.1,-33.86662,-70.35368
143.9,2.2424,67.720,3443.3,-33.86754,-70.35445
144.0,2.2276,67.800,3429.7,-33.86875,-70.35497
144.1,2.2127,67.860,3414.9,-33.86981,-70.35562
144.2,2.2032,67.900,3405.5,-33.87073,-70.35641
144.3,2.2156,67.940,3422.1,-33.87165,-70.35719
144.4,2.2022,67.940,3406.2,-33.87227,-70.35823
144.5,2.1716,67.920,3368.9,-33.87275,-70.35940
144.6,2.1428,67.940,3335.6,-33.87352,-70.36032
144.7,2.1303,68.000,3323.5,-33.87458,-70.36098
144.8,2.1304,68.060,3326.5,-33.87564,-70.36165
144.9,2.1130,68.020,3303.9,-33.87596,-70.36295
145.0,2.1057,68.000,3294.3,-33.87643,-70.36413
145.1,2.0943,68.020,3281.6,-33.87720,-70.36505
145.2,2.0838,68.100,3272.8,-33.87840,-70.36561
145.3,2.0815,68.140,3271.9,-33.87931,-70.36642
145.4,2.0825,68.160,3274.0,-33.88007,-70.36735
145.5,2.0666,88.700,4217.0,-34.03245,-70.24139
145.6,2.0447,68.140,3228.0,-33.88114,-70.36959
145.7,2.0751,68.100,3262.4,-33.88145,-70.37090
145.8,2.0862,68.100,3275.6,-33.88205,-70.37196
145.9,2.1095,68.120,3304.3,-33.88280,-70.37290
146.0,2.1372,68.120,3337.4,-33.88341,-70.37396
146.1,2.1623,68.120,3367.3,-33.88401,-70.37503
146.2,2.1495,68.360,3363.3,-33.88640,-70.37464
146.3,2.1767,68.400,3397.6,-33.88729,-70.37547
146.4,2.2086,69.340,3480.9,-33.89492,-70.37087
146.5,2.1973,69.440,3472.1,-33.89627,-70.37136
146.6,2.2180,70.900,3567.8,-33.90781,-70.36369
146.7,2.1908,69.580,3470.8,-33.89853,-70.37271
146.8,2.1958,70.580,3524.9,-33.90664,-70.36784
146.9,2.2168,70.560,3549.8,-33.90710,-70.36907
147.0,2.1819,70.600,3508.7,-33.90801,-70.36995
147.1,2.1567,70.620,3478.5,-33.90876,-70.37095
147.2,2.1479,70.660,3469.5,-33.90967,-70.37183
147.3,2.1352,70.660,3453.8,-33.91027,-70.37295
147.4,2.1218,70.660,3437.3,-33.91088,-70.37408
147.5,2.1181,70.640,3431.8,-33.91132,-70.37532
147.6,2.1126,70.700,3427.7,-33.91238,-70.37609
147.7,2.0958,75.980,3653.4,-33.95302,-70.34643
147.8,2.1189,76.000,3685.0,-33.95381,-70.34753
147.9,2.1231,76.000,3690.5,-33.95445,-70.34874
148.0,2.0661,75.960,3612.9,-33.95478,-70.35019
148.1,2.0633,76.820,3649.2,-33.96197,-70.34645
148.2,2.0837,76.920,3681.3,-33.96337,-70.34710
148.3,2.0714,76.940,3665.6,-33.96416,-70.34822
148.4,2.1009,77.080,3712.0,-33.96587,-70.34866
148.5,2.0751,77.100,3678.1,-33.96666,-70.34978
148.6,2.0617,77.180,3663.8,-33.96791,-70.35057
148.7,2.0450,61.840,2947.3,-33.85091,-70.43873
148.8,2.0575,61.740,2956.4,-33.85065,-70.44029
148.9,2.0604,61.740,2959.5,-33.85116,-70.44129
149.0,2.0580,61.780,2958.7,-33.85197,-70.44206
149.1,2.0513,61.840,2954.1,-33.85293,-70.44272
149.2,2.0412,61.880,2944.9,-33.85374,-70.44350
149.3,2.0470,61.940,2953.8,-33.85470,-70.44417
149.4,2.0743,55.220,2686.1,-33.80327,-70.48241
149.5,2.0947,55.220,2705.8,-33.80371,-70.48331
149.6,2.1051,55.280,2718.5,-33.80462,-70.48388
149.7,2.1010,63.140,3066.7,-33.86599,-70.44161
149.8,2.0970,63.100,3060.4,-33.86618,-70.44285
149.9,2.0982,55.640,2727.8,-33.80873,-70.48462
150.0,2.0858,55.680,2717.5,-33.80948,-70.48531
150.1,2.0731,55.680,2705.1,-33.80992,-70.48622
150.2,2.0531,63.320,3021.8,-33.86989,-70.44579
150.3,2.0373,63.340,3005.2,-33.87054,-70.44672
150.4,2.0489,56.020,2696.3,-33.81388,-70.48713
150.5,2.0215,56.160,2675.5,-33.81541,-70.48730
150.6,2.0040,63.460,2973.6,-33.87296,-70.44920
150.7,2.0060,63.600,2981.9,-33.87455,-70.44949
150.8,2.0029,63.700,2982.8,-33.87582,-70.45001
150.9,2.0281,64.160,3031.2,-33.87992,-70.44862
151.0,2.0289,64.420,3043.6,-33.88245,-70.44831
151.1,2.0230,64.440,3037.8,-33.88310,-70.44926
151.2,1.9937,64.420,3003.9,-33.88344,-70.45043
151.3,1.9685,64.380,2973.9,-33.88361,-70.45171
151.4,1.9620,59.700,2766.4,-33.84720,-70.47718
151.5,1.9480,60.140,2770.3,-33.85112,-70.47589
151.6,1.9627,60.240,2790.1,-33.85236,-70.47637
151.7,1.9590,60.700,2805.7,-33.85645,-70.47499
151.8,1.9619,61.380,2837.7,-33.86229,-70.47250
151.9,1.9876,61.340,2863.7,-33.86243,-70.47373
152.0,1.9785,61.400,2856.5,-33.86336,-70.47444
152.1,1.9718,61.620,2858.7,-33.86556,-70.47434
152.2,1.9277,61.680,2813.7,-33.86649,-70.47507
152.3,1.8985,60.960,2752.3,-33.86122,-70.47974
152.4,1.8781,62.060,2775.8,-33.87042,-70.47521
152.5,1.8732,62.060,2770.5,-33.87088,-70.47625
152.6,1.8550,57.280,2557.0,-33.83321,-70.50125
152.7,1.8667,57.320,2570.3,-33.83395,-70.50201
152.8,1.8628,57.340,2567.2,-33.83452,-70.50287
152.9,1.8083,57.460,2517.3,-33.83589,-70.50324
153.0,1.7636,60.760,2600.7,-33.86271,-70.48789
153.1,1.7536,60.700,2587.7,-33.86267,-70.48921
153.2,1.7442,60.620,2574.6,-33.86246,-70.49062
153.3,1.7374,60.420,2559.7,-33.86129,-70.49262
153.4,1.7555,60.240,2571.8,-33.86027,-70.49452
153.5,1.7619,60.260,2579.4,-33.86085,-70.49544
153.6,1.7175,60.240,2531.8,-33.86112,-70.49656
153.7,1.7004,60.200,2512.3,-33.86122,-70.49777
153.8,1.7125,60.200,2525.0,-33.86164,-70.49879
153.9,1.7295,60.220,2543.7,-33.86222,-70.49971
154.0,1.7536,60.260,2570.6,-33.86296,-70.50054
154.1,1.7567,60.220,2572.3,-33.86305,-70.50176
154.2,1.7448,60.160,2557.5,-33.86298,-70.50306
154.3,1.7181,59.840,2517.2,-33.86080,-70.50560
154.4,1.6705,60.300,2484.5,-33.86494,-70.50445
154.5,1.6630,60.440,2481.9,-33.86648,-70.50482
154.6,1.6333,59.340,2410.1,-33.85797,-70.51099
154.7,1.6473,59.300,2423.2,-33.85804,-70.51219
154.8,1.6704,59.260,2445.6,-33.85812,-70.51339
154.9,1.6679,59.060,2435.6,-33.85689,-70.51533
155.0,1.6432,59.020,2408.6,-33.85696,-70.51652
155.1,1.6136,58.920,2374.5,-33.85654,-70.51799
155.2,1.5652,58.940,2325.4,-33.85709,-70.51891
155.3,1.5145,58.920,2272.4,-33.85732,-70.52001
155.4,1.4994,70.420,2659.7,-33.95164,-70.46882
155.5,1.5036,70.340,2662.1,-33.95145,-70.47039
155.6,1.5198,70.300,2680.5,-33.95158,-70.47178
155.7,1.5435,70.300,2709.6,-33.95204,-70.47299
155.8,1.5763,70.240,2747.7,-33.95200,-70.47447
155.9,1.6048,70.240,2782.7,-33.95246,-70.47568
156.0,1.6190,70.200,2798.6,-33.95258,-70.47707
156.1,1.6068,70.120,2780.7,-33.95237,-70.47864
156.2,1.5734,70.120,2739.7,-33.95282,-70.47985
156.3,1.5514,70.160,2714.1,-33.95360,-70.48089
156.4,1.5449,70.160,2706.3,-33.95404,-70.48210
156.5,1.5332,70.160,2691.8,-33.95448,-70.48332
156.6,1.5233,70.140,2679.0,-33.95476,-70.48462
156.7,1.5206,70.100,2674.2,-33.95487,-70.48601
156.8,1.5312,69.940,2681.4,-33.95399,-70.48792
156.9,1.5483,69.880,2700.1,-33.95393,-70.48939
157.0,1.5575,69.880,2711.4,-33.95436,-70.49061
157.1,1.5659,69.840,2720.1,-33.95446,-70.49199
157.2,1.5721,69.800,2726.2,-33.95455,-70.49338
157.3,1.5660,69.800,2718.8,-33.95498,-70.49460
157.4,1.5584,69.680,2705.1,-33.95441,-70.49632
157.5,1.5561,69.600,2699.3,-33.95417,-70.49787
157.6,1.5619,69.580,2705.7,-33.95442,-70.49917
157.7,1.5511,69.600,2693.3,-33.95501,-70.50030
157.8,1.5191,69.740,2659.4,-33.95659,-70.50094
157.9,1.4986,69.900,2640.2,-33.95834,-70.50151
158.0,1.4919,69.920,2632.7,-33.95892,-70.50265
158.1,1.4701,69.900,2605.3,-33.95916,-70.50396
158.2,1.4511,69.880,2581.4,-33.95941,-70.50526
158.3,1.4652,43.340,1714.2,-33.73820,-70.61336
158.4,1.4890,43.360,1732.8,-33.73862,-70.61404
158.5,1.4749,43.360,1722.1,-33.73887,-70.61480
158.6,1.4461,43.360,1700.3,-33.73912,-70.61556
158.7,1.4209,43.380,1681.8,-33.73954,-70.61625
158.8,1.3862,43.200,1650.1,-33.73828,-70.61772
158.9,1.4148,43.140,1669.9,-33.73802,-70.61871
159.0,1.4329,43.080,1681.6,-33.73776,-70.61970
159.1,1.4398,43.020,1685.0,-33.73750,-70.62069
159.2,1.4298,42.920,1674.4,-33.73690,-70.62184
159.3,1.4304,42.900,1674.2,-33.73697,-70.62267
159.4,1.4240,42.840,1667.6,-33.73670,-70.62366
159.5,1.3868,42.780,1638.0,-33.73644,-70.62464
159.6,1.3595,69.400,2453.6,-33.96093,-70.52435
159.7,1.3324,69.620,2428.0,-33.96317,-70.52475
159.8,1.3175,69.660,2411.1,-33.96389,-70.52583
159.9,1.2987,69.620,2386.9,-33.96393,-70.52722
160.0,1.2846,69.600,2369.2,-33.96414,-70.52853
160.1,1.2539,69.600,2331.8,-33.96451,-70.52977
160.2,1.2383,69.740,2317.2,-33.96607,-70.53049
160.3,1.2585,67.500,2271.6,-33.94749,-70.53997
160.4,1.3274,67.540,2354.2,-33.94819,-70.54103
160.5,1.3520,67.700,2388.4,-33.94990,-70.54165
160.6,1.3754,67.900,2422.8,-33.95195,-70.54213
160.7,1.3787,68.020,2430.7,-33.95332,-70.54291
160.8,1.3683,68.400,2431.0,-33.95690,-70.54276
160.9,1.3906,68.620,2465.0,-33.95913,-70.54319
161.0,1.4074,68.800,2491.2,-33.96101,-70.54378
161.1,1.3997,68.840,2483.3,-33.96170,-70.54487
161.2,1.3713,68.700,2444.5,-33.96086,-70.54659
161.3,1.3404,68.680,2406.8,-33.96104,-70.54790
161.4,1.2993,70.140,2404.5,-33.97383,-70.54404
161.5,1.2674,70.200,2367.3,-33.97469,-70.54509
161.6,1.2303,70.540,2332.4,-33.97794,-70.54518
161.7,1.2216,70.720,2327.2,-33.97983,-70.54583
161.8,1.2106,70.780,2315.4,-33.98069,-70.54689
161.9,1.1886,70.900,2291.9,-33.98207,-70.54776
162.0,1.1563,71.000,2254.9,-33.98327,-70.54870
162.1,1.1571,137.340,4541.4,-34.55084,-70.32571
162.2,1.1270,71.120,2222.1,-33.98498,-70.55085
162.3,1.0991,71.200,2189.7,-33.98601,-70.55187
162.4,1.0458,71.220,2124.0,-33.98652,-70.55308
162.5,1.0256,130.720,3986.0,-34.49678,-70.35770
162.6,1.0310,131.020,4009.0,-34.49998,-70.35908
162.7,1.0300,131.340,4018.3,-34.50334,-70.36041
162.8,1.0654,132.480,4141.3,-34.51375,-70.35906
162.9,1.0724,132.520,4158.8,-34.51471,-70.36134
163.0,1.0193,132.460,4033.8,-34.51481,-70.36395
163.1,1.0411,133.180,4110.4,-34.52162,-70.36404
163.2,1.0207,133.460,4073.0,-34.52464,-70.36557
163.3,1.0090,134.060,4067.3,-34.53042,-70.36610
163.4,0.9705,134.040,3976.5,-34.53085,-70.36860
163.5,0.9869,145.100,4416.5,-34.62673,-70.33624
163.6,0.9956,144.340,4410.3,-34.62084,-70.34127
163.7,1.0222,144.160,4470.8,-34.61993,-70.34447
163.8,0.9997,145.420,4461.0,-34.63144,-70.34321
163.9,1.0072,145.560,4485.2,-34.63330,-70.34544
164.0,0.9957,145.720,4462.1,-34.63532,-70.34762
164.1,0.9571,146.480,4391.7,-34.64252,-70.34798
164.2,0.9833,147.980,4514.6,-34.65613,-70.34613
164.3,1.0078,147.380,4555.2,-34.65158,-70.35065
164.4,0.9979,146.960,4514.2,-34.64858,-70.35460
164.5,0.9962,141.420,4304.0,-34.60124,-70.37373
164.6,0.9386,146.840,4357.3,-34.64879,-70.36036
164.7,0.9999,146.500,4501.9,-34.64646,-70.36405
164.8,1.0347,146.320,4584.1,-34.64552,-70.36727
164.9,1.0653,146.700,4677.1,-34.64942,-70.36886
165.0,1.1642,146.800,4934.7,-34.65090,-70.37128
165.1,1.1591,146.820,4922.4,-34.65167,-70.37392
165.2,1.1436,146.900,4885.9,-34.65297,-70.37640
165.3,1.1097,147.000,4802.8,-34.65443,-70.37883
165.4,1.1451,147.640,4919.3,-34.66059,-70.37975
165.5,1.0919,148.920,4832.4,-34.67232,-70.37891
165.6,1.0438,148.800,4702.8,-34.67187,-70.38199
165.7,0.9852,148.520,4539.7,-34.67002,-70.38551
165.8,0.9764,150.820,4603.2,-34.69064,-70.38199
165.9,0.9880,151.060,4642.9,-34.69332,-70.38413
166.0,0.9892,151.120,4648.3,-34.69442,-70.38676
166.1,0.9959,151.200,4669.0,-34.69570,-70.38935
166.2,0.9672,151.020,4586.4,-34.69471,-70.39262
166.3,0.9475,150.560,4517.3,-34.69126,-70.39663
166.4,0.8868,150.320,4349.0,-34.68973,-70.40005
166.5,0.8494,118.700,3200.3,-34.41395,-70.48458
166.6,0.8603,118.920,3229.8,-34.41632,-70.48621
166.7,0.9014,119.200,3324.0,-34.41920,-70.48770
166.8,0.8624,118.920,3234.0,-34.41718,-70.49061
166.9,0.8838,118.780,3274.0,-34.41639,-70.49316
167.0,0.8721,118.820,3251.1,-34.41717,-70.49527
167.1,0.8601,118.780,3224.9,-34.41724,-70.49757
167.2,0.8371,118.800,3177.7,-34.41783,-70.49972
167.3,0.8039,121.480,3190.5,-34.44175,-70.49542
167.4,0.8300,121.420,3244.0,-34.44165,-70.49782
167.5,0.8257,122.040,3254.1,-34.44751,-70.49859
167.6,0.8376,122.240,3285.8,-34.44968,-70.50038
167.7,0.8460,122.480,3311.3,-34.45221,-70.50209
167.8,0.8546,25.000,892.7,-33.59589,-70.72964
167.9,0.8869,24.980,906.4,-33.59579,-70.73015
168.0,0.9208,24.920,920.0,-33.59535,-70.73075
168.1,0.9130,24.920,916.6,-33.59543,-70.73121
168.2,0.9001,24.920,911.0,-33.59551,-70.73167
168.3,0.8923,24.920,907.6,-33.59559,-70.73213
168.4,0.8939,24.900,907.9,-33.59549,-70.73263
168.5,0.8948,24.900,908.3,-33.59557,-70.73309
168.6,0.8808,24.900,902.2,-33.59565,-70.73355
168.7,0.8532,24.880,889.9,-33.59555,-70.73405
168.8,0.8507,124.100,3372.7,-34.47086,-70.52371
168.9,0.8068,124.460,3288.8,-34.47441,-70.52526
169.0,0.7896,124.820,3262.5,-34.47797,-70.52683
169.1,0.8041,126.400,3343.3,-34.49230,-70.52586
169.2,0.8384,126.460,3421.0,-34.49320,-70.52810
169.3,0.8111,126.340,3356.9,-34.49252,-70.53071
169.4,0.8062,24.820,868.4,-33.59554,-70.73739
169.5,0.8036,24.800,866.9,-33.59543,-70.73789
169.6,0.7933,24.780,862.1,-33.59533,-70.73839
169.7,0.7767,137.520,3634.2,-34.59288,-70.51804
169.8,0.7560,137.200,3574.4,-34.59044,-70.52124
169.9,0.7378,24.720,837.1,-33.59500,-70.73988
170.0,0.7698,24.460,846.6,-33.59277,-70.74083
170.1,0.8017,24.480,860.5,-33.59301,-70.74125
170.2,0.8533,24.500,883.0,-33.59326,-70.74167
170.3,0.9086,24.520,907.0,-33.59350,-70.74208
170.4,0.9650,24.580,932.4,-33.59409,-70.74243
170.5,1.0004,24.580,947.6,-33.59416,-70.74289
170.6,0.9700,24.580,934.5,-33.59422,-70.74334
170.7,0.9197,24.640,914.1,-33.59482,-70.74370
170.8,0.8950,24.680,904.2,-33.59524,-70.74409
170.9,0.8906,24.700,902.7,-33.59547,-70.74451
171.0,0.8918,24.740,904.0,-33.59589,-70.74490
171.1,0.8550,24.760,888.4,-33.59613,-70.74533
171.2,0.8118,24.840,871.2,-33.59690,-70.74566
171.3,0.7903,24.880,862.5,-33.59732,-70.74606
171.4,0.7942,24.920,865.0,-33.59773,-70.74645
171.5,0.7924,24.920,864.1,-33.59779,-70.74692
171.6,0.7883,24.940,862.7,-33.59802,-70.74735
171.7,0.7815,24.960,860.1,-33.59826,-70.74779
171.8,0.7960,24.960,866.4,-33.59832,-70.74825
171.9,0.8137,24.960,874.1,-33.59837,-70.74872
172.0,0.8214,24.980,877.8,-33.59860,-70.74915
172.1,0.8033,25.020,870.6,-33.59902,-70.74956
172.2,0.7886,25.040,864.6,-33.59925,-70.75000
172.3,0.7705,25.060,857.0,-33.59948,-70.75044
172.4,0.7735,25.080,858.6,-33.59971,-70.75088
172.5,0.7963,25.100,869.0,-33.59994,-70.75132
172.6,0.8176,25.100,878.3,-33.59999,-70.75178
172.7,0.8054,25.140,873.6,-33.60040,-70.75220
172.8,0.7798,25.180,863.1,-33.60081,-70.75261
172.9,0.8068,25.240,876.0,-33.60139,-70.75301
173.0,0.8366,25.300,890.2,-33.60197,-70.75340
173.1,0.8569,25.320,899.6,-33.60220,-70.75385
173.2,0.8440,25.360,894.6,-33.60261,-70.75427
173.3,0.8115,25.400,880.9,-33.60301,-70.75469
173.4,0.7814,25.440,868.2,-33.60341,-70.75512
173.5,0.7621,25.440,859.7,-33.60346,-70.75559
173.6,0.7379,25.460,849.2,-33.60368,-70.75605
173.7,0.7046,25.480,834.8,-33.60391,-70.75650
173.8,0.6734,25.520,821.5,-33.60431,-70.75693
173.9,0.6674,25.560,819.4,-33.60471,-70.75736
174.0,0.6682,25.560,819.8,-33.60475,-70.75784
174.1,0.6572,25.560,814.9,-33.60479,-70.75832
174.2,0.6091,25.580,793.7,-33.60501,-70.75878
174.3,0.5569,25.500,769.3,-33.60434,-70.75934
174.4,0.5247,25.460,754.5,-33.60402,-70.75986
174.5,0.4893,25.440,738.5,-33.60388,-70.76036
174.6,0.4902,136.440,2916.5,-34.59787,-70.64640
174.7,0.4599,136.660,2850.4,-34.60004,-70.64876
174.8,0.4652,137.460,2884.4,-34.60740,-70.65055
174.9,0.5004,137.480,2969.5,-34.60778,-70.65314
175.0,0.5017,137.900,2984.2,-34.61174,-70.65535
175.1,0.4962,138.100,2976.4,-34.61372,-70.65778
175.2,0.5115,139.140,3042.2,-34.62322,-70.65944
175.3,0.4693,138.700,2927.7,-34.61946,-70.66248
175.4,0.4558,140.520,2944.3,-34.63596,-70.66350
175.5,0.4566,140.400,2942.9,-34.63506,-70.66628
175.6,0.4122,140.520,2837.4,-34.63631,-70.66885
175.7,0.3940,140.780,2799.3,-34.63881,-70.67130
175.8,0.3615,140.800,2719.9,-34.63916,-70.67397
175.9,0.3113,140.780,2596.1,-34.63914,-70.67666
176.0,0.2635,24.900,633.9,-33.59953,-70.76794
176.1,0.2768,24.820,639.0,-33.59884,-70.76847
176.2,0.2565,24.820,630.2,-33.59887,-70.76893
176.3,0.2219,24.820,615.2,-33.59889,-70.76940
176.4,0.1863,24.820,599.8,-33.59892,-70.76987
176.5,0.1565,140.820,2216.5,-34.64039,-70.69271
176.6,0.1447,140.840,2187.8,-34.64071,-70.69538
176.7,0.1824,140.820,2280.0,-34.64066,-70.69808
176.8,0.2028,140.820,2330.2,-34.64079,-70.70076
176.9,0.1931,141.060,2311.8,-34.64306,-70.70330
177.0,0.1860,141.220,2297.9,-34.64462,-70.70589
177.1,0.1815,132.960,2106.0,-34.57054,-70.71322
177.2,0.1999,62.420,961.0,-33.93690,-70.75364
177.3,0.2147,132.800,2179.5,-34.56931,-70.71837
177.4,0.2231,132.980,2202.9,-34.57102,-70.72080
177.5,0.2115,62.800,978.2,-33.94045,-70.75700
177.6,0.2478,62.940,1019.9,-33.94175,-70.75812
177.7,0.2380,63.000,1009.9,-33.94233,-70.75928
177.8,0.2302,62.980,1001.0,-33.94219,-70.76048
177.9,0.2445,62.980,1016.7,-33.94223,-70.76167
178.0,0.2385,63.000,1010.3,-33.94244,-70.76286
178.1,0.2061,63.000,974.8,-33.94248,-70.76405
178.2,0.2049,35.520,690.3,-33.69545,-70.77463
178.3,0.2071,35.560,692.0,-33.69582,-70.77529
178.4,0.2211,35.600,701.0,-33.69620,-70.77595
178.5,0.2613,69.080,1118.1,-33.99727,-70.76708
178.6,0.2898,69.200,1154.2,-33.99837,-70.76835
178.7,0.3229,69.260,1195.1,-33.99894,-70.76965
178.8,0.3462,69.240,1222.9,-33.99878,-70.77096
178.9,0.3578,69.300,1237.8,-33.99934,-70.77226
179.0,0.3644,69.360,1246.8,-33.99990,-70.77356
179.1,0.3685,69.420,1252.7,-34.00046,-70.77487
179.2,0.4037,69.520,1297.1,-34.00138,-70.77617
179.3,0.4478,69.580,1351.6,-34.00193,-70.77747
179.4,0.4682,69.620,1377.1,-34.00230,-70.77879
179.5,0.5253,69.680,1447.7,-34.00285,-70.78010
179.6,0.5833,69.680,1518.2,-34.00286,-70.78142
179.7,0.6321,69.660,1577.2,-34.00269,-70.78274
179.8,0.6558,69.240,1597.2,-33.99892,-70.78407
179.9,0.7374,69.380,1699.0,-34.00018,-70.78538
180.0,0.8021,69.360,1776.9,-34.00000,-70.78670
180.1,0.8266,69.320,1805.6,-33.99964,-70.78801
180.2,0.8349,69.280,1814.8,-33.99928,-70.78932
180.3,0.8801,68.640,1853.6,-33.99351,-70.79060
180.4,0.9069,68.500,1882.1,-33.99225,-70.79189
180.5,0.9010,68.460,1874.1,-33.99188,-70.79318
180.6,0.9168,66.560,1845.0,-33.97478,-70.79426
180.7,0.9582,66.600,1894.2,-33.97513,-70.79552
180.8,0.9933,66.600,1935.0,-33.97511,-70.79678
180.9,0.9938,66.620,1936.1,-33.97528,-70.79805
181.0,0.9625,66.620,1899.8,-33.97526,-70.79931
181.1,0.9422,69.900,1960.7,-34.00474,-70.80126
181.2,0.9567,69.920,1978.9,-34.00490,-70.80259
181.3,0.9601,70.020,1985.7,-34.00577,-70.80393
181.4,0.9622,70.120,1990.9,-34.00665,-70.80529
181.5,0.9419,70.160,1967.0,-34.00698,-70.80663
181.6,0.9119,70.320,1934.3,-34.00839,-70.80800
181.7,0.8925,66.180,1807.5,-33.97113,-70.80799
181.8,0.9290,66.180,1849.6,-33.97110,-70.80924
181.9,0.9479,66.140,1870.5,-33.97071,-70.81048
182.0,0.9822,65.940,1904.9,-33.96887,-70.81166
182.1,0.9820,65.860,1902.5,-33.96812,-70.81287
182.2,1.0074,65.700,1927.5,-33.96664,-70.81405
182.3,1.0371,65.600,1958.9,-33.96570,-70.81525
182.4,1.0510,65.600,1974.7,-33.96566,-70.81649
182.5,1.0394,65.580,1961.0,-33.96543,-70.81772
182.6,1.0223,65.540,1940.2,-33.96503,-70.81894
182.7,0.9978,65.480,1910.6,-33.96444,-70.82015
182.8,0.9950,63.860,1865.0,-33.94984,-70.82052
182.9,1.0102,64.500,1898.8,-33.95554,-70.82208
183.0,1.0447,64.380,1934.5,-33.95441,-70.82323
183.1,1.0670,64.300,1957.3,-33.95363,-70.82440
183.2,1.0683,64.260,1957.7,-33.95322,-70.82560
183.3,1.0624,64.240,1950.6,-33.95298,-70.82680
183.4,1.0750,64.240,1964.6,-33.95292,-70.82801
183.5,1.0981,64.200,1989.4,-33.95250,-70.82920
183.6,1.1120,64.180,2004.5,-33.95226,-70.83040
183.7,1.1153,64.160,2007.6,-33.95201,-70.83159
183.8,1.1117,64.120,2002.4,-33.95159,-70.83278
183.9,1.1138,64.140,2005.4,-33.95170,-70.83400
184.0,1.1220,64.180,2015.7,-33.95199,-70.83524
184.1,1.1364,64.240,2033.6,-33.95246,-70.83650
184.2,1.1175,64.380,2016.3,-33.95364,-70.83783
184.3,1.1065,64.460,2006.3,-33.95428,-70.83911
184.4,1.1024,64.500,2002.7,-33.95456,-70.84036
184.5,1.0896,64.560,1990.0,-33.95502,-70.84163
184.6,1.0913,66.700,2051.9,-33.97413,-70.84472
184.7,1.0907,66.640,2049.5,-33.97350,-70.84592
184.8,1.1118,64.720,2019.5,-33.95621,-70.84543
184.9,1.1282,64.760,2039.2,-33.95648,-70.84668
185.0,1.1455,64.860,2061.6,-33.95729,-70.84800
185.1,1.1433,64.960,2062.1,-33.95809,-70.84932
185.2,1.1467,65.060,2068.8,-33.95890,-70.85064
185.3,1.1367,65.140,2059.8,-33.95952,-70.85195
185.4,1.1126,65.420,2040.2,-33.96193,-70.85347
185.5,1.1189,65.500,2049.8,-33.96255,-70.85478
185.6,1.1034,65.780,2039.9,-33.96495,-70.85631
185.7,1.1077,65.960,2049.9,-33.96646,-70.85775
185.8,1.0543,66.000,1989.6,-33.96672,-70.85903
185.9,0.9883,65.980,1912.9,-33.96643,-70.86025
186.0,0.9652,66.640,1903.4,-33.97223,-70.86225
186.1,0.9372,66.780,1874.4,-33.97337,-70.86367
186.2,0.9198,66.820,1855.1,-33.97361,-70.86497
186.3,0.8878,66.840,1818.3,-33.97368,-70.86625
186.4,0.8441,66.860,1767.7,-33.97374,-70.86753
186.5,0.7903,66.840,1704.4,-33.97344,-70.86877
186.6,0.7330,66.840,1637.6,-33.97332,-70.87002
186.7,0.7013,66.800,1599.7,-33.97284,-70.87123
186.8,0.6753,66.760,1568.5,-33.97236,-70.87243
186.9,0.6220,67.500,1521.2,-33.97884,-70.87466
187.0,0.5913,67.620,1487.3,-33.97978,-70.87609
187.1,0.5807,67.600,1474.5,-33.97947,-70.87733
187.2,0.5699,74.320,1593.8,-34.03930,-70.88781
187.3,0.5795,74.240,1604.5,-34.03844,-70.88909
187.4,0.5805,68.080,1483.6,-33.98335,-70.88181
187.5,0.6059,68.180,1515.7,-33.98410,-70.88323
187.6,0.6268,68.220,1541.4,-33.98432,-70.88457
187.7,0.6271,68.280,1543.0,-33.98471,-70.88594
187.8,0.6424,68.400,1563.7,-33.98563,-70.88740
187.9,0.6444,68.440,1566.9,-33.98584,-70.88874
188.0,0.6970,68.900,1639.7,-33.98979,-70.89072
188.1,0.7346,69.000,1687.1,-33.99053,-70.89217
188.2,0.7750,69.020,1736.3,-33.99055,-70.89349
188.3,0.8189,68.900,1786.4,-33.98932,-70.89460
188.4,0.8638,68.860,1839.4,-33.98881,-70.89582
188.5,0.8389,68.800,1808.0,-33.98812,-70.89702
188.6,0.8132,68.660,1773.9,-33.98671,-70.89808
188.7,0.8024,68.600,1759.5,-33.98601,-70.89926
188.8,0.7994,68.480,1753.0,-33.98478,-70.90034
188.9,0.8321,68.300,1787.9,-33.98302,-70.90132
189.0,0.8602,68.260,1820.4,-33.98249,-70.90253
189.1,0.8590,69.660,1853.1,-33.99475,-70.90623
189.2,0.8785,69.360,1869.5,-33.99192,-70.90700
189.3,0.9137,69.600,1918.3,-33.99387,-70.90872
189.4,0.9551,69.600,1968.5,-33.99369,-70.91002
189.5,0.9747,69.540,1990.8,-33.99298,-70.91121
189.6,0.9729,69.580,1989.7,-33.99315,-70.91259
189.7,0.9974,68.300,1985.1,-33.98162,-70.91153
189.8,0.9996,68.240,1986.1,-33.98090,-70.91269
189.9,1.0219,68.180,2011.1,-33.98019,-70.91385
190.0,1.0467,68.180,2040.6,-33.98000,-70.91512
190.1,1.0614,68.100,2055.9,-33.97911,-70.91624
190.2,1.0753,68.100,2072.4,-33.97892,-70.91751
190.3,1.0837,67.980,2079.0,-33.97766,-70.91854
190.4,1.1013,67.980,2099.9,-33.97747,-70.91981
190.5,1.1140,67.960,2114.4,-33.97710,-70.92103
190.6,1.1242,67.840,2123.0,-33.97584,-70.92206
190.7,1.1410,67.840,2143.0,-33.97564,-70.92332
190.8,1.1499,67.820,2152.9,-33.97527,-70.92454
190.9,1.1343,67.720,2131.6,-33.97418,-70.92559
191.0,1.1289,67.700,2124.6,-33.97380,-70.92681
191.1,1.1344,67.680,2130.5,-33.97342,-70.92803
191.2,1.1165,67.700,2109.9,-33.97339,-70.92932
191.3,1.1005,67.680,2090.4,-33.97300,-70.93054
191.4,1.0989,67.680,2088.5,-33.97279,-70.93179
191.5,1.0902,67.620,2076.6,-33.97205,-70.93292
191.6,1.1075,67.480,2093.0,-33.97060,-70.93387
191.7,1.0955,67.440,2077.7,-33.97004,-70.93503
191.8,1.0714,67.180,2042.1,-33.96753,-70.93570
191.9,1.0493,68.200,2044.3,-33.97629,-70.93924
192.0,1.0128,68.180,2000.3,-33.97589,-70.94045
192.1,1.0221,68.120,2009.6,-33.97514,-70.94158
192.2,1.0415,68.100,2032.2,-33.97473,-70.94279
192.3,1.0553,68.060,2047.5,-33.97415,-70.94396
192.4,1.0541,68.080,2046.6,-33.97410,-70.94526
192.5,1.0362,68.060,2024.8,-33.97369,-70.94648
192.6,1.0189,67.980,2002.0,-33.97276,-70.94754
192.7,1.0177,67.840,1996.8,-33.97129,-70.94846
192.8,1.0403,67.840,2023.7,-33.97106,-70.94971
192.9,1.0358,67.920,2020.4,-33.97152,-70.95116
193.0,1.0735,66.700,2031.1,-33.96059,-70.94942
193.1,1.1269,66.820,2096.8,-33.96140,-70.95094
193.2,1.1397,66.880,2113.5,-33.96169,-70.95232
193.3,1.1347,66.820,2105.9,-33.96092,-70.95340
193.4,1.1554,66.680,2126.0,-33.95945,-70.95428
193.5,1.1836,66.680,2158.8,-33.95921,-70.95551
193.6,1.1984,66.120,2159.2,-33.95407,-70.95530
193.7,1.2052,64.840,2128.7,-33.94264,-70.95320
193.8,1.2372,64.720,2161.3,-33.94135,-70.95408
193.9,1.2424,64.680,2166.0,-33.94075,-70.95516
194.0,1.2427,67.700,2259.1,-33.96685,-70.96433
194.1,1.2548,67.700,2273.4,-33.96659,-70.96557
194.2,1.2561,67.760,2276.9,-33.96685,-70.96697
194.3,1.2375,67.600,2249.9,-33.96520,-70.96778
194.4,1.2086,64.540,2123.5,-33.93828,-70.96072
194.5,1.1904,64.420,2099.5,-33.93698,-70.96157
194.6,1.1824,64.380,2089.4,-33.93638,-70.96264
194.7,1.1725,62.940,2036.2,-33.92360,-70.95983
194.8,1.1987,62.780,2060.2,-33.92196,-70.96054
194.9,1.1916,62.660,2049.0,-33.92066,-70.96135
195.0,1.1917,62.640,2048.5,-33.92023,-70.96244
195.1,1.2038,62.620,2061.1,-33.91980,-70.96352
195.2,1.2110,62.540,2066.6,-33.91885,-70.96444
195.3,1.2180,62.480,2072.4,-33.91807,-70.96540
195.4,1.2218,62.480,2076.6,-33.91781,-70.96654
195.5,1.2129,62.440,2065.8,-33.91720,-70.96757
195.6,1.1900,62.420,2040.1,-33.91676,-70.96865
195.7,1.1896,61.980,2026.9,-33.91268,-70.96848
195.8,1.1741,61.980,2010.1,-33.91242,-70.96961
195.9,1.1651,62.660,2019.9,-33.91803,-70.97277
196.0,1.1798,62.660,2036.0,-33.91776,-70.97391
196.1,1.1772,62.720,2034.9,-33.91800,-70.97523
196.2,1.1791,62.640,2034.7,-33.91704,-70.97613
196.3,1.1794,62.540,2032.1,-33.91590,-70.97696
196.4,1.1731,62.520,2024.6,-33.91545,-70.97803
196.5,1.1629,62.420,2010.6,-33.91430,-70.97885
196.6,1.1537,62.320,1997.7,-33.91316,-70.97967
196.7,1.1490,62.260,1990.9,-33.91236,-70.98061
196.8,1.1234,62.240,1962.4,-33.91191,-70.98168
196.9,1.1015,62.100,1934.8,-33.91042,-70.98236
197.0,1.0743,62.000,1902.5,-33.90927,-70.98316
197.1,1.0092,61.980,1831.5,-33.90881,-70.98422
197.2,0.9693,61.820,1784.3,-33.90715,-70.98482
197.3,1.0065,11.040,679.3,-33.47091,-70.82210
197.4,1.0603,11.040,689.7,-33.47086,-70.82230
197.5,1.1102,11.040,699.3,-33.47080,-70.82250
197.6,1.1677,11.000,709.5,-33.47041,-70.82256
197.7,1.2291,11.000,721.3,-33.47036,-70.82276
197.8,1.2863,11.000,732.3,-33.47030,-70.82296
197.9,1.3407,10.980,742.3,-33.47008,-70.82309
198.0,1.3706,10.980,748.0,-33.47003,-70.82328
198.1,1.4017,10.940,752.9,-33.46963,-70.82335
198.2,1.4514,10.880,760.8,-33.46906,-70.82334
198.3,1.5075,10.880,771.5,-33.46901,-70.82353
198.4,1.5560,10.860,780.1,-33.46879,-70.82366
198.5,1.6041,10.860,789.2,-33.46873,-70.82385
198.6,1.6398,10.840,795.4,-33.46851,-70.82398
198.7,1.6875,10.840,804.4,-33.46845,-70.82417
198.8,1.7333,10.820,812.5,-33.46823,-70.82430
198.9,1.7888,10.800,822.3,-33.46800,-70.82442
199.0,1.8464,10.780,832.5,-33.46778,-70.82454
199.1,1.8873,10.800,840.9,-33.46789,-70.82480
199.2,1.9309,10.800,849.1,-33.46784,-70.82500
199.3,1.9760,10.800,857.6,-33.46778,-70.82519
199.4,2.0121,10.800,864.5,-33.46772,-70.82538
199.5,2.0516,10.800,871.9,-33.46767,-70.82557
199.6,2.0901,10.800,879.2,-33.46761,-70.82576
199.7,2.1183,10.800,884.5,-33.46755,-70.82595
199.8,2.1459,10.780,889.0,-33.46733,-70.82607
199.9,2.1682,10.760,892.4,-33.46710,-70.82619
200.0,2.2080,10.760,899.8,-33.46704,-70.82638
200.1,2.2407,10.740,905.2,-33.46682,-70.82650
200.2,2.2745,10.740,911.5,-33.46676,-70.82669
200.3,2.2966,10.720,914.8,-33.46653,-70.82680
200.4,2.3268,10.720,920.5,-33.46647,-70.82699
200.5,2.3640,10.720,927.5,-33.46641,-70.82718
200.6,2.4048,10.700,934.3,-33.46619,-70.82729
200.7,2.4449,10.700,941.8,-33.46613,-70.82748
200.8,2.4798,10.680,947.4,-33.46590,-70.82759
200.9,2.5197,10.680,954.9,-33.46584,-70.82778
201.0,2.5368,10.680,958.1,-33.46578,-70.82797
201.1,2.5626,10.660,961.9,-33.46555,-70.82808
201.2,2.5570,10.680,961.8,-33.46566,-70.82834
201.3,2.5754,10.680,965.3,-33.46560,-70.82853
201.4,2.5937,10.680,968.7,-33.46554,-70.82872
201.5,2.6043,10.680,970.7,-33.46548,-70.82890
201.6,2.6241,10.680,974.4,-33.46541,-70.82909
201.7,2.6461,10.680,978.5,-33.46535,-70.82928
201.8,2.6733,10.680,983.6,-33.46529,-70.82946
201.9,2.6763,10.680,984.1,-33.46523,-70.82965
202.0,2.6789,10.660,983.6,-33.46500,-70.82976
202.1,2.6659,10.660,981.2,-33.46493,-70.82994
202.2,2.6496,10.640,977.2,-33.46470,-70.83005
202.3,2.6212,10.620,971.0,-33.46447,-70.83015
202.4,2.6198,10.600,969.8,-33.46425,-70.83025
202.5,2.6167,10.560,967.3,-33.46385,-70.83027
202.6,2.6186,10.560,967.7,-33.46379,-70.83045
202.7,2.6329,10.540,969.4,-33.46356,-70.83055
202.8,2.6262,10.520,967.2,-33.46333,-70.83065
202.9,2.6262,10.520,967.2,-33.46326,-70.83084
203.0,2.6117,10.500,963.6,-33.46303,-70.83093
203.1,2.6026,10.500,961.9,-33.46297,-70.83112
203.2,2.5800,10.480,956.8,-33.46274,-70.83121
203.3,2.5573,10.480,952.7,-33.46267,-70.83139
203.4,2.5278,10.460,946.3,-33.46244,-70.83149
203.5,2.5052,10.440,941.3,-33.46221,-70.83158
203.6,2.4835,10.420,936.4,-33.46198,-70.83168
203.7,2.4601,10.420,932.2,-33.46192,-70.83186
203.8,2.4528,10.400,930.0,-33.46168,-70.83195
203.9,2.4269,10.400,925.3,-33.46162,-70.83213
204.0,2.4354,10.380,925.9,-33.46139,-70.83222
204.1,2.4220,10.360,922.6,-33.46116,-70.83231
204.2,2.4324,10.360,924.5,-33.46109,-70.83249
204.3,2.4141,10.360,921.2,-33.46102,-70.83266
204.4,2.3874,10.360,916.3,-33.46096,-70.83284
204.5,2.3523,10.380,910.8,-33.46105,-70.83311
204.6,2.3131,10.380,903.7,-33.46099,-70.83329
204.7,2.2672,10.380,895.4,-33.46092,-70.83346
204.8,2.2250,10.380,887.7,-33.46085,-70.83364
204.9,2.2132,10.140,876.0,-33.45882,-70.83273
205.0,2.2033,10.120,873.4,-33.45859,-70.83281
205.1,2.1993,10.120,872.7,-33.45852,-70.83298
205.2,2.2347,10.040,875.7,-33.45781,-70.83279
205.3,2.2776,10.060,884.1,-33.45790,-70.83305
205.4,2.2904,10.020,884.7,-33.45751,-70.83304
205.5,2.2661,10.040,881.3,-33.45760,-70.83330
205.6,2.2359,10.040,876.0,-33.45754,-70.83347
205.7,2.1999,10.040,869.6,-33.45747,-70.83364
205.8,2.1648,10.020,862.7,-33.45724,-70.83372
205.9,2.1285,10.020,856.3,-33.45717,-70.83389
206.0,2.0838,10.020,848.5,-33.45710,-70.83406
206.1,2.0548,10.020,843.4,-33.45703,-70.83422
206.2,2.0411,10.020,841.0,-33.45696,-70.83439
206.3,2.0130,10.020,836.1,-33.45689,-70.83456
206.4,1.9959,10.000,832.4,-33.45666,-70.83464
206.5,1.9783,10.000,829.3,-33.45659,-70.83480
206.6,1.9588,10.000,825.9,-33.45652,-70.83497
206.7,1.9359,10.000,821.9,-33.45645,-70.83514
206.8,1.9181,10.000,818.8,-33.45638,-70.83531
206.9,1.8780,10.000,811.8,-33.45631,-70.83548
207.0,1.8632,10.020,809.9,-33.45640,-70.83574
207.1,1.8359,10.020,805.1,-33.45633,-70.83591
207.2,1.8223,10.020,802.7,-33.45625,-70.83608
207.3,1.8211,10.020,802.5,-33.45618,-70.83625
207.4,1.8239,10.020,803.0,-33.45611,-70.83641
207.5,1.7932,10.000,797.0,-33.45588,-70.83648
207.6,1.7873,10.000,795.9,-33.45580,-70.83665
207.7,1.7602,10.000,791.2,-33.45573,-70.83681
207.8,1.7403,10.000,787.7,-33.45566,-70.83698
207.9,1.7121,10.000,782.8,-33.45558,-70.83715
208.0,1.6712,10.000,775.6,-33.45551,-70.83731
208.1,1.6226,10.020,767.8,-33.45560,-70.83758
208.2,1.5882,10.020,761.7,-33.45552,-70.83775
208.3,1.5317,10.020,751.8,-33.45545,-70.83791
208.4,1.4823,10.020,743.2,-33.45537,-70.83808
208.5,1.4421,10.020,736.2,-33.45530,-70.83824
208.6,1.3936,10.020,727.7,-33.45522,-70.83841
208.7,1.3600,10.040,722.3,-33.45530,-70.83868
208.8,1.3175,10.040,714.8,-33.45523,-70.83884
208.9,1.2684,10.040,706.2,-33.45515,-70.83901
209.0,1.2402,11.140,726.7,-33.46373,-70.84493
209.1,1.2354,11.140,725.8,-33.46364,-70.84511
209.2,1.2220,11.140,723.2,-33.46356,-70.84530
209.3,1.2004,11.140,719.0,-33.46347,-70.84548
209.4,1.1993,11.140,718.7,-33.46339,-70.84566
209.5,1.2039,11.140,719.6,-33.46330,-70.84584
209.6,1.2075,11.120,719.9,-33.46306,-70.84592
209.7,1.2120,11.120,720.8,-33.46297,-70.84610
209.8,1.2085,11.140,720.5,-33.46304,-70.84639
209.9,1.1813,11.140,715.2,-33.46295,-70.84657
210.0,1.1607,11.140,711.2,-33.46287,-70.84675
210.1,1.1448,11.140,708.1,-33.46278,-70.84694
210.2,1.1061,11.140,700.6,-33.46269,-70.84712
210.3,1.0720,11.160,694.4,-33.46276,-70.84741
210.4,1.0265,11.160,685.5,-33.46267,-70.84759
210.5,1.0096,13.340,724.3,-33.47947,-70.85971
210.6,0.9783,13.320,716.6,-33.47921,-70.85982
210.7,0.9661,18.940,820.9,-33.52255,-70.89103
210.8,1.0012,18.920,832.2,-33.52224,-70.89123
210.9,1.0248,18.920,840.0,-33.52209,-70.89153
211.0,1.0421,18.900,845.3,-33.52178,-70.89173
211.1,1.0494,18.900,847.7,-33.52163,-70.89203
211.2,1.0439,18.880,845.4,-33.52132,-70.89222
211.3,1.0257,18.820,838.2,-33.52070,-70.89219
211.4,1.0069,18.780,831.2,-33.52024,-70.89227
211.5,0.9747,18.760,820.3,-33.51994,-70.89246
211.6,0.9647,18.760,817.0,-33.51978,-70.89276
211.7,0.9750,18.780,820.8,-33.51978,-70.89317
211.8,0.9834,18.800,823.9,-33.51978,-70.89359
211.9,0.9897,18.820,826.4,-33.51977,-70.89400
212.0,0.9933,18.820,827.6,-33.51962,-70.89430
212.1,1.0014,18.820,830.2,-33.51946,-70.89460
212.2,1.0118,18.820,833.6,-33.51930,-70.89490
212.3,1.0317,18.820,840.2,-33.51914,-70.89520
212.4,1.0556,18.820,848.0,-33.51899,-70.89550
212.5,1.0955,18.820,861.1,-33.51883,-70.89580
212.6,1.1334,18.820,873.6,-33.51867,-70.89610
212.7,1.1715,18.820,886.1,-33.51851,-70.89640
212.8,1.1935,18.820,893.3,-33.51835,-70.89669
212.9,1.2164,18.840,901.4,-33.51834,-70.89711
213.0,1.2254,18.840,904.3,-33.51818,-70.89741
213.1,1.2367,18.840,908.0,-33.51802,-70.89770
213.2,1.2391,18.840,908.8,-33.51785,-70.89800
213.3,1.2416,18.820,909.2,-33.51754,-70.89818
213.4,1.2614,18.800,915.2,-33.51723,-70.89835
213.5,1.2898,18.780,924.0,-33.51692,-70.89853
213.6,1.3172,18.780,933.0,-33.51675,-70.89882
213.7,1.3519,18.760,943.9,-33.51644,-70.89900
213.8,1.3837,18.740,953.7,-33.51613,-70.89917
213.9,1.3856,18.720,953.8,-33.51581,-70.89934
214.0,1.3937,18.700,955.9,-33.51550,-70.89952
214.1,1.4032,18.680,958.5,-33.51519,-70.89969
214.2,1.4054,18.660,958.7,-33.51487,-70.89986
214.3,1.4199,18.640,962.9,-33.51456,-70.90002
214.4,1.4325,18.620,966.4,-33.51424,-70.90019
214.5,1.4387,18.600,967.9,-33.51393,-70.90036
214.6,1.4530,18.600,972.5,-33.51377,-70.90065
214.7,1.4751,18.600,979.7,-33.51360,-70.90093
214.8,1.4958,18.580,985.8,-33.51328,-70.90110
214.9,1.5178,18.580,993.0,-33.51312,-70.90138
215.0,1.5452,18.580,1001.9,-33.51295,-70.90167
215.1,1.5802,18.580,1013.2,-33.51278,-70.90196
215.2,1.6220,18.580,1026.8,-33.51261,-70.90224
215.3,1.6743,18.560,1043.2,-33.51230,-70.90240
215.4,1.7272,18.540,1059.6,-33.51198,-70.90256
215.5,1.7699,18.560,1074.2,-33.51196,-70.90297
215.6,1.8056,18.560,1085.7,-33.51179,-70.90326
215.7,1.8450,18.540,1097.8,-33.51148,-70.90342
215.8,1.8801,18.540,1109.2,-33.51130,-70.90370
215.9,1.9187,18.480,1119.5,-33.51070,-70.90360
216.0,1.9414,18.480,1126.9,-33.51053,-70.90388
216.1,1.9110,18.520,1118.5,-33.51065,-70.90442
216.2,1.8756,18.540,1107.7,-33.51062,-70.90483
216.3,1.8531,18.600,1102.6,-33.51088,-70.90549
216.4,1.8381,18.620,1098.3,-33.51085,-70.90590
216.5,1.8271,18.640,1095.5,-33.51082,-70.90631
216.6,1.8231,18.640,1094.2,-33.51065,-70.90659
216.7,1.8228,18.640,1094.0,-33.51047,-70.90688
216.8,1.8307,18.640,1096.6,-33.51030,-70.90716
216.9,1.8401,18.660,1100.4,-33.51027,-70.90757
217.0,1.8628,18.640,1107.1,-33.50995,-70.90772
217.1,1.8872,18.660,1115.8,-33.50991,-70.90813
217.2,1.9130,18.660,1124.2,-33.50974,-70.90841
217.3,1.9060,18.640,1121.2,-33.50942,-70.90856
217.4,1.8842,18.660,1114.8,-33.50938,-70.90897
217.5,1.8721,18.680,1111.5,-33.50934,-70.90938
217.6,1.8712,18.680,1111.2,-33.50917,-70.90965
217.7,1.8776,18.700,1114.0,-33.50913,-70.91007
217.8,1.8883,18.720,1118.3,-33.50909,-70.91048
217.9,1.9084,18.720,1124.8,-33.50891,-70.91075
218.0,1.9110,18.720,1125.7,-33.50873,-70.91103
218.1,1.8987,18.680,1120.2,-33.50826,-70.91104
218.2,1.8789,18.660,1113.0,-33.50794,-70.91118
218.3,1.8727,18.620,1109.6,-33.50748,-70.91119
218.4,1.8649,18.600,1106.4,-33.50716,-70.91133
218.5,1.8426,18.580,1098.4,-33.50683,-70.91147
218.6,1.7929,18.580,1082.3,-33.50665,-70.91175
218.7,1.7284,18.580,1061.3,-33.50647,-70.91202
218.8,1.6763,18.600,1045.1,-33.50643,-70.91243
218.9,1.6481,19.220,1055.3,-33.51058,-70.91691
219.0,1.6440,19.220,1054.0,-33.51039,-70.91719
219.1,1.6292,19.220,1049.0,-33.51020,-70.91747
219.2,1.6008,19.200,1038.9,-33.50987,-70.91761
219.3,1.6769,14.920,929.1,-33.47991,-70.88861
219.4,1.7558,14.920,949.6,-33.47976,-70.88883
219.5,1.8119,14.900,963.6,-33.47948,-70.88891
219.6,1.8437,14.920,972.6,-33.47947,-70.88926
219.7,1.8693,14.900,978.6,-33.47918,-70.88934
219.8,1.8867,14.900,983.1,-33.47903,-70.88955
219.9,1.9031,14.900,987.3,-33.47888,-70.88977
220.0,1.9111,14.900,989.4,-33.47873,-70.88998
220.1,1.9214,14.900,992.1,-33.47858,-70.89020
220.2,1.9341,14.920,996.1,-33.47856,-70.89055
220.3,1.9442,14.920,998.8,-33.47841,-70.89077
220.4,1.9555,14.940,1002.5,-33.47840,-70.89112
220.5,1.9730,15.020,1009.9,-33.47879,-70.89190
220.6,1.9959,15.040,1016.7,-33.47877,-70.89225
220.7,2.0171,15.040,1022.2,-33.47862,-70.89246
220.8,2.0374,15.480,1044.2,-33.48146,-70.89578
220.9,2.0899,15.460,1057.6,-33.48116,-70.89586
221.0,2.1274,15.480,1068.5,-33.48114,-70.89622
221.1,2.1524,15.480,1075.3,-33.48098,-70.89644
221.2,2.1739,15.480,1081.1,-33.48082,-70.89666
221.3,2.1953,15.460,1086.1,-33.48052,-70.89674
221.4,2.2110,15.420,1088.7,-33.48009,-70.89667
221.5,2.2183,15.460,1092.3,-33.48020,-70.89717
221.6,2.2158,15.460,1091.6,-33.48004,-70.89739
221.7,2.1987,15.460,1087.0,-33.47988,-70.89761
221.8,2.1773,15.460,1081.2,-33.47972,-70.89783
221.9,2.1507,15.460,1074.0,-33.47956,-70.89804
222.0,2.1116,15.440,1062.7,-33.47926,-70.89811
222.1,2.0632,15.440,1049.6,-33.47910,-70.89833
222.2,2.0004,15.440,1032.7,-33.47894,-70.89855
222.3,1.9449,15.300,1012.6,-33.47784,-70.89774
222.4,1.9455,16.180,1044.6,-33.48352,-70.90436
222.5,1.9625,16.180,1049.4,-33.48335,-70.90459
222.6,1.9873,16.200,1057.1,-33.48331,-70.90496
222.7,2.0130,16.220,1065.2,-33.48327,-70.90533
222.8,2.0439,16.220,1073.9,-33.48309,-70.90555
222.9,2.0528,16.240,1077.2,-33.48305,-70.90592
223.0,2.0246,16.280,1070.7,-33.48314,-70.90644
223.1,2.0213,16.340,1072.0,-33.48336,-70.90711
223.2,2.0092,16.360,1069.3,-33.48332,-70.90748
223.3,1.9773,16.380,1060.9,-33.48327,-70.90785
223.4,1.9680,16.420,1059.8,-33.48335,-70.90837
223.5,1.9721,17.020,1082.9,-33.48709,-70.91306
223.6,1.9968,17.020,1090.3,-33.48690,-70.91329
223.7,2.0077,17.020,1093.5,-33.48672,-70.91352
223.8,1.9882,16.960,1085.5,-33.48614,-70.91330
223.9,1.9910,16.860,1082.7,-33.48531,-70.91278
224.0,1.9947,16.840,1083.0,-33.48500,-70.91286
224.1,1.9888,16.800,1079.8,-33.48456,-70.91279
224.2,1.9867,16.780,1078.4,-33.48424,-70.91286
224.3,1.9881,16.760,1078.1,-33.48393,-70.91294
224.4,1.9713,16.780,1073.9,-33.48388,-70.91332
224.5,1.9411,16.780,1065.1,-33.48369,-70.91354
224.6,1.9070,16.760,1054.3,-33.48338,-70.91361
224.7,1.8913,17.520,1076.6,-33.48805,-70.91961
224.8,1.8897,17.540,1076.8,-33.48798,-70.92000
224.9,1.8560,17.560,1067.2,-33.48791,-70.92038
225.0,1.8160,17.560,1054.9,-33.48772,-70.92062
225.1,1.7747,17.560,1042.3,-33.48752,-70.92085
225.2,1.7385,17.560,1031.1,-33.48733,-70.92108
225.3,1.7044,17.540,1020.0,-33.48700,-70.92116
225.4,1.6747,17.540,1010.9,-33.48681,-70.92139
225.5,1.6447,17.540,1001.7,-33.48661,-70.92163
225.6,1.6189,17.540,993.8,-33.48641,-70.92186
225.7,1.6015,17.540,988.5,-33.48622,-70.92209
225.8,1.5913,17.520,984.8,-33.48589,-70.92216
225.9,1.5846,17.500,982.1,-33.48557,-70.92224
226.0,1.5760,17.500,979.5,-33.48537,-70.92247
226.1,1.5654,17.500,976.3,-33.48518,-70.92269
226.2,1.5475,17.500,970.8,-33.48498,-70.92292
226.3,1.5210,17.500,962.7,-33.48478,-70.92315
226.4,1.4977,17.520,956.1,-33.48470,-70.92353
226.5,1.4815,17.500,950.6,-33.48438,-70.92360
226.6,1.4644,17.500,945.4,-33.48418,-70.92383
226.7,1.4533,17.480,941.4,-33.48386,-70.92390
226.8,1.4355,17.480,936.0,-33.48366,-70.92412
226.9,1.4136,17.480,929.3,-33.48346,-70.92435
227.0,1.3969,17.480,924.2,-33.48326,-70.92457
227.1,1.3829,17.480,919.9,-33.48306,-70.92480
227.2,1.3653,17.480,914.6,-33.48285,-70.92502
227.3,1.3538,17.480,911.1,-33.48265,-70.92524
227.4,1.3456,17.480,908.6,-33.48245,-70.92546
227.5,1.3332,17.460,904.2,-33.48213,-70.92553
227.6,1.3249,17.460,901.7,-33.48192,-70.92575
227.7,1.3127,17.460,898.0,-33.48172,-70.92597
227.8,1.3016,17.440,894.1,-33.48140,-70.92603
227.9,1.2922,17.440,891.2,-33.48119,-70.92625
228.0,1.2870,17.440,889.7,-33.48099,-70.92647
228.1,1.2827,17.440,888.3,-33.48079,-70.92669
228.2,1.2728,17.440,885.3,-33.48058,-70.92691
228.3,1.2613,17.420,881.4,-33.48026,-70.92697
228.4,1.2391,17.420,874.6,-33.48005,-70.92718
228.5,1.2193,17.420,868.6,-33.47985,-70.92740
228.6,1.2044,17.400,863.6,-33.47952,-70.92745
228.7,1.1967,17.400,861.2,-33.47932,-70.92767
228.8,1.1875,17.380,858.0,-33.47900,-70.92772
228.9,1.1769,17.380,854.7,-33.47879,-70.92794
229.0,1.1627,17.380,850.4,-33.47858,-70.92815
229.1,1.1513,17.380,847.0,-33.47838,-70.92837
229.2,1.1561,17.360,848.0,-33.47805,-70.92842
229.3,1.1631,17.360,850.1,-33.47785,-70.92863
229.4,1.1559,17.360,847.9,-33.47764,-70.92884
229.5,1.1488,17.360,845.8,-33.47743,-70.92906
229.6,1.1430,17.360,844.0,-33.47722,-70.92927
229.7,1.1372,17.360,842.2,-33.47702,-70.92948
229.8,1.1327,17.360,840.9,-33.47681,-70.92969
229.9,1.1273,17.360,839.3,-33.47660,-70.92990
230.0,1.1297,17.360,840.0,-33.47639,-70.93011
230.1,1.1324,17.360,840.8,-33.47618,-70.93032
230.2,1.1304,17.360,840.2,-33.47597,-70.93053
230.3,1.1197,17.380,837.4,-33.47588,-70.93090
230.4,1.1025,17.400,832.6,-33.47578,-70.93128
230.5,1.1001,17.400,831.9,-33.47557,-70.93149
230.6,1.1028,17.400,832.7,-33.47536,-70.93169
230.7,1.1056,17.400,833.5,-33.47515,-70.93190
230.8,1.1084,17.400,834.4,-33.47494,-70.93211
230.9,1.1082,17.400,834.3,-33.47472,-70.93231
231.0,1.0929,17.400,829.7,-33.47451,-70.93252
231.1,1.0704,17.380,822.4,-33.47419,-70.93256
231.2,1.0383,17.380,812.7,-33.47397,-70.93276
231.3,1.0007,17.360,800.9,-33.47365,-70.93280
231.4,0.9898,17.660,803.5,-33.47512,-70.93553
231.5,0.9702,17.680,797.8,-33.47501,-70.93591
231.6,0.9403,17.760,790.1,-33.47524,-70.93679
231.7,0.9316,17.780,787.8,-33.47513,-70.93717
231.8,0.9356,17.780,789.0,-33.47491,-70.93737
231.9,0.9430,17.780,791.3,-33.47469,-70.93758
232.0,0.9477,17.780,792.8,-33.47447,-70.93779
232.1,0.9600,17.780,796.6,-33.47425,-70.93799
232.2,0.9773,17.780,802.0,-33.47403,-70.93820
232.3,0.9930,17.780,806.8,-33.47381,-70.93840
232.4,1.0086,17.780,811.7,-33.47359,-70.93861
232.5,1.0099,17.800,812.5,-33.47348,-70.93898
232.6,1.0095,17.820,812.8,-33.47336,-70.93936
232.7,1.0043,17.840,811.5,-33.47325,-70.93973
232.8,1.0113,17.840,813.7,-33.47303,-70.93993
232.9,1.0191,17.840,816.2,-33.47280,-70.94014
233.0,1.0287,17.860,819.5,-33.47269,-70.94051
233.1,1.0462,17.860,825.0,-33.47246,-70.94071
233.2,1.0722,17.880,833.6,-33.47235,-70.94109
233.3,1.1050,17.880,843.8,-33.47212,-70.94129
233.4,1.1368,17.880,853.7,-33.47190,-70.94149
233.5,1.1597,17.880,860.9,-33.47167,-70.94169
233.6,1.1560,17.880,859.7,-33.47144,-70.94189
233.7,1.1324,17.880,852.3,-33.47122,-70.94209
233.8,1.1013,17.880,842.6,-33.47099,-70.94228
233.9,1.0961,18.000,843.6,-33.47140,-70.94353
234.0,1.0918,18.040,843.1,-33.47138,-70.94408
234.1,1.0713,18.060,837.1,-33.47126,-70.94445
234.2,1.0475,18.060,829.6,-33.47103,-70.94465
234.3,1.0253,18.060,822.5,-33.47080,-70.94485
234.4,1.0143,18.060,819.1,-33.47057,-70.94505
234.5,1.0071,18.080,817.2,-33.47044,-70.94542
234.6,1.0032,18.100,816.4,-33.47031,-70.94579
234.7,1.0043,18.120,817.1,-33.47018,-70.94616
234.8,1.0257,18.140,824.3,-33.47005,-70.94654
234.9,1.0381,18.160,828.7,-33.46992,-70.94691
235.0,1.0412,17.920,824.7,-33.46845,-70.94498
235.1,1.0616,17.920,831.1,-33.46822,-70.94518
235.2,1.0847,17.940,838.7,-33.46810,-70.94555
235.3,1.1096,17.940,846.5,-33.46786,-70.94574
235.4,1.1334,17.960,854.4,-33.46773,-70.94611
235.5,1.1583,18.000,863.1,-33.46770,-70.94665
235.6,1.1800,18.000,870.0,-33.46747,-70.94685
235.7,1.1972,18.000,875.4,-33.46724,-70.94704
235.8,1.2149,18.000,880.9,-33.46700,-70.94723
235.9,1.2331,18.100,889.0,-33.46727,-70.94831
236.0,1.2652,18.080,898.7,-33.46694,-70.94832
236.1,1.2826,18.100,904.7,-33.46680,-70.94869
236.2,1.3079,18.040,911.2,-33.46627,-70.94834
236.3,1.3344,18.020,919.0,-33.46593,-70.94835
236.4,1.3568,18.000,925.5,-33.46559,-70.94836
236.5,1.3824,18.000,933.6,-33.46536,-70.94854
236.6,1.3980,18.000,938.5,-33.46512,-70.94873
236.7,1.4067,18.000,941.2,-33.46489,-70.94892
236.8,1.4112,18.000,942.6,-33.46465,-70.94910
236.9,1.4218,17.980,945.4,-33.46432,-70.94911
237.0,1.4409,17.960,950.9,-33.46398,-70.94911
237.1,1.4673,17.960,959.2,-33.46374,-70.94929
237.2,1.4871,17.960,965.4,-33.46351,-70.94947
237.3,1.4979,17.960,968.8,-33.46327,-70.94966
237.4,1.5123,17.960,973.3,-33.46303,-70.94984
237.5,1.5351,17.960,980.4,-33.46279,-70.95002
237.6,1.5575,17.940,986.9,-33.46246,-70.95002
237.7,1.5826,17.920,994.1,-33.46213,-70.95002
237.8,1.6073,17.900,1001.3,-33.46179,-70.95001
237.9,1.6298,17.880,1007.7,-33.46146,-70.95001
238.0,1.6732,17.620,1013.0,-33.45998,-70.94781
238.1,1.7190,17.620,1027.1,-33.45975,-70.94798
238.2,1.7626,17.640,1041.2,-33.45961,-70.94834
238.3,1.7979,17.640,1052.1,-33.45937,-70.94852
238.4,1.8234,17.640,1059.9,-33.45914,-70.94869
238.5,1.8354,17.620,1062.9,-33.45881,-70.94868
238.6,1.8565,17.560,1067.4,-33.45829,-70.94830
238.7,1.8650,17.560,1070.0,-33.45805,-70.94847
238.8,1.8562,17.580,1068.0,-33.45791,-70.94883
238.9,1.8431,17.580,1063.9,-33.45767,-70.94900
239.0,1.8252,17.580,1058.4,-33.45744,-70.94917
239.1,1.8060,17.580,1052.5,-33.45720,-70.94934
239.2,1.7864,17.580,1046.5,-33.45696,-70.94951
239.3,1.7664,17.560,1039.7,-33.45664,-70.94949
239.4,1.7476,17.540,1033.3,-33.45631,-70.94947
239.5,1.7324,17.540,1028.6,-33.45607,-70.94964
239.6,1.7149,17.520,1022.6,-33.45574,-70.94962
239.7,1.6967,17.520,1017.1,-33.45550,-70.94978
239.8,1.6787,17.500,1010.9,-33.45518,-70.94976
239.9,1.6691,17.480,1007.3,-33.45485,-70.94974
240.0,1.6676,17.460,1006.2,-33.45452,-70.94972
240.1,1.6652,17.440,1004.9,-33.45419,-70.94970
240.2,1.6625,17.420,1003.4,-33.45387,-70.94967
240.3,1.6541,17.420,1000.9,-33.45363,-70.94983
240.4,1.6506,17.420,999.8,-33.45339,-70.95000
240.5,1.7124,14.580,927.5,-33.44060,-70.92349
240.6,1.7935,14.580,948.2,-33.44041,-70.92362
240.7,1.8497,14.580,962.5,-33.44021,-70.92376
240.8,1.8824,14.580,970.8,-33.44001,-70.92389
240.9,1.9022,14.560,975.1,-33.43972,-70.92383
241.0,1.9244,14.560,980.8,-33.43952,-70.92397
241.1,1.9604,14.540,989.2,-33.43923,-70.92391
241.2,1.9752,14.540,993.0,-33.43903,-70.92404
241.3,1.9922,14.540,997.3,-33.43883,-70.92417
241.4,1.9993,14.540,999.1,-33.43863,-70.92430
241.5,2.0046,14.540,1000.5,-33.43843,-70.92444
241.6,2.0144,14.560,1003.7,-33.43831,-70.92475
241.7,2.0178,14.560,1004.6,-33.43811,-70.92488
241.8,2.0252,14.560,1006.4,-33.43791,-70.92501
241.9,2.0278,14.560,1007.1,-33.43771,-70.92514
242.0,2.0386,14.560,1009.8,-33.43751,-70.92527
242.1,2.0451,14.540,1010.8,-33.43722,-70.92521
242.2,2.0502,14.540,1012.0,-33.43702,-70.92534
242.3,2.0684,14.520,1015.9,-33.43673,-70.92527
242.4,2.0869,14.500,1019.8,-33.43645,-70.92521
242.5,2.1147,14.480,1026.1,-33.43616,-70.92514
242.6,2.1482,14.480,1034.6,-33.43596,-70.92527
242.7,2.1803,14.460,1041.9,-33.43568,-70.92520
242.8,2.2138,14.460,1050.4,-33.43548,-70.92532
242.9,2.2407,14.440,1056.4,-33.43519,-70.92526
243.0,2.2681,14.440,1063.3,-33.43499,-70.92538
243.1,2.2939,14.440,1069.8,-33.43479,-70.92550
243.2,2.3094,14.440,1073.7,-33.43459,-70.92562
243.3,2.3235,14.420,1076.4,-33.43430,-70.92555
243.4,2.3094,14.420,1072.9,-33.43410,-70.92568
243.5,2.3022,14.420,1071.0,-33.43390,-70.92580
243.6,2.2822,14.420,1066.0,-33.43369,-70.92592
243.7,2.2814,14.420,1065.8,-33.43349,-70.92604
243.8,2.2909,14.420,1068.2,-33.43329,-70.92616
243.9,2.3072,14.420,1072.3,-33.43309,-70.92628
244.0,2.3279,14.420,1077.5,-33.43288,-70.92639
244.1,2.3435,14.420,1081.5,-33.43268,-70.92651
244.2,2.3688,14.420,1087.8,-33.43247,-70.92663
244.3,2.3898,14.440,1094.0,-33.43235,-70.92694
244.4,2.4156,14.440,1100.5,-33.43214,-70.92706
244.5,2.4444,14.440,1107.8,-33.43194,-70.92718
244.6,2.4682,14.440,1113.8,-33.43173,-70.92729
244.7,2.4935,14.420,1119.3,-33.43145,-70.92721
244.8,2.5138,14.420,1124.4,-33.43125,-70.92733
244.9,2.5245,14.420,1127.1,-33.43104,-70.92744
245.0,2.5210,14.400,1125.3,-33.43076,-70.92736
245.1,2.5338,14.400,1128.5,-33.43056,-70.92748
245.2,2.5395,14.380,1129.0,-33.43028,-70.92740
245.3,2.5894,13.160,1084.1,-33.42550,-70.91556
245.4,2.6384,13.160,1095.4,-33.42531,-70.91566
245.5,2.6799,13.160,1104.9,-33.42512,-70.91576
245.6,2.7191,13.160,1114.0,-33.42493,-70.91586
245.7,2.7517,13.160,1121.5,-33.42475,-70.91596
245.8,2.7873,14.260,1185.3,-33.42860,-70.92689
245.9,2.8487,14.260,1200.6,-33.42840,-70.92700
246.0,2.9453,14.220,1222.6,-33.42805,-70.92671
246.1,3.0060,14.200,1236.6,-33.42777,-70.92662
246.2,3.0309,14.220,1243.9,-33.42764,-70.92693
246.3,3.0545,14.220,1249.8,-33.42743,-70.92703
246.4,3.0898,14.220,1258.6,-33.42723,-70.92714
246.5,3.1306,14.220,1268.7,-33.42702,-70.92725
246.6,3.1655,13.180,1217.9,-33.42311,-70.91706
246.7,3.2013,13.180,1226.2,-33.42292,-70.91716
246.8,3.2338,13.180,1233.7,-33.42273,-70.91726
246.9,3.2522,13.180,1238.0,-33.42254,-70.91735
247.0,3.2793,13.180,1244.2,-33.42235,-70.91745
247.1,3.3107,12.960,1238.3,-33.42140,-70.91536
247.2,3.3458,12.960,1246.3,-33.42121,-70.91546
247.3,3.3812,12.980,1255.5,-33.42109,-70.91575
247.4,3.3663,12.980,1252.2,-33.42090,-70.91584
247.5,3.3539,13.180,1261.4,-33.42140,-70.91793
247.6,3.3399,13.180,1258.2,-33.42121,-70.91802
247.7,3.3351,13.200,1258.3,-33.42108,-70.91832
247.8,3.3128,13.200,1253.1,-33.42089,-70.91841
247.9,3.2910,13.180,1246.9,-33.42063,-70.91830
248.0,3.2721,14.120,1298.0,-33.42360,-70.92779
248.1,3.2867,14.140,1302.9,-33.42346,-70.92809
248.2,3.3133,14.160,1310.6,-33.42332,-70.92839
248.3,3.3399,14.180,1318.4,-33.42318,-70.92869
248.4,3.3798,14.200,1329.6,-33.42304,-70.92899
248.5,3.4208,14.220,1341.0,-33.42290,-70.92929
248.6,3.4659,14.240,1353.5,-33.42275,-70.92959
248.7,3.4960,14.240,1361.0,-33.42255,-70.92968
248.8,3.5333,14.260,1371.6,-33.42240,-70.92998
248.9,3.5922,14.360,1392.8,-33.42252,-70.93108
249.0,3.6483,14.340,1405.6,-33.42224,-70.93098
249.1,3.6902,14.340,1416.1,-33.42203,-70.93107
249.2,3.7071,14.360,1421.7,-33.42188,-70.93137
249.3,3.7185,14.360,1424.6,-33.42167,-70.93147
249.4,3.7166,14.360,1424.1,-33.42146,-70.93156
249.5,3.7268,14.360,1426.7,-33.42125,-70.93166
249.6,3.7199,14.360,1424.9,-33.42104,-70.93175
249.7,3.7098,14.340,1421.0,-33.42077,-70.93164
249.8,3.7306,14.340,1426.3,-33.42055,-70.93174
249.9,3.7488,14.340,1430.8,-33.42034,-70.93183
250.0,3.7635,14.340,1434.6,-33.42013,-70.93192
250.1,3.7767,14.340,1437.9,-33.41992,-70.93201
250.2,3.7977,14.320,1441.8,-33.41965,-70.93190
250.3,3.8221,14.320,1447.9,-33.41944,-70.93199
250.4,3.8292,14.300,1448.3,-33.41916,-70.93188
250.5,3.8328,14.300,1449.2,-33.41895,-70.93197
250.6,3.8298,14.300,1448.5,-33.41874,-70.93206
250.7,3.8304,14.820,1484.5,-33.42007,-70.93744
250.8,3.8739,14.840,1497.2,-33.41991,-70.93773
250.9,3.9366,15.000,1524.8,-33.42016,-70.93945
251.0,3.9958,15.000,1540.4,-33.41993,-70.93955
251.1,4.0475,15.000,1554.0,-33.41971,-70.93964
251.2,4.0939,15.000,1566.2,-33.41949,-70.93973
251.3,4.1568,15.320,1606.7,-33.42018,-70.94309
251.4,4.2227,15.220,1616.8,-33.41967,-70.94216
251.5,4.2910,15.240,1636.6,-33.41950,-70.94245
251.6,4.3552,15.260,1655.4,-33.41933,-70.94275
251.7,4.4135,15.220,1667.8,-33.41899,-70.94243
251.8,4.4687,15.220,1682.6,-33.41876,-70.94252
251.9,4.5134,15.220,1694.6,-33.41853,-70.94260
252.0,4.5552,15.220,1705.7,-33.41831,-70.94269
252.1,4.5942,15.220,1716.2,-33.41808,-70.94278
252.2,4.6305,15.240,1727.5,-33.41791,-70.94307
252.3,4.6612,15.260,1737.4,-33.41773,-70.94337
252.4,4.6888,15.260,1744.8,-33.41751,-70.94345
252.5,4.6869,15.260,1744.3,-33.41728,-70.94354
252.6,4.6868,15.340,1751.0,-33.41726,-70.94445
252.7,4.7128,15.380,1761.4,-33.41714,-70.94494
252.8,4.7446,15.400,1771.7,-33.41696,-70.94524
252.9,4.7752,15.500,1788.6,-33.41699,-70.94635
253.0,4.8010,15.500,1795.6,-33.41676,-70.94644
253.1,4.8173,15.540,1803.5,-33.41663,-70.94693
253.2,4.8141,15.560,1804.4,-33.41645,-70.94722
253.3,4.8291,15.580,1810.2,-33.41627,-70.94751
253.4,4.8513,15.580,1816.3,-33.41603,-70.94760
253.5,4.8640,15.640,1825.0,-33.41595,-70.94830
253.6,4.8864,15.660,1832.9,-33.41577,-70.94859
253.7,4.9022,15.660,1837.3,-33.41553,-70.94867
253.8,4.9152,15.660,1840.8,-33.41529,-70.94876
253.9,4.9326,15.660,1845.6,-33.41506,-70.94884
254.0,4.9396,15.660,1847.6,-33.41482,-70.94892
254.1,4.9446,15.700,1852.5,-33.41468,-70.94941
254.2,4.9719,15.720,1861.8,-33.41449,-70.94970
254.3,4.9818,15.720,1864.5,-33.41426,-70.94978
254.4,4.9882,15.700,1864.5,-33.41397,-70.94965
254.5,4.9891,15.720,1866.6,-33.41378,-70.94994
254.6,4.9739,15.720,1862.4,-33.41354,-70.95002
254.7,4.9557,15.740,1859.1,-33.41335,-70.95030
254.8,4.9384,15.760,1856.1,-33.41316,-70.95059
254.9,4.9672,15.780,1865.9,-33.41297,-70.95087
255.0,4.9912,15.800,1874.3,-33.41277,-70.95116
255.1,4.9925,15.800,1874.7,-33.41253,-70.95123
255.2,4.9926,15.780,1872.9,-33.41225,-70.95110
255.3,4.9883,15.780,1871.7,-33.41201,-70.95118
255.4,4.9808,15.760,1867.8,-33.41172,-70.95104
255.5,4.9695,15.760,1864.7,-33.41149,-70.95112
255.6,4.9610,15.720,1858.8,-33.41116,-70.95077
255.7,4.9494,15.700,1853.8,-33.41087,-70.95064
255.8,4.9355,15.700,1850.0,-33.41063,-70.95071
255.9,4.9222,15.660,1842.8,-33.41031,-70.95036
256.0,4.9090,15.660,1839.1,-33.41007,-70.95043
256.1,4.8952,15.660,1835.3,-33.40983,-70.95050
256.2,4.8820,15.640,1829.9,-33.40955,-70.95036
256.3,4.8707,15.640,1826.8,-33.40931,-70.95043
256.4,4.8666,15.620,1824.0,-33.40903,-70.95029
256.5,4.8537,15.620,1820.4,-33.40879,-70.95036
256.6,4.8384,15.600,1814.5,-33.40851,-70.95022
256.7,4.8206,15.580,1807.9,-33.40823,-70.95008
256.8,4.8228,15.560,1806.7,-33.40795,-70.94993
256.9,4.8329,15.540,1807.8,-33.40767,-70.94979
257.0,4.8439,15.540,1810.8,-33.40744,-70.94986
257.1,4.8607,15.520,1813.6,-33.40716,-70.94971
257.2,4.8612,15.520,1813.8,-33.40692,-70.94978
257.3,4.8600,15.520,1813.4,-33.40668,-70.94984
257.4,4.8636,15.500,1812.7,-33.40641,-70.94969
257.5,4.8630,15.480,1810.7,-33.40613,-70.94955
257.6,4.8605,15.500,1811.8,-33.40593,-70.94982
257.7,4.8575,15.480,1809.3,-33.40566,-70.94967
257.8,4.8512,15.480,1807.5,-33.40542,-70.94973
257.9,4.8453,15.580,1814.6,-33.40537,-70.95085
258.0,4.8371,15.580,1812.4,-33.40513,-70.95091
258.1,4.8281,15.560,1808.2,-33.40485,-70.95076
258.2,4.8157,15.540,1803.1,-33.40458,-70.95060
258.3,4.8029,15.460,1792.7,-33.40419,-70.94982
258.4,4.7906,15.440,1787.6,-33.40392,-70.94967
258.5,4.7783,15.440,1784.3,-33.40368,-70.94972
258.6,4.7638,15.460,1782.1,-33.40348,-70.94999
258.7,4.7526,15.460,1779.0,-33.40324,-70.95005
258.8,4.7423,15.460,1776.2,-33.40300,-70.95010
258.9,4.7304,15.460,1773.0,-33.40276,-70.95016
259.0,4.7192,15.460,1769.9,-33.40253,-70.95022
259.1,4.7053,15.460,1766.1,-33.40229,-70.95027
259.2,4.6904,15.460,1762.1,-33.40205,-70.95033
259.3,4.6857,15.500,1764.2,-33.40188,-70.95080
259.4,4.6845,15.520,1765.5,-33.40167,-70.95107
259.5,4.6928,15.540,1769.5,-33.40146,-70.95133
259.6,4.7100,15.560,1775.9,-33.40126,-70.95160
259.7,4.7301,15.560,1781.4,-33.40102,-70.95165
259.8,4.7468,15.560,1786.0,-33.40078,-70.95170
259.9,4.7602,15.560,1789.6,-33.40053,-70.95175
260.0,4.7735,15.560,1793.3,-33.40029,-70.95180
260.1,4.7819,15.560,1795.6,-33.40005,-70.95185
260.2,4.7831,15.560,1795.9,-33.39981,-70.95190
260.3,4.7775,15.560,1794.4,-33.39957,-70.95195
260.4,4.7684,15.560,1791.9,-33.39933,-70.95200
260.5,4.7645,15.540,1789.1,-33.39906,-70.95184
260.6,4.7677,15.420,1779.7,-33.39865,-70.95061
260.7,4.7891,15.420,1785.5,-33.39841,-70.95065
260.8,4.8055,15.420,1789.9,-33.39817,-70.95070
260.9,4.8185,15.400,1791.7,-33.39790,-70.95053
261.0,4.8260,15.380,1792.0,-33.39763,-70.95037
261.1,4.8358,15.360,1793.0,-33.39737,-70.95020
261.2,4.8374,15.340,1791.6,-33.39710,-70.95003
261.3,4.8308,15.340,1789.9,-33.39686,-70.95007
261.4,4.8247,15.320,1786.5,-33.39660,-70.94990
261.5,4.8177,15.320,1784.6,-33.39636,-70.94994
261.6,4.8105,15.320,1782.7,-33.39612,-70.94999
261.7,4.7872,15.320,1776.4,-33.39589,-70.95003
261.8,4.7544,15.320,1767.6,-33.39565,-70.95007
261.9,4.7210,15.300,1756.9,-33.39538,-70.94989
262.0,4.6946,15.300,1749.8,-33.39515,-70.94993
262.1,4.6727,15.280,1742.2,-33.39488,-70.94976
262.2,4.6484,15.280,1735.7,-33.39465,-70.94980
262.3,4.6336,15.260,1730.0,-33.39438,-70.94962
262.4,4.6284,15.240,1727.0,-33.39412,-70.94945
262.5,4.6331,15.220,1726.6,-33.39386,-70.94927
262.6,4.6464,15.200,1728.5,-33.39360,-70.94909
262.7,4.6512,15.180,1728.1,-33.39334,-70.94892
262.8,4.6611,15.180,1730.7,-33.39311,-70.94895
262.9,4.6786,15.160,1733.7,-33.39285,-70.94877
263.0,4.7013,15.160,1739.8,-33.39261,-70.94881
263.1,4.7221,15.140,1743.6,-33.39235,-70.94863
263.2,4.7379,15.120,1746.1,-33.39210,-70.94845
263.3,4.7509,15.100,1747.9,-33.39184,-70.94827
263.4,4.7559,15.100,1749.2,-33.39161,-70.94830
263.5,4.7513,15.100,1748.0,-33.39137,-70.94833
263.6,4.7511,15.100,1747.9,-33.39113,-70.94836
263.7,4.7500,15.100,1747.6,-33.39090,-70.94839
263.8,4.7436,15.100,1745.9,-33.39066,-70.94842
263.9,4.7345,15.100,1743.5,-33.39043,-70.94845
264.0,4.7241,15.100,1740.8,-33.39019,-70.94848
264.1,4.7098,15.100,1736.9,-33.38996,-70.94851
264.2,4.6917,15.080,1730.5,-33.38970,-70.94833
264.3,4.6761,15.080,1726.3,-33.38947,-70.94835
264.4,4.6558,15.060,1719.3,-33.38921,-70.94817
264.5,4.6324,15.060,1713.1,-33.38898,-70.94819
264.6,4.6117,15.040,1705.9,-33.38873,-70.94801
264.7,4.5879,15.040,1699.7,-33.38849,-70.94803
264.8,4.5629,15.040,1693.0,-33.38826,-70.94806
264.9,4.5420,15.040,1687.5,-33.38802,-70.94808
265.0,4.5321,15.040,1684.9,-33.38779,-70.94811
265.1,4.5261,15.040,1683.3,-33.38755,-70.94813
265.2,4.5258,15.040,1683.2,-33.38731,-70.94815
265.3,4.5288,15.020,1682.4,-33.38707,-70.94796
265.4,4.5304,15.020,1682.8,-33.38683,-70.94799
265.5,4.5300,15.020,1682.7,-33.38660,-70.94801
265.6,4.5349,15.020,1684.0,-33.38636,-70.94803
265.7,4.5454,15.020,1686.8,-33.38612,-70.94805
265.8,4.5551,15.020,1689.3,-33.38589,-70.94807
265.9,4.5644,15.020,1691.8,-33.38565,-70.94809
266.0,4.5697,15.000,1691.6,-33.38541,-70.94789
266.1,4.5687,14.940,1686.4,-33.38514,-70.94727
266.2,4.5931,14.900,1689.5,-33.38488,-70.94686
266.3,4.6178,14.880,1694.3,-33.38463,-70.94666
266.4,4.6031,14.860,1688.8,-33.38439,-70.94646
266.5,4.5796,14.820,1679.4,-33.38414,-70.94605
266.6,4.5769,14.740,1672.1,-33.38386,-70.94520
266.7,4.5825,14.720,1671.9,-33.38362,-70.94501
266.8,4.5721,14.700,1667.6,-33.38338,-70.94481
266.9,4.5679,14.660,1663.2,-33.38313,-70.94439
267.0,4.5821,14.640,1665.2,-33.38289,-70.94419
267.1,4.5989,14.620,1667.9,-33.38265,-70.94399
267.2,4.6185,14.600,1671.3,-33.38242,-70.94379
267.3,4.6549,14.560,1677.3,-33.38217,-70.94337
267.4,4.7042,14.520,1686.6,-33.38193,-70.94295
267.5,4.7384,14.500,1693.6,-33.38169,-70.94275
267.6,4.7606,14.520,1700.9,-33.38147,-70.94297
267.7,4.7531,14.520,1699.0,-33.38124,-70.94298
267.8,4.7209,14.540,1692.5,-33.38102,-70.94321
267.9,4.6904,14.580,1688.1,-33.38081,-70.94365
268.0,4.6592,14.260,1653.3,-33.38048,-70.94021
268.1,4.6230,14.200,1639.3,-33.38024,-70.93958
268.2,4.5968,14.180,1631.1,-33.38001,-70.93937
268.3,4.6006,13.780,1599.1,-33.37969,-70.93507
268.4,4.6031,13.720,1594.8,-33.37946,-70.93443
268.5,4.5994,13.680,1590.6,-33.37923,-70.93401
268.6,4.5949,13.520,1576.3,-33.37899,-70.93229
268.7,4.6111,13.480,1576.9,-33.37877,-70.93187
268.8,4.6228,13.460,1578.0,-33.37855,-70.93165
268.9,4.6264,13.460,1578.9,-33.37834,-70.93166
269.0,4.6113,13.460,1575.3,-33.37813,-70.93166
269.1,4.5838,13.440,1567.1,-33.37791,-70.93145
269.2,4.5591,13.400,1558.0,-33.37770,-70.93102
269.3,4.5419,13.380,1552.4,-33.37749,-70.93081
269.4,4.5217,13.360,1546.0,-33.37727,-70.93060
269.5,4.5059,13.340,1540.7,-33.37706,-70.93039
269.6,4.4787,13.340,1534.3,-33.37685,-70.93039
269.7,4.4456,13.280,1521.8,-33.37664,-70.92974
269.8,4.3973,13.280,1510.5,-33.37643,-70.92974
269.9,4.3484,13.260,1497.5,-33.37623,-70.92953
270.0,4.2991,13.260,1486.1,-33.37602,-70.92953
270.1,4.2455,13.260,1473.6,-33.37581,-70.92953
270.2,4.1930,13.260,1461.4,-33.37560,-70.92953
270.3,4.1320,13.260,1447.2,-33.37539,-70.92953
270.4,4.0691,13.260,1432.5,-33.37518,-70.92952
270.5,4.0068,13.260,1418.0,-33.37498,-70.92952
270.6,3.9503,13.460,1419.1,-33.37475,-70.93167
270.7,3.9034,13.480,1409.4,-33.37453,-70.93188
270.8,3.8614,13.480,1399.5,-33.37432,-70.93188
270.9,3.8180,13.480,1389.2,-33.37411,-70.93188
271.0,3.7735,13.480,1378.7,-33.37390,-70.93187
271.1,3.7335,13.480,1369.2,-33.37369,-70.93187
271.2,3.6942,13.480,1359.9,-33.37348,-70.93186
271.3,3.6555,13.480,1350.8,-33.37326,-70.93186
271.4,3.6175,13.480,1341.8,-33.37305,-70.93185
271.5,3.5809,13.480,1333.2,-33.37284,-70.93184
271.6,3.5464,13.460,1323.8,-33.37263,-70.93162
271.7,3.5152,13.460,1316.4,-33.37242,-70.93161
271.8,3.4866,13.460,1309.6,-33.37221,-70.93160
271.9,3.4659,13.460,1304.8,-33.37200,-70.93160
272.0,3.4486,13.440,1299.4,-33.37180,-70.93137
272.1,3.4352,13.440,1296.3,-33.37159,-70.93136
272.2,3.4216,13.440,1293.1,-33.37137,-70.93135
272.3,3.4041,13.440,1289.0,-33.37116,-70.93134
272.4,3.3840,13.440,1284.2,-33.37095,-70.93133
272.5,3.3819,12.020,1197.3,-33.37132,-70.91604
272.6,3.4059,12.000,1201.1,-33.37114,-70.91582
272.7,3.4263,11.960,1203.0,-33.37096,-70.91537
272.8,3.4571,11.940,1208.2,-33.37079,-70.91515
272.9,3.4873,11.940,1214.5,-33.37060,-70.91514
273.0,3.5019,11.920,1216.3,-33.37042,-70.91491
273.1,3.5085,11.920,1217.7,-33.37023,-70.91490
273.2,3.5042,11.920,1216.8,-33.37005,-70.91489
273.3,3.4814,11.920,1212.0,-33.36986,-70.91487
273.4,3.4474,11.900,1203.7,-33.36969,-70.91464
273.5,3.3947,11.920,1193.9,-33.36949,-70.91485
273.6,3.3380,11.920,1182.1,-33.36930,-70.91483
273.7,3.3027,11.640,1158.1,-33.36928,-70.91181
273.8,3.3011,11.620,1156.6,-33.36911,-70.91158
273.9,3.2963,11.560,1152.1,-33.36896,-70.91092
274.0,3.3161,11.520,1153.7,-33.36881,-70.91047
274.1,3.3397,11.520,1158.5,-33.36863,-70.91046
274.2,3.3437,11.500,1158.1,-33.36846,-70.91023
274.3,3.3509,11.500,1159.5,-33.36828,-70.91021
274.4,3.3450,11.500,1158.3,-33.36810,-70.91019
274.5,3.3247,11.500,1154.2,-33.36792,-70.91018
274.6,3.2969,11.500,1148.6,-33.36774,-70.91016
274.7,3.2599,11.480,1140.0,-33.36758,-70.90993
274.8,3.2122,11.480,1130.4,-33.36740,-70.90991
274.9,3.1561,11.480,1119.1,-33.36722,-70.90989
275.0,3.0983,11.480,1107.5,-33.36704,-70.90987
275.1,3.0410,11.480,1096.0,-33.36686,-70.90985
275.2,2.9861,11.420,1081.8,-33.36673,-70.90919
275.3,2.9303,11.380,1068.5,-33.36658,-70.90874
275.4,2.8766,11.380,1057.8,-33.36641,-70.90872
275.5,2.8226,11.560,1056.2,-33.36607,-70.91063
275.6,2.7762,11.580,1047.8,-33.36587,-70.91082
275.7,2.7260,11.580,1037.6,-33.36569,-70.91080
275.8,2.7096,10.280,970.8,-33.36671,-70.89685
275.9,2.7045,10.280,969.9,-33.36655,-70.89683
276.0,2.6993,10.280,969.0,-33.36638,-70.89681
276.1,2.7019,10.280,969.4,-33.36622,-70.89679
276.2,2.7069,10.280,970.3,-33.36606,-70.89677
276.3,2.7170,10.280,972.2,-33.36590,-70.89675
276.4,2.7265,10.280,973.9,-33.36574,-70.89673
276.5,2.7349,10.280,975.4,-33.36558,-70.89670
276.6,2.7425,10.280,976.7,-33.36542,-70.89668
276.7,2.7490,10.280,977.9,-33.36526,-70.89666
276.8,2.7488,10.280,977.9,-33.36510,-70.89664
276.9,2.7556,10.260,978.1,-33.36496,-70.89640
277.0,2.7579,10.260,978.5,-33.36480,-70.89638
277.1,2.7573,10.260,978.4,-33.36464,-70.89635
277.2,2.7580,10.240,977.6,-33.36451,-70.89611
277.3,2.7608,10.240,978.1,-33.36435,-70.89609
277.4,2.7628,10.240,978.4,-33.36419,-70.89606
277.5,2.7548,10.240,977.0,-33.36403,-70.89604
277.6,2.7453,10.220,974.3,-33.36389,-70.89580
277.7,2.7285,10.220,971.3,-33.36373,-70.89577
277.8,2.7112,10.220,968.2,-33.36357,-70.89575
277.9,2.6895,10.220,964.3,-33.36342,-70.89572
278.0,2.6670,10.220,960.3,-33.36326,-70.89570
278.1,2.6451,10.200,955.4,-33.36312,-70.89545
278.2,2.6321,10.220,954.1,-33.36294,-70.89564
278.3,2.6228,10.220,952.4,-33.36278,-70.89561
278.4,2.6299,10.220,953.7,-33.36262,-70.89558
278.5,2.6365,10.220,954.8,-33.36246,-70.89556
278.6,2.6300,10.220,953.7,-33.36230,-70.89553
278.7,2.6231,10.220,952.4,-33.36215,-70.89550
278.8,2.6309,10.200,952.9,-33.36202,-70.89526
278.9,2.6519,10.200,956.6,-33.36186,-70.89523
279.0,2.6783,10.200,961.4,-33.36170,-70.89520
279.1,2.6968,10.200,964.6,-33.36154,-70.89517
279.2,2.7134,10.200,967.6,-33.36138,-70.89514
279.3,2.7299,10.200,970.6,-33.36122,-70.89510
279.4,2.7479,10.220,974.8,-33.36104,-70.89529
279.5,2.8002,19.000,1431.2,-33.34773,-70.98848
279.6,2.8459,19.020,1447.4,-33.34740,-70.98864
279.7,2.8640,19.020,1453.5,-33.34711,-70.98858
279.8,2.8710,19.060,1457.9,-33.34675,-70.98894
279.9,2.8944,19.080,1466.8,-33.34643,-70.98909
280.0,2.8986,19.100,1469.2,-33.34610,-70.98924
280.1,2.8878,19.240,1473.1,-33.34558,-70.99066
280.2,2.8566,19.300,1465.7,-33.34519,-70.99123
280.3,2.8270,19.400,1460.9,-33.34473,-70.99222
280.4,2.8489,19.740,1486.2,-33.34387,-70.99576
280.5,2.9237,19.720,1511.0,-33.34360,-70.99548
280.6,2.9514,19.740,1521.6,-33.34326,-70.99562
280.7,2.9216,19.760,1512.4,-33.34292,-70.99576
280.8,2.9054,19.800,1508.9,-33.34255,-70.99612
280.9,2.8798,19.840,1502.1,-33.34218,-70.99647
281.0,2.8529,19.840,1492.8,-33.34187,-70.99640
281.1,2.8321,19.900,1488.7,-33.34146,-70.99696
281.2,2.8318,19.920,1489.7,-33.34112,-70.99710
281.3,2.8145,19.940,1484.7,-33.34078,-70.99723
281.4,2.7829,19.960,1474.7,-33.34043,-70.99737
281.5,2.7673,19.980,1470.3,-33.34009,-70.99751
281.6,2.7924,20.040,1482.1,-33.33967,-70.99806
281.7,2.8504,20.080,1504.5,-33.33929,-70.99841
281.8,2.9060,20.080,1524.1,-33.33898,-70.99833
281.9,2.9648,20.120,1547.0,-33.33860,-70.99867
282.0,3.0171,20.160,1567.6,-33.33822,-70.99901
282.1,3.0741,20.180,1588.9,-33.33787,-70.99915
282.2,3.1251,20.220,1609.2,-33.33748,-70.99949
282.3,3.1671,20.240,1625.2,-33.33713,-70.99961
282.4,3.2251,20.420,1656.4,-33.33647,-71.00142
282.5,3.2969,20.400,1680.9,-33.33620,-71.00113
282.6,3.3595,20.380,1702.0,-33.33593,-71.00084
282.7,3.4074,20.380,1719.1,-33.33561,-71.00075
282.8,3.4370,20.380,1729.7,-33.33530,-71.00067
282.9,3.4318,20.400,1729.1,-33.33495,-71.00079
283.0,3.4017,20.420,1719.6,-33.33460,-71.00091
283.1,3.3797,20.440,1713.0,-33.33424,-71.00104
283.2,3.3420,20.460,1700.7,-33.33389,-71.00116
283.3,3.2792,20.460,1678.2,-33.33358,-71.00107
283.4,3.2172,20.520,1659.5,-33.33314,-71.00161
283.5,3.2210,20.620,1666.7,-33.33261,-71.00256
283.6,3.2462,20.620,1675.8,-33.33230,-71.00247
283.7,3.2654,20.620,1682.8,-33.33198,-71.00238
283.8,3.2693,20.620,1684.2,-33.33167,-71.00229
283.9,3.2708,20.620,1684.8,-33.33136,-71.00219
284.0,3.2779,20.640,1688.5,-33.33100,-71.00231
284.1,3.2800,20.640,1689.3,-33.33068,-71.00221
284.2,3.3010,20.740,1702.9,-33.33015,-71.00316
284.3,3.3246,20.780,1713.9,-33.32974,-71.00348
284.4,3.3426,20.800,1721.7,-33.32938,-71.00359
284.5,3.3296,20.800,1717.0,-33.32906,-71.00349
284.6,3.3009,20.800,1706.5,-33.32875,-71.00339
284.7,3.2609,20.780,1690.8,-33.32848,-71.00309
284.8,3.2219,20.780,1676.5,-33.32816,-71.00299
284.9,3.1869,20.800,1665.0,-33.32780,-71.00309
285.0,3.1407,20.800,1648.2,-33.32749,-71.00299
285.1,3.1012,20.840,1636.0,-33.32708,-71.00330
285.2,3.0863,20.880,1632.9,-33.32667,-71.00362
285.3,3.1051,20.900,1640.9,-33.32630,-71.00372
285.4,3.1317,20.920,1651.8,-33.32594,-71.00382
285.5,3.1437,20.940,1657.3,-33.32557,-71.00392
285.6,3.1468,20.960,1659.6,-33.32521,-71.00403
285.7,3.1403,20.960,1657.2,-33.32489,-71.00392
285.8,3.1238,20.940,1650.0,-33.32462,-71.00360
285.9,3.1074,20.940,1644.0,-33.32431,-71.00350
286.0,3.0996,20.940,1641.2,-33.32399,-71.00339
286.1,3.0846,20.960,1636.8,-33.32363,-71.00348
286.2,3.0823,20.980,1637.1,-33.32326,-71.00358
286.3,3.0718,21.000,1634.3,-33.32289,-71.00368
286.4,3.0510,21.020,1627.8,-33.32253,-71.00377
286.5,3.0251,21.020,1618.3,-33.32221,-71.00366
286.6,3.0107,21.040,1614.1,-33.32184,-71.00375
286.7,3.0118,21.040,1614.5,-33.32153,-71.00364
286.8,3.0154,21.060,1617.0,-33.32116,-71.00373
286.9,3.0223,21.080,1620.6,-33.32079,-71.00382
287.0,3.0230,21.080,1620.9,-33.32047,-71.00370
287.1,3.0181,21.060,1618.0,-33.32021,-71.00338
287.2,3.0142,21.060,1616.5,-33.31989,-71.00326
287.3,3.0160,21.060,1617.2,-33.31958,-71.00314
287.4,3.0127,21.060,1616.0,-33.31926,-71.00302
287.5,3.0041,21.060,1612.8,-33.31895,-71.00291
287.6,3.0044,21.060,1612.9,-33.31863,-71.00279
287.7,3.0053,21.060,1613.2,-33.31832,-71.00266
287.8,3.0077,21.060,1614.1,-33.31800,-71.00254
287.9,3.0109,21.040,1614.2,-33.31774,-71.00222
288.0,3.0156,21.040,1615.9,-33.31743,-71.00209
288.1,3.0202,21.040,1617.6,-33.31712,-71.00197
288.2,3.0193,21.040,1617.3,-33.31680,-71.00185
288.3,3.0252,21.040,1619.4,-33.31649,-71.00172
288.4,3.0397,21.060,1625.9,-33.31612,-71.00180
288.5,3.0567,21.060,1632.2,-33.31580,-71.00168
288.6,3.0622,21.060,1634.2,-33.31549,-71.00155
288.7,3.0756,21.080,1640.3,-33.31512,-71.00162
288.8,3.0849,21.080,1643.7,-33.31481,-71.00150
288.9,3.1023,21.080,1650.2,-33.31449,-71.00137
289.0,3.1137,21.100,1655.5,-33.31412,-71.00144
289.1,3.1274,21.120,1661.7,-33.31375,-71.00152
289.2,3.1483,21.140,1670.6,-33.31338,-71.00159
289.3,3.1786,21.160,1683.0,-33.31300,-71.00166
289.4,3.2114,21.180,1696.3,-33.31263,-71.00173
289.5,3.2478,21.180,1709.8,-33.31232,-71.00160
289.6,3.2935,21.200,1728.0,-33.31194,-71.00166
289.7,3.3368,21.220,1745.3,-33.31157,-71.00173
289.8,3.3809,21.220,1761.7,-33.31126,-71.00160
289.9,3.4303,21.240,1781.3,-33.31088,-71.00166
290.0,3.4765,21.280,1801.0,-33.31045,-71.00193
290.1,3.5253,21.300,1820.6,-33.31007,-71.00199
290.2,3.5736,21.300,1838.6,-33.30976,-71.00186
290.3,3.6103,21.320,1853.6,-33.30938,-71.00192
290.4,3.6303,21.340,1862.4,-33.30900,-71.00198
290.5,3.6569,21.320,1871.0,-33.30875,-71.00164
290.6,3.6844,21.320,1881.3,-33.30844,-71.00150
290.7,3.7104,21.320,1891.0,-33.30813,-71.00135
290.8,3.7452,21.280,1901.3,-33.30794,-71.00081
290.9,3.7999,21.260,1920.3,-33.30769,-71.00047
291.0,3.8416,21.260,1935.9,-33.30738,-71.00032
291.1,3.8655,21.240,1943.4,-33.30714,-70.99998
291.2,3.8920,21.220,1951.8,-33.30689,-70.99963
291.3,3.9245,21.180,1961.1,-33.30671,-70.99909
291.4,3.9420,21.180,1967.6,-33.30640,-70.99894
291.5,3.9621,20.940,1957.7,-33.30689,-70.99639
291.6,3.9942,21.080,1979.7,-33.30612,-70.99765
291.7,4.0157,21.040,1984.7,-33.30594,-70.99710
291.8,4.0231,21.040,1987.4,-33.30564,-70.99695
291.9,4.0241,21.040,1987.8,-33.30533,-70.99681
292.0,4.0286,20.720,1966.0,-33.30611,-70.99347
292.1,4.0378,20.700,1967.9,-33.30588,-70.99312
292.2,4.0444,20.720,1971.8,-33.30551,-70.99317
292.3,4.0534,21.000,1995.7,-33.30425,-70.99581
292.4,4.0571,21.000,1997.1,-33.30394,-70.99566
292.5,4.0595,20.980,1996.5,-33.30371,-70.99531
292.6,4.0644,20.960,1996.8,-33.30347,-70.99496
292.7,4.0711,20.940,1997.8,-33.30324,-70.99461
292.8,4.0818,20.940,2001.7,-33.30293,-70.99446
292.9,4.0888,20.940,2004.3,-33.30263,-70.99430
293.0,4.0930,20.900,2002.8,-33.30247,-70.99375
293.1,4.0978,20.920,2006.1,-33.30210,-70.99380
293.2,4.1015,20.960,2010.4,-33.30165,-70.99404
293.3,4.0863,20.960,2004.9,-33.30135,-70.99388
293.4,4.0853,20.680,1983.7,-33.30205,-70.99096
293.5,4.0853,20.660,1982.2,-33.30183,-70.99061
293.6,4.0835,20.640,1980.1,-33.30160,-70.99025
293.7,4.0886,20.320,1958.1,-33.30247,-70.98695
293.8,4.0955,20.260,1956.1,-33.30240,-70.98620
293.9,4.1037,20.260,1959.0,-33.30211,-70.98605
294.0,4.1110,20.280,1963.1,-33.30174,-70.98609
294.1,4.1185,20.160,1956.8,-33.30189,-70.98475
294.2,4.1274,20.180,1961.5,-33.30153,-70.98480
294.3,4.1330,20.180,1963.5,-33.30124,-70.98464
294.4,4.1370,20.200,1966.3,-33.30088,-70.98468
294.5,4.1382,20.140,1962.3,-33.30082,-70.98393
294.6,4.1409,20.140,1963.2,-33.30053,-70.98378
294.7,4.1403,20.140,1963.0,-33.30024,-70.98362
294.8,4.1386,20.080,1957.9,-33.30018,-70.98287
294.9,4.1383,20.080,1957.8,-33.29990,-70.98271
295.0,4.1369,20.100,1958.8,-33.29953,-70.98275
295.1,4.1403,20.060,1957.0,-33.29940,-70.98220
295.2,4.1419,20.040,1956.1,-33.29919,-70.98184
295.3,4.1439,19.960,1950.7,-33.29922,-70.98090
295.4,4.1476,19.920,1949.0,-33.29909,-70.98035
295.5,4.1472,19.920,1948.9,-33.29881,-70.98019
295.6,4.1445,19.900,1946.4,-33.29860,-70.97984
295.7,4.1466,19.880,1945.7,-33.29840,-70.97948
295.8,4.1489,19.840,1943.5,-33.29828,-70.97893
295.9,4.1527,20.680,2008.1,-33.29468,-70.98689
296.0,4.1446,20.680,2005.2,-33.29439,-70.98672
296.1,4.1436,19.860,1943.1,-33.29736,-70.97863
296.2,4.1459,19.820,1940.9,-33.29724,-70.97808
296.3,4.1500,19.820,1942.4,-33.29696,-70.97792
296.4,4.1539,19.820,1943.7,-33.29668,-70.97775
296.5,4.1579,19.800,1943.6,-33.29648,-70.97739
296.6,4.1643,19.780,1944.3,-33.29629,-70.97703
296.7,4.1738,19.760,1946.1,-33.29609,-70.97667
296.8,4.1879,19.620,1940.4,-33.29638,-70.97516
296.9,4.2100,19.560,1943.4,-33.29635,-70.97442
297.0,4.2243,19.560,1948.3,-33.29608,-70.97425
297.1,4.2512,19.360,1942.1,-33.29663,-70.97217
297.2,4.2815,19.300,1947.8,-33.29661,-70.97143
297.3,4.2954,19.280,1950.9,-33.29642,-70.97107
297.4,4.3046,19.240,1950.9,-33.29632,-70.97052
297.5,4.3148,19.220,1952.8,-33.29613,-70.97017
297.6,4.3352,19.100,1950.3,-33.29637,-70.96886
297.7,4.3515,19.100,1955.8,-33.29610,-70.96869
297.8,4.3570,19.080,1956.0,-33.29592,-70.96833
297.9,4.3589,19.080,1956.6,-33.29566,-70.96816
298.0,4.3589,19.080,1956.6,-33.29539,-70.96799
298.1,4.3580,19.080,1956.3,-33.29513,-70.96783
298.2,4.3573,19.100,1957.7,-33.29478,-70.96784
298.3,4.3577,19.080,1956.2,-33.29460,-70.96749
298.4,4.3574,19.100,1957.7,-33.29425,-70.96750
298.5,4.3566,19.120,1959.0,-33.29390,-70.96752
298.6,4.3558,19.120,1958.8,-33.29364,-70.96735
298.7,4.3525,19.120,1957.6,-33.29338,-70.96718
298.8,4.3540,19.240,1967.6,-33.29259,-70.96813
298.9,4.3545,19.240,1967.8,-33.29233,-70.96796
299.0,4.3572,19.200,1965.5,-33.29224,-70.96741
299.1,4.3610,19.200,1966.8,-33.29198,-70.96723
299.2,4.3683,19.260,1974.0,-33.29145,-70.96762
299.3,4.3798,19.220,1974.7,-33.29136,-70.96707
299.4,4.3865,19.240,1978.6,-33.29101,-70.96708
299.5,4.3957,19.220,1980.1,-33.29084,-70.96671
299.6,4.4064,19.220,1983.7,-33.29057,-70.96653
299.7,4.4116,19.220,1985.5,-33.29031,-70.96635
299.8,4.4143,19.060,1973.6,-33.29077,-70.96468
299.9,4.4234,19.060,1976.7,-33.29051,-70.96450
300.0,4.4136,19.060,1973.4,-33.29025,-70.96432
300.1,4.4052,18.860,1954.6,-33.29090,-70.96228
300.2,4.4008,19.300,1988.2,-33.28864,-70.96619
300.3,4.3993,19.300,1987.7,-33.28838,-70.96601
300.4,4.4020,19.300,1988.6,-33.28812,-70.96583
300.5,4.3706,19.300,1978.0,-33.28786,-70.96564
300.6,4.3669,18.660,1926.1,-33.29054,-70.95953
300.7,4.3555,18.660,1922.4,-33.29029,-70.95936
300.8,4.3347,18.660,1915.6,-33.29003,-70.95918
300.9,4.3241,18.800,1923.1,-33.28913,-70.96029
301.0,4.3244,18.800,1923.2,-33.28888,-70.96010
301.1,4.2943,18.800,1913.2,-33.28863,-70.95992
301.2,4.2551,18.820,1901.8,-33.28828,-70.95992
301.3,4.2043,18.820,1885.0,-33.28803,-70.95974
301.4,4.1691,18.440,1844.7,-33.28956,-70.95607
301.5,4.1506,18.440,1838.8,-33.28932,-70.95589
301.6,4.1571,18.240,1825.8,-33.29002,-70.95387
301.7,4.1764,18.200,1829.0,-33.28996,-70.95333
301.8,4.1973,18.160,1832.6,-33.28991,-70.95278
301.9,4.2235,18.000,1828.8,-33.29043,-70.95114
302.0,4.2680,18.000,1842.8,-33.29019,-70.95096
302.1,4.2864,18.000,1848.6,-33.28995,-70.95078
302.2,4.2754,18.000,1845.2,-33.28971,-70.95060
302.3,4.2593,17.960,1837.0,-33.28967,-70.95006
302.4,4.2401,17.960,1830.9,-33.28943,-70.94988
302.5,4.2181,17.960,1824.0,-33.28919,-70.94969
302.6,4.2267,17.860,1819.1,-33.28944,-70.94861
302.7,4.2283,17.860,1819.6,-33.28920,-70.94843
302.8,4.1827,17.880,1806.8,-33.28887,-70.94842
302.9,4.1324,18.020,1801.5,-33.28795,-70.94951
303.0,4.0990,18.040,1792.4,-33.28761,-70.94950
303.1,4.0362,18.080,1775.4,-33.28718,-70.94968
303.2,3.9675,18.080,1753.6,-33.28694,-70.94949
303.3,3.9350,18.220,1753.3,-33.28601,-70.95056
303.4,3.9261,18.240,1751.9,-33.28567,-70.95055
303.5,3.9157,18.260,1750.0,-33.28534,-70.95054
303.6,3.8972,18.280,1745.5,-33.28500,-70.95053
303.7,3.8931,18.280,1744.1,-33.28476,-70.95034
303.8,3.8774,18.280,1739.1,-33.28452,-70.95015
303.9,3.8440,18.280,1728.4,-33.28428,-70.94996
304.0,3.8060,18.300,1717.6,-33.28394,-70.94994
304.1,3.7862,18.360,1715.4,-33.28340,-70.95029
304.2,3.7643,18.340,1706.9,-33.28327,-70.94991
304.3,3.7341,18.340,1697.2,-33.28303,-70.94972
304.4,3.7087,18.340,1689.1,-33.28279,-70.94952
304.5,3.6686,18.340,1676.2,-33.28255,-70.94933
304.6,3.6228,18.340,1661.5,-33.28232,-70.94913
304.7,3.5835,18.320,1647.5,-33.28218,-70.94876
304.8,3.5570,18.260,1635.1,-33.28225,-70.94803
304.9,3.5296,18.240,1625.1,-33.28212,-70.94766
305.0,3.5080,18.220,1616.9,-33.28199,-70.94729
305.1,3.4801,18.240,1609.2,-33.28165,-70.94727
305.2,3.4406,18.240,1596.6,-33.28142,-70.94707
305.3,3.3780,18.240,1576.6,-33.28119,-70.94687
305.4,3.3281,18.160,1555.8,-33.28137,-70.94597
305.5,3.2942,16.640,1453.9,-33.28909,-70.93247
305.6,3.2754,16.640,1448.4,-33.28888,-70.93229
305.7,3.2553,16.640,1442.6,-33.28867,-70.93211
305.8,3.2264,16.660,1435.3,-33.28835,-70.93210
305.9,3.1892,16.660,1424.5,-33.28814,-70.93192
306.0,3.1641,22.600,1761.5,-33.25645,-70.98337
306.1,3.1713,22.680,1769.1,-33.25574,-70.98382
306.2,3.1857,22.720,1777.2,-33.25524,-70.98391
306.3,3.1918,22.740,1780.8,-33.25485,-70.98383
306.4,3.1966,22.820,1787.4,-33.25413,-70.98427
306.5,3.2058,22.860,1793.4,-33.25363,-70.98436
306.6,3.2069,22.900,1796.2,-33.25313,-70.98445
306.7,3.1998,22.920,1794.6,-33.25273,-70.98436
306.8,3.1809,23.120,1798.7,-33.25136,-70.98583
306.9,3.1736,23.220,1801.7,-33.25053,-70.98642
307.0,3.1453,23.280,1793.6,-33.24991,-70.98668
307.1,3.0815,23.300,1768.8,-33.24951,-70.98658
307.2,3.0355,23.360,1753.4,-33.24890,-70.98683
307.3,2.9763,23.400,1731.3,-33.24839,-70.98691
307.4,2.9468,23.500,1724.7,-33.24755,-70.98749
307.5,2.9898,23.700,1753.5,-33.24616,-70.98893
307.6,2.9924,23.720,1755.7,-33.24575,-70.98883
307.7,3.0399,23.960,1789.0,-33.24413,-70.99059
307.8,3.0609,23.960,1797.8,-33.24384,-70.99032
307.9,2.9945,23.980,1771.0,-33.24343,-70.99021
308.0,2.9310,24.100,1750.9,-33.24247,-70.99095
308.1,2.9145,24.260,1752.6,-33.24128,-70.99202
308.2,2.9223,24.320,1759.2,-33.24065,-70.99224
308.3,2.9679,24.580,1793.0,-33.23889,-70.99415
308.4,3.0121,24.580,1812.0,-33.23859,-70.99387
308.5,3.0294,24.620,1821.7,-33.23806,-70.99391
308.6,2.9885,24.680,1807.4,-33.23743,-70.99413
308.7,2.9293,24.660,1780.7,-33.23724,-70.99367
308.8,2.8832,24.640,1759.8,-33.23705,-70.99321
308.9,2.8673,16.020,1297.1,-33.28554,-70.92085
309.0,2.8971,16.000,1304.4,-33.28545,-70.92050
309.1,2.9267,16.000,1312.7,-33.28526,-70.92031
309.2,2.9550,15.960,1318.5,-33.28529,-70.91978
309.3,2.9839,15.960,1326.5,-33.28510,-70.91959
309.4,3.0075,15.940,1332.0,-33.28502,-70.91924
309.5,3.0062,15.920,1330.6,-33.28494,-70.91888
309.6,3.0230,15.880,1333.0,-33.28498,-70.91836
309.7,3.0538,15.840,1339.4,-33.28502,-70.91784
309.8,3.0878,15.840,1348.8,-33.28483,-70.91765
309.9,3.1320,15.820,1359.9,-33.28475,-70.91729
310.0,3.1757,15.800,1370.9,-33.28468,-70.91693
310.1,3.2292,15.760,1383.3,-33.28472,-70.91641
310.2,3.2714,15.780,1396.2,-33.28441,-70.91639
310.3,3.2642,15.800,1395.4,-33.28411,-70.91636
310.4,3.2371,15.800,1387.9,-33.28392,-70.91617
310.5,3.1926,15.820,1376.7,-33.28361,-70.91614
310.6,3.1265,15.800,1357.3,-33.28354,-70.91578
310.7,3.0502,15.840,1338.4,-33.28312,-70.91591
310.8,3.0056,15.860,1327.1,-33.28281,-70.91588
310.9,2.9483,15.880,1312.3,-33.28251,-70.91585
311.0,2.9503,26.760,1905.4,-33.21799,-71.00385
311.1,2.9661,26.780,1914.0,-33.21756,-71.00368
311.2,2.9848,26.680,1917.2,-33.21783,-71.00254
311.3,3.0295,26.660,1936.9,-33.21764,-71.00205
311.4,3.0698,26.660,1955.7,-33.21732,-71.00172
311.5,3.1103,26.660,1974.6,-33.21701,-71.00138
311.6,3.1278,26.660,1982.8,-33.21670,-71.00105
311.7,3.1445,26.640,1989.4,-33.21651,-71.00056
311.8,3.1635,26.640,1998.3,-33.21620,-71.00022
311.9,3.1697,26.640,2001.2,-33.21588,-70.99989
312.0,3.1737,26.840,2014.9,-33.21437,-71.00115
312.1,3.1742,26.920,2019.8,-33.21357,-71.00145
312.2,3.1669,26.960,2018.7,-33.21302,-71.00143
312.3,3.1649,27.000,2020.2,-33.21246,-71.00140
312.4,3.1631,27.040,2021.7,-33.21191,-71.00138
312.5,3.1456,27.080,2015.7,-33.21135,-71.00135
312.6,3.1530,27.200,2026.3,-33.21030,-71.00195
312.7,3.1687,27.180,2032.6,-33.21011,-71.00145
312.8,3.1813,27.180,2038.6,-33.20980,-71.00110
312.9,3.1894,27.180,2042.5,-33.20949,-71.00076
313.0,3.1998,27.200,2048.6,-33.20905,-71.00056
313.1,3.2165,27.200,2056.6,-33.20874,-71.00022
313.2,3.2322,27.180,2062.9,-33.20855,-70.99971
313.3,3.2483,27.140,2068.1,-33.20849,-70.99905
313.4,3.2553,27.140,2071.4,-33.20818,-70.99870
313.5,3.2461,27.280,2075.5,-33.20700,-70.99943
313.6,3.2483,27.320,2079.0,-33.20645,-70.99939
313.7,3.2528,27.400,2086.0,-33.20564,-70.99966
313.8,3.2669,27.420,2094.0,-33.20520,-70.99946
313.9,3.2830,27.480,2105.4,-33.20452,-70.99956
314.0,3.2929,27.520,2112.6,-33.20396,-70.99951
314.1,3.3028,27.560,2119.8,-33.20340,-70.99946
314.2,3.3327,27.620,2138.0,-33.20271,-70.99956
314.3,3.3680,27.600,2153.8,-33.20253,-70.99905
314.4,3.3702,27.620,2156.1,-33.20209,-70.99884
314.5,3.3612,27.640,2153.0,-33.20166,-70.99863
314.6,3.3667,27.680,2158.2,-33.20109,-70.99857
314.7,3.3703,27.680,2160.0,-33.20079,-70.99820
314.8,3.3843,27.860,2178.1,-33.19933,-70.99921
314.9,3.3970,27.840,2183.0,-33.19915,-70.99868
315.0,3.4067,27.820,2186.5,-33.19897,-70.99816
315.1,3.4103,27.820,2188.2,-33.19866,-70.99779
315.2,3.4103,27.820,2188.2,-33.19836,-70.99742
315.3,3.4005,27.840,2184.7,-33.19792,-70.99720
315.4,3.3968,27.860,2184.2,-33.19749,-70.99698
315.5,3.3962,27.900,2186.4,-33.19692,-70.99691
315.6,3.3856,27.920,2182.5,-33.19649,-70.99668
315.7,3.3671,28.040,2181.0,-33.19541,-70.99721
315.8,3.3591,28.060,2178.3,-33.19497,-70.99698
315.9,3.3440,28.100,2173.3,-33.19441,-70.99690
316.0,3.3190,28.160,2164.8,-33.19371,-70.99697
316.1,3.2887,28.140,2148.6,-33.19353,-70.99644
316.2,3.2608,28.260,2142.1,-33.19245,-70.99695
316.3,3.2397,28.280,2132.9,-33.19201,-70.99671
316.4,3.2233,28.340,2128.4,-33.19132,-70.99677
316.5,3.2126,28.380,2125.5,-33.19075,-70.99668
316.6,3.1856,28.420,2114.4,-33.19018,-70.99659
316.7,3.1654,28.440,2105.6,-33.18974,-70.99635
316.8,3.1599,28.440,2102.8,-33.18944,-70.99596
316.9,3.1725,28.520,2113.8,-33.18861,-70.99615
317.0,3.1596,28.520,2107.4,-33.18830,-70.99576
317.1,3.1344,28.560,2097.2,-33.18773,-70.99566
317.2,3.1091,28.600,2086.8,-33.18716,-70.99556
317.3,3.1069,28.620,2086.9,-33.18673,-70.99531
317.4,3.0882,28.640,2078.7,-33.18629,-70.99506
317.5,3.0909,28.740,2085.8,-33.18532,-70.99539
317.6,3.0888,28.700,2082.5,-33.18529,-70.99470
317.7,3.0798,28.720,2079.1,-33.18485,-70.99444
317.8,3.1058,28.740,2093.3,-33.18441,-70.99419
317.9,3.1336,28.740,2107.3,-33.18411,-70.99379
318.0,3.1406,28.760,2112.0,-33.18368,-70.99353
318.1,3.1194,28.780,2102.5,-33.18324,-70.99327
318.2,3.1031,28.800,2095.5,-33.18281,-70.99301
318.3,3.1072,28.800,2097.5,-33.18251,-70.99261
318.4,3.1132,28.800,2100.5,-33.18221,-70.99220
318.5,3.0983,28.840,2095.3,-33.18164,-70.99208
318.6,3.1147,28.760,2098.9,-33.18188,-70.99111
318.7,3.1519,28.660,2111.8,-33.18226,-70.99000
318.8,3.1639,28.620,2115.4,-33.18223,-70.98931
318.9,3.1473,28.620,2107.1,-33.18194,-70.98890
319.0,3.1349,28.600,2099.8,-33.18178,-70.98836
319.1,3.1334,28.600,2099.0,-33.18149,-70.98795
319.2,3.1564,28.540,2107.0,-33.18160,-70.98713
319.3,3.1733,28.520,2114.2,-33.18145,-70.98658
319.4,3.1659,28.520,2110.5,-33.18116,-70.98617
319.5,3.1562,28.520,2105.7,-33.18087,-70.98577
319.6,3.1858,28.360,2110.9,-33.18167,-70.98425
319.7,3.1970,28.320,2114.1,-33.18166,-70.98356
319.8,3.1927,28.280,2109.6,-33.18165,-70.98288
319.9,3.1679,28.260,2096.1,-33.18150,-70.98233
320.0,3.1958,28.720,2137.4,-33.17804,-70.98510
320.1,3.1951,28.800,2141.9,-33.17720,-70.98524
320.2,3.1724,28.820,2131.6,-33.17677,-70.98496
320.3,3.1528,28.920,2127.6,-33.17579,-70.98523
320.4,3.1485,28.920,2125.4,-33.17550,-70.98481
320.5,3.1471,28.960,2127.1,-33.17493,-70.98466
320.6,3.1498,28.920,2126.1,-33.17493,-70.98397
320.7,3.1474,28.980,2128.4,-33.17422,-70.98396
320.8,3.1507,29.000,2131.3,-33.17379,-70.98367
320.9,3.1599,29.060,2139.5,-33.17309,-70.98365
321.0,3.1483,29.100,2136.0,-33.17252,-70.98350
321.1,3.1202,29.120,2122.8,-33.17209,-70.98321
321.2,3.1494,29.020,2131.8,-33.17251,-70.98211
321.3,3.1652,29.020,2139.8,-33.17222,-70.98169
321.4,3.1769,28.740,2129.1,-33.17391,-70.97939
321.5,3.1596,28.740,2120.4,-33.17363,-70.97897
321.6,3.1650,28.660,2118.4,-33.17392,-70.97801
321.7,3.1932,28.640,2131.3,-33.17378,-70.97745
321.8,3.1626,28.740,2121.9,-33.17279,-70.97770
321.9,3.1269,28.680,2100.4,-33.17294,-70.97687
322.0,3.1221,28.620,2094.5,-33.17309,-70.97605
322.1,3.1224,28.680,2098.2,-33.17239,-70.97603
322.2,3.1288,28.660,2100.2,-33.17225,-70.97547
322.3,3.1598,28.240,2090.9,-33.17497,-70.97229
322.4,3.1943,28.240,2108.0,-33.17470,-70.97187
322.5,3.2147,28.080,2108.5,-33.17558,-70.97040
322.6,3.2197,28.080,2111.0,-33.17531,-70.96999
322.7,3.2152,28.060,2107.5,-33.17519,-70.96944
322.8,3.1939,28.020,2094.7,-33.17521,-70.96876
322.9,3.1636,28.020,2079.8,-33.17494,-70.96834
323.0,3.1156,28.080,2059.8,-33.17425,-70.96831
323.1,3.0956,27.840,2036.0,-33.17571,-70.96634
323.2,3.0711,27.860,2025.2,-33.17530,-70.96605
323.3,3.0460,27.880,2014.1,-33.17490,-70.96576
323.4,3.0196,27.920,2003.5,-33.17435,-70.96559
323.5,3.0056,28.540,2031.6,-33.16960,-70.96913
323.6,2.9824,28.580,2022.2,-33.16904,-70.96895
323.7,2.9606,28.060,1982.4,-33.17255,-70.96522
323.8,2.9613,28.800,2023.9,-33.16691,-70.96948
323.9,2.9895,28.880,2042.7,-33.16607,-70.96955
324.0,2.9888,28.900,2043.4,-33.16565,-70.96923
324.1,2.9864,28.920,2043.3,-33.16524,-70.96892
324.2,3.0015,28.940,2052.1,-33.16483,-70.96860
324.3,2.9535,28.980,2030.0,-33.16427,-70.96841
324.4,2.9122,27.340,1919.3,-33.17602,-70.95774
324.5,2.9415,27.340,1933.3,-33.17577,-70.95732
324.6,2.9456,27.340,1935.2,-33.17552,-70.95690
324.7,2.9423,27.340,1933.7,-33.17527,-70.95648
324.8,2.9565,27.360,1941.6,-33.17488,-70.95619
324.9,2.9812,27.380,1954.5,-33.17449,-70.95589
325.0,2.9817,27.380,1954.8,-33.17424,-70.95547
325.1,3.0022,27.400,1965.7,-33.17385,-70.95517
325.2,3.0129,27.400,1970.9,-33.17360,-70.95475
325.3,3.0263,27.400,1977.3,-33.17336,-70.95433
325.4,3.0531,27.400,1990.1,-33.17311,-70.95390
325.5,3.0678,27.420,1998.3,-33.17272,-70.95360
325.6,3.0636,27.480,1999.8,-33.17203,-70.95354
325.7,3.0328,27.500,1986.1,-33.17164,-70.95323
325.8,2.9972,27.500,1968.9,-33.17140,-70.95281
325.9,2.9711,27.660,1965.3,-33.16996,-70.95334
326.0,2.9892,27.020,1938.2,-33.17450,-70.94907
326.1,3.0150,27.020,1950.4,-33.17426,-70.94865
326.2,3.0535,27.040,1969.8,-33.17388,-70.94835
326.3,3.0867,27.040,1985.5,-33.17364,-70.94793
326.4,3.1097,27.020,1995.2,-33.17356,-70.94739
326.5,3.1192,27.020,1999.7,-33.17332,-70.94696
326.6,3.0921,26.980,1984.6,-33.17339,-70.94631
326.7,3.0485,27.000,1965.2,-33.17301,-70.94600
326.8,2.9968,27.000,1940.7,-33.17277,-70.94558
326.9,2.9335,26.980,1909.7,-33.17269,-70.94503
327.0,2.8769,26.980,1883.0,-33.17246,-70.94461
327.1,2.8362,26.980,1863.7,-33.17223,-70.94418
327.2,2.8098,27.200,1862.9,-33.17034,-70.94504
327.3,2.7892,27.220,1854.1,-33.16996,-70.94472
327.4,2.7677,27.220,1843.9,-33.16973,-70.94429
327.5,2.7304,27.180,1824.1,-33.16980,-70.94363
327.6,2.6981,26.700,1784.3,-33.17322,-70.94044
327.7,2.6847,26.700,1778.0,-33.17300,-70.94002
327.8,2.6661,26.700,1769.3,-33.17278,-70.93960
327.9,2.6353,26.700,1755.0,-33.17255,-70.93917
328.0,2.5969,26.720,1738.0,-33.17218,-70.93886
328.1,2.5511,26.700,1715.6,-33.17211,-70.93832
328.2,2.5036,26.660,1691.5,-33.17220,-70.93767
328.3,2.4693,26.640,1674.6,-33.17213,-70.93713
328.4,2.4247,26.640,1653.8,-33.17191,-70.93671
328.5,2.3711,26.640,1628.9,-33.17169,-70.93628
328.6,2.3532,28.220,1691.4,-33.15933,-70.94468
328.7,2.3512,28.220,1690.4,-33.15910,-70.94423
328.8,2.3498,28.220,1689.7,-33.15887,-70.94377
328.9,2.3376,28.220,1683.7,-33.15864,-70.94332
329.0,2.3065,28.240,1669.2,-33.15826,-70.94298
329.1,2.2422,28.260,1638.3,-33.15788,-70.94263
329.2,2.1799,28.280,1608.3,-33.15750,-70.94229
329.3,2.1110,28.300,1575.1,-33.15712,-70.94194
329.4,2.0470,18.320,1154.8,-33.23422,-70.88699
329.5,2.0885,18.300,1167.4,-33.23423,-70.88658
329.6,2.0831,18.300,1165.6,-33.23408,-70.88628
329.7,2.0625,18.320,1159.8,-33.23378,-70.88610
329.8,2.0349,18.320,1151.0,-33.23364,-70.88580
329.9,2.0070,18.340,1142.8,-33.23334,-70.88561
330.0,1.9800,18.340,1134.1,-33.23319,-70.88531
330.1,1.9655,18.380,1131.0,-33.23274,-70.88523
330.2,1.9604,18.400,1130.1,-33.23244,-70.88503
330.3,1.9594,18.420,1130.5,-33.23214,-70.88484
330.4,1.9677,18.460,1134.6,-33.23168,-70.88475
330.5,1.9790,18.460,1138.3,-33.23154,-70.88445
330.6,2.0244,19.480,1191.6,-33.22340,-70.88952
330.7,2.0471,19.460,1198.6,-33.22341,-70.88910
330.8,2.0496,19.460,1199.4,-33.22326,-70.88878
330.9,2.0874,18.540,1176.4,-33.23034,-70.88366
331.0,2.1182,18.560,1187.1,-33.23004,-70.88346
331.1,2.1354,18.580,1193.5,-33.22975,-70.88326
331.2,2.1495,18.600,1198.9,-33.22945,-70.88305
331.3,2.1640,18.640,1205.2,-33.22899,-70.88295
331.4,2.1997,18.700,1219.3,-33.22838,-70.88296
331.5,2.2337,18.720,1231.3,-33.22808,-70.88275
331.6,2.2257,18.740,1229.5,-33.22778,-70.88254
331.7,2.2021,18.720,1220.9,-33.22780,-70.88213
331.8,2.1760,18.720,1212.4,-33.22766,-70.88182
331.9,2.1509,18.720,1204.2,-33.22752,-70.88151
332.0,2.1218,18.720,1194.7,-33.22738,-70.88120
332.1,2.1014,18.740,1188.7,-33.22709,-70.88099
332.2,2.0955,18.740,1186.8,-33.22695,-70.88068
332.3,2.0896,18.720,1184.1,-33.22697,-70.88027
332.4,2.0883,18.720,1183.7,-33.22684,-70.87996
332.5,2.0867,18.720,1183.2,-33.22670,-70.87965
332.6,2.0772,18.740,1180.8,-33.22641,-70.87943
332.7,2.0578,18.740,1174.5,-33.22627,-70.87912
332.8,2.0364,18.720,1166.7,-33.22630,-70.87871
332.9,2.0213,18.680,1160.2,-33.22648,-70.87820
333.0,2.0054,18.680,1155.0,-33.22635,-70.87789
333.1,1.9780,18.660,1145.4,-33.22638,-70.87748
333.2,1.9516,18.640,1136.0,-33.22641,-70.87707
333.3,1.9134,18.640,1123.6,-33.22628,-70.87676
333.4,1.8777,18.620,1111.2,-33.22631,-70.87635
333.5,1.8464,18.420,1094.1,-33.22779,-70.87508
333.6,1.8258,18.420,1087.5,-33.22766,-70.87477
333.7,1.8037,18.420,1080.4,-33.22753,-70.87446
333.8,1.7789,18.400,1071.7,-33.22756,-70.87405
333.9,1.7539,18.400,1063.6,-33.22744,-70.87374
334.0,1.7309,18.420,1056.9,-33.22715,-70.87353
334.1,1.7172,18.420,1052.5,-33.22702,-70.87322
334.2,1.7602,49.260,2157.0,-32.97696,-71.01658
334.3,1.7966,49.260,2188.4,-32.97662,-71.01575
334.4,1.8103,49.260,2200.2,-32.97629,-71.01492
334.5,1.8235,49.140,2206.9,-32.97693,-71.01354
334.6,1.8323,49.160,2215.2,-32.97644,-71.01280
334.7,1.8203,49.160,2204.9,-32.97611,-71.01196
334.8,1.7626,49.160,2155.3,-32.97578,-71.01113
334.9,1.7023,49.140,2102.8,-32.97562,-71.01021
335.0,1.6326,49.060,2040.2,-32.97595,-71.00901
335.1,1.5963,49.040,2008.3,-32.97579,-71.00809
335.2,1.5276,18.360,989.7,-33.22615,-70.86951
335.3,1.5066,18.360,983.0,-33.22603,-70.86919
335.4,1.4860,18.340,975.8,-33.22607,-70.86879
335.5,1.4815,50.240,1949.1,-32.96467,-71.01006
335.6,1.4896,18.340,977.0,-33.22584,-70.86817
335.7,1.5204,18.320,986.3,-33.22588,-70.86776
335.8,1.5474,18.320,994.9,-33.22576,-70.86745
335.9,1.5626,18.340,1000.4,-33.22548,-70.86722
336.0,1.5572,18.340,998.6,-33.22537,-70.86691
336.1,1.5423,18.360,994.5,-33.22508,-70.86668
336.2,1.5158,18.380,986.6,-33.22480,-70.86645
336.3,1.4758,18.380,973.7,-33.22469,-70.86614
336.4,1.4526,18.460,968.5,-33.22391,-70.86616
336.5,1.4390,18.480,964.7,-33.22363,-70.86593
336.6,1.4303,40.340,1595.6,-33.04296,-70.95861
336.7,1.4289,40.380,1595.9,-33.04238,-70.95809
336.8,1.4054,40.440,1581.1,-33.04163,-70.95764
336.9,1.3650,40.480,1553.7,-33.04106,-70.95711
337.0,1.3244,40.600,1528.5,-33.03981,-70.95692
337.1,1.3046,40.700,1517.2,-33.03874,-70.95663
337.2,1.2763,40.720,1497.7,-33.03832,-70.95601
337.3,1.2405,40.720,1472.2,-33.03808,-70.95531
337.4,1.2103,40.680,1449.7,-33.03816,-70.95444
337.5,1.1901,18.140,876.4,-33.22533,-70.86134
337.6,1.1915,18.140,876.8,-33.22522,-70.86103
337.7,1.2011,18.120,879.4,-33.22528,-70.86063
337.8,1.2017,18.100,879.1,-33.22533,-70.86024
337.9,1.2011,17.960,875.7,-33.22640,-70.85936
338.0,1.2268,17.940,883.2,-33.22646,-70.85896
338.1,1.2186,17.940,880.7,-33.22635,-70.85865
338.2,1.1731,17.920,866.0,-33.22641,-70.85826
338.3,1.1248,17.880,849.9,-33.22664,-70.85779
338.4,1.0729,17.860,833.3,-33.22671,-70.85740
338.5,1.0217,17.860,817.4,-33.22661,-70.85708
338.6,0.9945,43.000,1349.9,-33.01586,-70.95501
338.7,1.0194,47.680,1480.9,-32.97637,-70.97241
338.8,1.0447,47.660,1501.4,-32.97627,-70.97150
338.9,1.0646,47.640,1517.5,-32.97617,-70.97059
339.0,1.0760,47.660,1527.5,-32.97573,-70.96983
339.1,1.0962,47.680,1544.9,-32.97530,-70.96908
339.2,1.1259,47.680,1569.6,-32.97503,-70.96824
339.3,1.1612,47.700,1599.5,-32.97460,-70.96748
339.4,1.1762,47.720,1612.6,-32.97417,-70.96672
339.5,1.2005,47.680,1631.7,-32.97424,-70.96574
339.6,1.2149,47.700,1644.2,-32.97381,-70.96497
339.7,1.2449,47.700,1669.3,-32.97356,-70.96414
339.8,1.2643,47.700,1685.4,-32.97330,-70.96330
339.9,1.2750,47.700,1694.4,-32.97304,-70.96246
340.0,1.2843,47.740,1703.2,-32.97245,-70.96177
340.1,1.2986,47.740,1715.2,-32.97219,-70.96093
340.2,1.3151,47.780,1730.1,-32.97160,-70.96023
340.3,1.3368,47.800,1748.8,-32.97118,-70.95946
340.4,1.3584,47.840,1768.0,-32.97059,-70.95876
340.5,1.3735,47.880,1781.9,-32.97000,-70.95806
340.6,1.3948,47.940,1801.6,-32.96924,-70.95743
340.7,1.4268,47.980,1829.6,-32.96865,-70.95672
340.8,1.4502,47.980,1849.3,-32.96841,-70.95587
340.9,1.4840,48.160,1883.5,-32.96663,-70.95565
341.0,1.5323,48.160,1924.0,-32.96638,-70.95480
341.1,1.5722,48.200,1959.0,-32.96580,-70.95409
341.2,1.5727,48.180,1958.7,-32.96572,-70.95316
341.3,1.5272,48.000,1914.5,-32.96702,-70.95169
341.4,1.5454,47.880,1925.7,-32.96780,-70.95043
341.5,1.5599,47.720,1932.4,-32.96893,-70.94904
341.6,1.5106,47.760,1892.6,-32.96835,-70.94833
341.7,1.4419,47.760,1835.3,-32.96812,-70.94748
341.8,1.3740,47.280,1764.1,-32.97199,-70.94503
341.9,1.3567,47.220,1748.0,-32.97227,-70.94399
342.0,1.3569,47.180,1746.9,-32.97238,-70.94302
342.1,1.3603,47.100,1747.3,-32.97284,-70.94191
342.2,1.3661,47.040,1750.2,-32.97313,-70.94088
342.3,1.3534,47.020,1739.2,-32.97308,-70.93998
342.4,1.3338,47.000,1722.5,-32.97303,-70.93907
342.5,1.3171,47.000,1708.8,-32.97280,-70.93823
342.6,1.2981,47.100,1696.1,-32.97172,-70.93771
342.7,1.3057,47.120,1702.9,-32.97133,-70.93694
342.8,1.3028,47.120,1700.6,-32.97112,-70.93609
342.9,1.3134,47.160,1710.5,-32.97055,-70.93538
343.0,1.3239,47.160,1719.1,-32.97034,-70.93453
343.1,1.3329,47.180,1727.1,-32.96995,-70.93375
343.2,1.3586,47.220,1749.5,-32.96939,-70.93303
343.3,1.3744,47.200,1762.0,-32.96935,-70.93212
343.4,1.3809,47.220,1767.9,-32.96897,-70.93133
343.5,1.3878,47.240,1774.2,-32.96859,-70.93055
343.6,1.4085,47.280,1792.5,-32.96803,-70.92982
343.7,1.4041,47.320,1790.1,-32.96748,-70.92909
343.8,1.4063,47.380,1793.8,-32.96675,-70.92842
343.9,1.4195,47.460,1807.2,-32.96585,-70.92780
344.0,1.4283,47.520,1816.4,-32.96513,-70.92713
344.1,1.4311,47.560,1820.0,-32.96458,-70.92639
344.2,1.4524,47.720,1842.8,-32.96299,-70.92600
344.3,1.4687,47.840,1860.3,-32.96175,-70.92548
344.4,1.4431,47.860,1839.5,-32.96138,-70.92468
344.5,1.4425,48.060,1845.3,-32.95944,-70.92438
344.6,1.4446,47.820,1839.5,-32.96132,-70.92284
344.7,1.4444,47.640,1833.6,-32.96269,-70.92147
344.8,1.4430,47.640,1832.4,-32.96249,-70.92061
344.9,1.4101,47.560,1802.5,-32.96299,-70.91952
345.0,1.3896,48.560,1816.4,-32.95411,-70.92143
345.1,1.3597,48.660,1794.0,-32.95304,-70.92082
345.2,1.3189,48.720,1761.1,-32.95233,-70.92011
345.3,1.2919,47.600,1705.5,-32.96188,-70.91619
345.4,1.2719,47.080,1673.9,-32.96622,-70.91393
345.5,1.2610,47.100,1665.6,-32.96586,-70.91313
345.6,1.2556,47.080,1660.6,-32.96585,-70.91222
345.7,1.2377,47.100,1646.4,-32.96549,-70.91142
345.8,1.2100,47.060,1622.5,-32.96566,-70.91046
345.9,1.1909,49.460,1672.6,-32.94454,-70.91585
346.0,1.1355,49.480,1625.2,-32.94418,-70.91500
346.1,1.0710,49.560,1571.5,-32.94329,-70.91431
346.2,1.0188,49.460,1523.9,-32.94398,-70.91315
346.3,0.9732,49.380,1482.5,-32.94449,-70.91205
346.4,0.9484,49.140,1455.6,-32.94641,-70.91055
346.5,0.9578,49.000,1460.4,-32.94746,-70.90931
346.6,0.9511,48.940,1453.3,-32.94780,-70.90827
346.7,0.9415,48.860,1443.2,-32.94833,-70.90718
346.8,0.9282,48.780,1430.0,-32.94885,-70.90610
346.9,0.8974,50.160,1434.7,-32.93659,-70.90854
347.0,0.9301,50.180,1463.8,-32.93623,-70.90768
347.1,0.9494,50.220,1481.7,-32.93571,-70.90686
347.2,0.9411,50.180,1473.5,-32.93588,-70.90585
347.3,0.9508,50.200,1482.5,-32.93554,-70.90498
347.4,0.9422,50.180,1474.4,-32.93554,-70.90402
347.5,0.9306,50.160,1463.8,-32.93554,-70.90305
347.6,0.9129,50.160,1448.3,-32.93538,-70.90214
347.7,0.8996,50.180,1437.1,-32.93503,-70.90127
347.8,0.8924,50.140,1429.9,-32.93522,-70.90026
347.9,0.8827,50.140,1421.4,-32.93505,-70.89934
348.0,0.8663,50.220,1408.8,-32.93419,-70.89860
348.1,0.8659,50.240,1408.9,-32.93385,-70.89773
348.2,0.8770,50.300,1420.0,-32.93316,-70.89694
348.3,0.8874,50.340,1430.0,-32.93265,-70.89610
348.4,0.8890,50.040,1424.7,-32.93513,-70.89454
348.5,0.8891,50.040,1424.8,-32.93497,-70.89362
348.6,0.8733,50.020,1410.5,-32.93500,-70.89266
348.7,0.8460,49.940,1384.9,-32.93555,-70.89157
348.8,0.8288,49.480,1360.2,-32.93945,-70.88970
348.9,0.8526,49.520,1381.6,-32.93895,-70.88888
349.0,0.8789,49.520,1404.4,-32.93880,-70.88797
349.1,0.9028,49.500,1424.5,-32.93883,-70.88702
349.2,0.9199,49.520,1439.8,-32.93851,-70.88615
349.3,0.9248,49.540,1444.5,-32.93819,-70.88528
349.4,0.9050,49.600,1428.7,-32.93752,-70.88449
349.5,0.8770,49.660,1405.8,-32.93684,-70.88369
349.6,0.8621,49.680,1393.3,-32.93653,-70.88281
349.7,0.8444,49.680,1378.0,-32.93639,-70.88190
349.8,0.8276,49.700,1363.8,-32.93607,-70.88102
349.9,0.8084,49.720,1347.6,-32.93576,-70.88015
350.0,0.8144,21.540,815.0,-33.18528,-70.82690
350.1,0.8372,21.540,823.5,-33.18522,-70.82650
350.2,0.8597,21.540,832.0,-33.18517,-70.82610
350.3,0.8670,21.580,835.5,-33.18475,-70.82578
350.4,0.8539,21.580,830.5,-33.18470,-70.82538
350.5,0.8515,49.940,1389.8,-32.93301,-70.87503
350.6,0.8585,50.000,1397.2,-32.93235,-70.87422
350.7,0.8775,50.100,1415.9,-32.93134,-70.87347
350.8,0.9069,50.140,1442.6,-32.93086,-70.87261
350.9,0.9450,50.180,1476.9,-32.93038,-70.87175
351.0,0.9932,50.180,1519.1,-32.93025,-70.87082
351.1,0.9892,50.040,1512.2,-32.93138,-70.86966
351.2,0.9876,49.940,1508.5,-32.93214,-70.86858
351.3,1.0123,49.860,1528.0,-32.93274,-70.86752
351.4,1.0052,49.740,1519.0,-32.93369,-70.86641
351.5,1.0028,49.880,1520.2,-32.93233,-70.86571
351.6,1.0257,49.920,1541.2,-32.93186,-70.86485
351.7,1.0388,49.880,1551.6,-32.93210,-70.86387
351.8,1.0462,49.940,1559.5,-32.93145,-70.86303
351.9,1.0509,50.000,1565.2,-32.93081,-70.86220
352.0,1.0565,50.020,1570.6,-32.93052,-70.86130
352.1,1.0441,50.000,1559.2,-32.93059,-70.86035
352.2,1.0275,50.000,1544.8,-32.93048,-70.85942
352.3,1.0170,50.020,1536.0,-32.93020,-70.85852
352.4,0.9864,50.000,1508.9,-32.93027,-70.85757
352.5,0.9586,49.920,1482.7,-32.93089,-70.85653
352.6,0.9328,50.020,1462.5,-32.92989,-70.85574
352.7,0.9315,50.060,1462.3,-32.92943,-70.85486
352.8,0.9385,50.080,1468.8,-32.92916,-70.85396
352.9,0.9228,50.080,1455.2,-32.92906,-70.85303
353.0,0.8887,50.020,1424.0,-32.92950,-70.85203
353.1,0.8584,49.980,1396.6,-32.92976,-70.85105
353.2,0.8303,49.920,1370.8,-32.93021,-70.85004
353.3,0.7931,49.880,1337.6,-32.93047,-70.84906
353.4,0.7917,50.200,1343.0,-32.92752,-70.84853
353.5,0.7785,50.220,1331.8,-32.92725,-70.84762
353.6,0.7661,50.240,1321.4,-32.92699,-70.84671
353.7,0.7541,50.300,1312.1,-32.92636,-70.84585
353.8,0.7472,50.480,1309.5,-32.92467,-70.84512
353.9,0.7476,50.500,1310.3,-32.92440,-70.84420
354.0,0.7436,50.540,1307.6,-32.92396,-70.84331
354.1,0.7496,50.640,1314.9,-32.92299,-70.84248
354.2,0.7468,50.660,1312.8,-32.92273,-70.84156
354.3,0.7347,50.720,1303.3,-32.92211,-70.84068
354.4,0.7221,50.800,1293.7,-32.92132,-70.83982
354.5,0.7118,50.900,1286.5,-32.92034,-70.83897
354.6,0.7203,74.880,1801.7,-32.70551,-70.86203
354.7,0.7659,74.900,1861.8,-32.70522,-70.86065
354.8,0.8137,74.880,1923.8,-32.70530,-70.85924
354.9,0.8713,74.720,1995.1,-32.70662,-70.85770
355.0,0.9246,74.640,2062.6,-32.70724,-70.85624
355.1,0.9418,74.620,2084.4,-32.70732,-70.85483
355.2,0.9429,74.720,2088.5,-32.70632,-70.85353
355.3,0.9545,74.840,2106.9,-32.70515,-70.85225
355.4,0.9554,74.960,2111.2,-32.70398,-70.85096
355.5,0.9661,75.020,2126.9,-32.70335,-70.84961
355.6,0.9533,75.260,2116.6,-32.70111,-70.84841
355.7,0.9309,75.240,2086.6,-32.70120,-70.84700
355.8,0.9205,75.800,2087.8,-32.69609,-70.84603
355.9,0.8966,75.800,2056.1,-32.69600,-70.84462
356.0,0.9077,76.340,2085.0,-32.69107,-70.84361
356.1,0.9167,77.220,2120.3,-32.68309,-70.84283
356.2,0.9346,77.160,2142.8,-32.68355,-70.84135
356.3,0.9497,76.820,2153.9,-32.68652,-70.83968
356.4,0.9523,77.220,2168.3,-32.68286,-70.83851
356.5,0.9608,77.480,2186.8,-32.68045,-70.83725
356.6,0.9540,77.540,2179.3,-32.67984,-70.83584
356.7,0.9222,77.660,2139.4,-32.67869,-70.83447
356.8,0.9310,41.620,1271.8,-33.00230,-70.81162
356.9,0.9959,41.620,1319.0,-33.00227,-70.81084
357.0,1.0258,41.620,1340.7,-33.00223,-70.81006
357.1,1.0222,41.640,1338.6,-33.00202,-70.80929
357.2,0.9948,41.680,1319.6,-33.00163,-70.80853
357.3,1.0401,41.820,1355.9,-33.00034,-70.80783
357.4,1.0958,42.100,1403.5,-32.99779,-70.80718
357.5,1.1674,42.100,1456.2,-32.99776,-70.80639
357.6,1.1767,42.240,1466.7,-32.99648,-70.80567
357.7,1.1492,42.240,1446.4,-32.99645,-70.80488
357.8,1.1027,42.180,1410.6,-32.99696,-70.80406
357.9,1.0344,42.380,1365.1,-32.99514,-70.80335
358.0,1.0424,42.420,1372.0,-32.99476,-70.80257
358.1,1.0040,42.440,1343.9,-32.99456,-70.80179
358.2,0.9197,42.420,1281.0,-32.99471,-70.80099
358.3,0.9229,42.800,1291.8,-32.99128,-70.80031
358.4,0.9477,42.820,1310.7,-32.99108,-70.79952
358.5,0.9579,42.820,1318.4,-32.99106,-70.79872
358.6,0.9191,42.840,1289.8,-32.99086,-70.79792
358.7,0.8623,80.780,2139.0,-32.64966,-70.80628
358.8,0.8425,80.820,2112.1,-32.64927,-70.80478
358.9,0.8510,84.780,2227.7,-32.61363,-70.80408
359.0,0.8584,84.840,2240.3,-32.61307,-70.80251
359.1,0.8070,85.060,2169.7,-32.61107,-70.80096
359.2,0.7954,85.200,2156.0,-32.60979,-70.79940
359.3,0.7802,85.380,2138.0,-32.60815,-70.79784
359.4,0.8116,60.540,1585.1,-32.83156,-70.79348
359.5,0.8214,60.500,1594.6,-32.83192,-70.79235
359.6,0.8150,60.500,1587.9,-32.83191,-70.79122
359.7,0.7983,60.540,1571.1,-32.83154,-70.79009
359.8,0.7965,60.560,1569.6,-32.83136,-70.78896
359.9,0.7875,60.520,1559.2,-32.83172,-70.78783
