azimuth_deg,elev_deg,dist_km,height_m_amsl,lat,lon
0.0,-0.3179,68.900,752.0,-21.26140,-47.90396
0.1,-0.3173,69.000,753.0,-21.26050,-47.90280
0.2,-0.3151,69.100,756.1,-21.25960,-47.90163
0.3,-0.3122,69.280,760.3,-21.25798,-47.90046
0.4,-0.3091,69.400,764.6,-21.25691,-47.89928
0.5,-0.3067,69.500,767.8,-21.25602,-47.89810
0.6,-0.3047,69.440,770.0,-21.25657,-47.89694
0.7,-0.2966,70.320,783.8,-21.24866,-47.89566
0.8,-0.2954,70.260,785.0,-21.24921,-47.89449
0.9,-0.2895,70.280,792.3,-21.24905,-47.89330
1.0,-0.2976,70.300,782.4,-21.24889,-47.89211
1.1,-0.3004,70.300,778.9,-21.24891,-47.89092
1.2,-0.2986,70.460,781.8,-21.24749,-47.88971
1.3,-0.3017,70.380,777.7,-21.24823,-47.88854
1.4,-0.3035,70.380,775.5,-21.24826,-47.88735
1.5,-0.3055,70.380,773.0,-21.24829,-47.88616
1.6,-0.3078,70.320,770.0,-21.24886,-47.88499
1.7,-0.3099,70.360,767.6,-21.24853,-47.88380
1.8,-0.3130,70.300,763.5,-21.24910,-47.88263
1.9,-0.3156,70.220,760.0,-21.24986,-47.88147
2.0,-0.3186,70.160,756.1,-21.25043,-47.88031
2.1,-0.3165,69.260,755.0,-21.25857,-47.87944
2.2,-0.3145,69.140,757.0,-21.25969,-47.87832
2.3,-0.3132,69.000,758.0,-21.26100,-47.87721
2.4,-0.3136,68.840,756.9,-21.26248,-47.87611
2.5,-0.3151,68.780,754.9,-21.26307,-47.87497
2.6,-0.3177,68.580,751.0,-21.26491,-47.87390
2.7,-0.3203,68.580,747.9,-21.26496,-47.87275
2.8,-0.3214,68.460,746.1,-21.26609,-47.87165
2.9,-0.3161,68.340,752.0,-21.26723,-47.87055
3.0,-0.3115,67.760,755.2,-21.27250,-47.86970
3.1,-0.3055,67.740,762.2,-21.27273,-47.86856
3.2,-0.3022,67.720,766.0,-21.27297,-47.86743
3.3,-0.3007,67.680,767.6,-21.27339,-47.86632
3.4,-0.3030,67.640,764.7,-21.27381,-47.86520
3.5,-0.3064,67.700,761.0,-21.27334,-47.86403
3.6,-0.3110,67.680,755.4,-21.27358,-47.86290
3.7,-0.3148,66.600,747.0,-21.28335,-47.86243
3.8,-0.3157,65.220,741.1,-21.29582,-47.86219
3.9,-0.3123,65.320,745.3,-21.29499,-47.86103
4.0,-0.3105,65.220,747.0,-21.29596,-47.85999
4.1,-0.3088,65.220,749.0,-21.29603,-47.85890
4.2,-0.3085,65.180,749.1,-21.29647,-47.85783
4.3,-0.3081,65.160,749.6,-21.29672,-47.85675
4.4,-0.3075,65.100,750.0,-21.29734,-47.85569
4.5,-0.3066,65.100,751.0,-21.29742,-47.85460
4.6,-0.3049,65.100,753.0,-21.29750,-47.85350
4.7,-0.3023,65.100,755.9,-21.29758,-47.85241
4.8,-0.2992,65.060,759.3,-21.29802,-47.85135
4.9,-0.2950,65.040,764.0,-21.29829,-47.85027
5.0,-0.2933,65.060,766.0,-21.29820,-47.84916
5.1,-0.2948,65.160,764.7,-21.29739,-47.84798
5.2,-0.2982,65.140,760.7,-21.29766,-47.84690
5.3,-0.3029,65.080,755.1,-21.29829,-47.84586
5.4,-0.3065,65.060,751.0,-21.29857,-47.84479
5.5,-0.3072,65.060,750.2,-21.29866,-47.84370
5.6,-0.3106,65.060,746.4,-21.29876,-47.84260
5.7,-0.3139,65.040,742.5,-21.29904,-47.84153
5.8,-0.3179,64.980,737.8,-21.29968,-47.84050
5.9,-0.3217,64.880,733.1,-21.30068,-47.83951
6.0,-0.3249,64.840,729.4,-21.30114,-47.83846
6.1,-0.3270,64.760,726.8,-21.30197,-47.83745
6.2,-0.3276,64.700,725.9,-21.30261,-47.83643
6.3,-0.3275,64.700,726.0,-21.30272,-47.83534
6.4,-0.3261,64.660,727.5,-21.30319,-47.83430
6.5,-0.3244,64.680,729.5,-21.30313,-47.83320
6.6,-0.3227,64.660,731.3,-21.30342,-47.83213
6.7,-0.3211,64.600,733.0,-21.30408,-47.83112
6.8,-0.3211,64.600,733.0,-21.30419,-47.83003
6.9,-0.3225,64.580,731.3,-21.30449,-47.82898
7.0,-0.3261,64.600,727.3,-21.30444,-47.82787
7.1,-0.3304,64.860,723.3,-21.30224,-47.82648
7.2,-0.3367,64.900,716.3,-21.30201,-47.82535
7.3,-0.3341,65.420,720.8,-21.29749,-47.82362
7.4,-0.3234,65.420,733.0,-21.29762,-47.82253
7.5,-0.3462,63.900,702.7,-21.31133,-47.82335
7.6,-0.3380,63.800,711.5,-21.31235,-47.82240
7.7,-0.3296,63.720,720.7,-21.31320,-47.82144
7.8,-0.3209,63.580,730.0,-21.31458,-47.82056
7.9,-0.3079,63.560,744.3,-21.31489,-47.81952
8.0,-0.3037,63.380,748.3,-21.31664,-47.81870
8.1,-0.2999,63.180,751.9,-21.31856,-47.81791
8.2,-0.2978,63.340,754.7,-21.31727,-47.81664
8.3,-0.2925,63.300,760.5,-21.31777,-47.81564
8.4,-0.2926,63.260,760.2,-21.31827,-47.81464
8.5,-0.2910,63.200,761.8,-21.31895,-47.81367
8.6,-0.2886,63.080,764.0,-21.32017,-47.81278
8.7,-0.2893,63.020,763.0,-21.32085,-47.81182
8.8,-0.2918,63.080,760.4,-21.32047,-47.81068
8.9,-0.2959,63.160,756.2,-21.31991,-47.80951
9.0,-0.2984,63.620,755.1,-21.31597,-47.80776
9.1,-0.2947,63.840,760.0,-21.31417,-47.80637
9.2,-0.2911,63.820,763.9,-21.31451,-47.80534
9.3,-0.2863,63.720,768.8,-21.31556,-47.80443
9.4,-0.2863,63.740,768.9,-21.31554,-47.80334
9.5,-0.2842,63.980,772.2,-21.31357,-47.80189
9.6,-0.2808,63.980,776.0,-21.31374,-47.80083
9.7,-0.2745,63.960,782.9,-21.31408,-47.79980
9.8,-0.2774,63.780,778.9,-21.31585,-47.79903
9.9,-0.2761,63.620,779.9,-21.31744,-47.79823
10.0,-0.2738,63.520,782.0,-21.31850,-47.79734
10.1,-0.2728,63.480,782.9,-21.31903,-47.79636
10.2,-0.2726,63.420,783.0,-21.31974,-47.79540
10.3,-0.2726,63.440,783.0,-21.31973,-47.79432
10.4,-0.2738,63.240,780.9,-21.32169,-47.79361
10.5,-0.2706,62.540,781.7,-21.32806,-47.79379
10.6,-0.2662,62.700,787.1,-21.32683,-47.79247
10.7,-0.2631,62.560,790.0,-21.32825,-47.79168
10.8,-0.2623,62.600,791.0,-21.32808,-47.79057
10.9,-0.2631,62.820,791.0,-21.32631,-47.78913
11.0,-0.2653,62.860,788.8,-21.32615,-47.78802
11.1,-0.2635,63.080,791.6,-21.32439,-47.78657
11.2,-0.2603,63.080,795.1,-21.32458,-47.78552
11.3,-0.2581,63.180,798.0,-21.32389,-47.78429
11.4,-0.2567,63.260,799.9,-21.32338,-47.78309
11.5,-0.2548,63.260,802.0,-21.32358,-47.78205
11.6,-0.2534,63.300,803.7,-21.32342,-47.78093
11.7,-0.2518,63.300,805.4,-21.32362,-47.77988
11.8,-0.2493,63.280,808.1,-21.32400,-47.77887
11.9,-0.2476,63.340,810.2,-21.32368,-47.77771
12.0,-0.2452,63.300,812.7,-21.32423,-47.77674
12.1,-0.2420,63.220,815.9,-21.32514,-47.77586
12.2,-0.2397,63.160,818.2,-21.32588,-47.77494
12.3,-0.2374,63.060,820.2,-21.32697,-47.77410
12.4,-0.2370,62.900,820.0,-21.32859,-47.77339
12.5,-0.2378,62.760,818.5,-21.33003,-47.77265
12.6,-0.2398,62.780,816.4,-21.33007,-47.77157
12.7,-0.2428,62.740,813.0,-21.33064,-47.77062
12.8,-0.2459,62.740,809.5,-21.33085,-47.76959
12.9,-0.2481,62.860,807.6,-21.33002,-47.76830
13.0,-0.2506,62.840,804.8,-21.33042,-47.76731
13.1,-0.2539,62.620,800.2,-21.33257,-47.76676
13.2,-0.2553,62.640,798.8,-21.33261,-47.76569
13.3,-0.2559,62.600,798.0,-21.33319,-47.76474
13.4,-0.2561,62.640,798.0,-21.33307,-47.76363
13.5,-0.2570,62.640,797.0,-21.33329,-47.76260
13.6,-0.2579,62.640,796.0,-21.33352,-47.76157
13.7,-0.2579,62.640,796.0,-21.33376,-47.76054
13.8,-0.2574,68.020,820.4,-21.28693,-47.74716
13.9,-0.2555,68.080,823.0,-21.28666,-47.74591
14.0,-0.2567,62.320,796.0,-21.33726,-47.75821
14.1,-0.2551,62.300,797.6,-21.33767,-47.75724
14.2,-0.2550,62.260,797.6,-21.33826,-47.75631
14.3,-0.2483,66.620,824.3,-21.30044,-47.74492
14.4,-0.2479,64.440,814.8,-21.31972,-47.74905
14.5,-0.2420,64.500,821.7,-21.31945,-47.74786
14.6,-0.2375,64.560,827.0,-21.31918,-47.74666
14.7,-0.2342,64.300,829.5,-21.32170,-47.74624
14.8,-0.2270,64.300,837.6,-21.32195,-47.74519
14.9,-0.2243,64.260,840.4,-21.32256,-47.74424
15.0,-0.2216,64.240,843.3,-21.32299,-47.74324
15.1,-0.2215,64.340,844.0,-21.32239,-47.74194
15.2,-0.2177,64.200,847.5,-21.32387,-47.74125
15.3,-0.2188,64.320,846.9,-21.32309,-47.73990
15.4,-0.2176,64.480,849.0,-21.32197,-47.73844
15.5,-0.2142,64.320,852.0,-21.32362,-47.73781
15.6,-0.2166,64.220,848.9,-21.32476,-47.73702
15.7,-0.2163,64.160,848.9,-21.32555,-47.73613
15.8,-0.2171,64.100,847.8,-21.32634,-47.73525
15.9,-0.2171,64.100,847.7,-21.32662,-47.73421
16.0,-0.2200,64.160,844.8,-21.32638,-47.73301
16.1,-0.2221,64.060,841.9,-21.32752,-47.73223
16.2,-0.2225,64.060,841.5,-21.32780,-47.73120
16.3,-0.2285,63.940,834.2,-21.32912,-47.73048
16.4,-0.2319,63.840,829.9,-21.33026,-47.72972
16.5,-0.2323,63.520,828.0,-21.33331,-47.72956
16.6,-0.2363,63.620,824.0,-21.33273,-47.72826
16.7,-0.2387,63.520,820.9,-21.33388,-47.72751
16.8,-0.2379,63.500,821.7,-21.33434,-47.72653
16.9,-0.2337,61.660,818.1,-21.35048,-47.73066
17.0,-0.2327,63.420,827.1,-21.33560,-47.72471
17.1,-0.2284,62.660,828.3,-21.34244,-47.72584
17.2,-0.2298,63.080,828.7,-21.33911,-47.72363
17.3,-0.2282,62.980,830.0,-21.34027,-47.72290
17.4,-0.2245,62.780,833.1,-21.34228,-47.72246
17.5,-0.2203,62.640,837.1,-21.34378,-47.72186
17.6,-0.2205,62.720,837.2,-21.34339,-47.72062
17.7,-0.2232,62.740,834.4,-21.34351,-47.71955
17.8,-0.2286,62.840,828.9,-21.34295,-47.71824
17.9,-0.2329,62.860,824.3,-21.34308,-47.71718
18.0,-0.2407,62.980,816.3,-21.34236,-47.71581
18.1,-0.2487,63.100,808.0,-21.34164,-47.71444
18.2,-0.2525,63.580,805.9,-21.33784,-47.71198
18.3,-0.2505,63.540,807.9,-21.33849,-47.71108
18.4,-0.2551,63.560,802.9,-21.33863,-47.71001
18.5,-0.2626,63.560,794.5,-21.33895,-47.70899
18.6,-0.2694,63.560,787.0,-21.33926,-47.70797
18.7,-0.2740,62.820,779.0,-21.34590,-47.70924
18.8,-0.2764,62.700,775.9,-21.34724,-47.70861
18.9,-0.2789,62.780,773.5,-21.34687,-47.70736
19.0,-0.2827,62.740,769.2,-21.34753,-47.70648
19.1,-0.2863,62.740,765.3,-21.34785,-47.70548
19.2,-0.2883,62.440,762.0,-21.35073,-47.70543
19.3,-0.2885,62.480,762.0,-21.35071,-47.70431
19.4,-0.2926,62.560,757.7,-21.35035,-47.70305
19.5,-0.2962,63.400,756.7,-21.34355,-47.69936
19.6,-0.2970,63.440,756.0,-21.34354,-47.69822
19.7,-0.2993,63.540,753.8,-21.34302,-47.69689
19.8,-0.2965,54.620,731.0,-21.41897,-47.72500
19.9,-0.2936,54.700,733.9,-21.41858,-47.72387
20.0,-0.2933,54.700,734.2,-21.41888,-47.72300
20.1,-0.2926,54.960,735.5,-21.41697,-47.72127
20.2,-0.2945,54.940,733.7,-21.41744,-47.72046
20.3,-0.2974,55.260,731.6,-21.41503,-47.71852
20.4,-0.2977,55.360,731.6,-21.41449,-47.71731
20.5,-0.2968,58.800,741.5,-21.38576,-47.70482
20.6,-0.2952,58.760,742.9,-21.38642,-47.70403
20.7,-0.2941,58.700,743.9,-21.38725,-47.70330
20.8,-0.2926,58.440,744.8,-21.38977,-47.70327
20.9,-0.2970,58.400,740.2,-21.39043,-47.70248
21.0,-0.3023,55.520,727.4,-21.41498,-47.71151
21.1,-0.2989,57.380,735.4,-21.39966,-47.70418
21.2,-0.2918,57.340,742.4,-21.40032,-47.70342
21.3,-0.2852,57.360,749.1,-21.40048,-47.70244
21.4,-0.2806,57.380,753.7,-21.40064,-47.70147
21.5,-0.2792,57.340,755.0,-21.40130,-47.70071
21.6,-0.2800,57.460,754.6,-21.40062,-47.69938
21.7,-0.2781,57.620,757.0,-21.39962,-47.69791
21.8,-0.2771,57.640,758.0,-21.39978,-47.69694
21.9,-0.2771,57.620,758.0,-21.40029,-47.69610
22.0,-0.2772,57.600,757.8,-21.40079,-47.69527
22.1,-0.2782,57.460,756.4,-21.40230,-47.69488
22.2,-0.2790,57.440,755.5,-21.40281,-47.69405
22.3,-0.2815,57.380,752.9,-21.40365,-47.69337
22.4,-0.2813,57.360,753.0,-21.40415,-47.69255
22.5,-0.2796,57.340,754.6,-21.40466,-47.69173
22.6,-0.2767,57.300,757.5,-21.40534,-47.69098
22.7,-0.2730,57.340,761.2,-21.40535,-47.68994
22.8,-0.2703,57.320,763.9,-21.40587,-47.68912
22.9,-0.2722,57.340,762.1,-21.40605,-47.68816
23.0,-0.2733,57.340,761.0,-21.40640,-47.68726
23.1,-0.2733,57.360,761.0,-21.40659,-47.68630
23.2,-0.2701,57.420,764.4,-21.40644,-47.68518
23.3,-0.2628,57.440,771.8,-21.40663,-47.68421
23.4,-0.2591,57.480,775.6,-21.40666,-47.68317
23.5,-0.2569,57.620,778.3,-21.40586,-47.68174
23.6,-0.2514,57.780,784.4,-21.40490,-47.68023
23.7,-0.2575,57.400,777.0,-21.40840,-47.68081
23.8,-0.2605,57.280,773.6,-21.40975,-47.68039
23.9,-0.2711,57.080,762.4,-21.41176,-47.68028
24.0,-0.2758,56.860,757.0,-21.41393,-47.68026
24.1,-0.2766,73.060,821.9,-21.28103,-47.61567
24.2,-0.2733,73.040,826.0,-21.28167,-47.61462
24.3,-0.2742,73.000,824.6,-21.28246,-47.61366
24.4,-0.2730,72.960,826.0,-21.28326,-47.61269
24.5,-0.2749,72.980,823.6,-21.28357,-47.61149
24.6,-0.2793,72.920,817.8,-21.28454,-47.61061
24.7,-0.2763,53.080,746.3,-21.44745,-47.68937
24.8,-0.2705,53.040,751.6,-21.44813,-47.68872
24.9,-0.2652,49.280,747.6,-21.47921,-47.70318
25.0,-0.2602,49.320,751.9,-21.47920,-47.70226
25.1,-0.2578,49.360,754.1,-21.47921,-47.70134
25.2,-0.2566,49.240,754.9,-21.48051,-47.70108
25.3,-0.2504,49.220,760.2,-21.48100,-47.70041
25.4,-0.2530,49.220,757.9,-21.48133,-47.69966
25.5,-0.2513,73.100,854.3,-21.28742,-47.59983
25.6,-0.2451,73.160,862.7,-21.28743,-47.59846
25.7,-0.2448,73.060,862.5,-21.28874,-47.59777
25.8,-0.2386,39.860,752.3,-21.55860,-47.73599
25.9,-0.2324,39.860,756.6,-21.55887,-47.73539
26.0,-0.2289,39.840,759.0,-21.55931,-47.73486
26.1,-0.2292,39.840,758.8,-21.55958,-47.73426
26.2,-0.2266,39.860,760.7,-21.55969,-47.73357
26.3,-0.2292,49.460,779.1,-21.48242,-47.69189
26.4,-0.2162,49.260,789.7,-21.48438,-47.69200
26.5,-0.1962,49.200,806.7,-21.48521,-47.69152
26.6,-0.1837,49.180,817.4,-21.48571,-47.69086
26.7,-0.1797,49.180,820.8,-21.48606,-47.69012
26.8,-0.1782,49.160,822.0,-21.48657,-47.68946
26.9,-0.1764,49.160,823.5,-21.48692,-47.68872
27.0,-0.1726,49.140,826.7,-21.48743,-47.68807
27.1,-0.1683,49.080,830.2,-21.48826,-47.68759
27.2,-0.1638,49.060,834.0,-21.48877,-47.68694
27.3,-0.1600,48.940,836.8,-21.49008,-47.68674
27.4,-0.1566,48.900,839.5,-21.49075,-47.68618
27.5,-0.1529,48.940,842.8,-21.49079,-47.68527
27.6,-0.1513,48.900,844.0,-21.49146,-47.68471
27.7,-0.1502,48.880,844.9,-21.49198,-47.68407
27.8,-0.1484,48.940,846.7,-21.49186,-47.68307
27.9,-0.1472,48.980,847.8,-21.49190,-47.68216
28.0,-0.1472,49.020,848.0,-21.49194,-47.68124
28.1,-0.1475,49.060,847.9,-21.49198,-47.68033
28.2,-0.1498,49.040,845.9,-21.49250,-47.67969
28.3,-0.1531,49.180,843.6,-21.49176,-47.67832
28.4,-0.1600,51.280,846.3,-21.47547,-47.66795
28.5,-0.1601,51.300,846.3,-21.47570,-47.66709
28.6,-0.1545,39.680,810.3,-21.56802,-47.72004
28.7,-0.1510,39.680,812.8,-21.56832,-47.71945
28.8,-0.1513,39.580,812.2,-21.56941,-47.71933
28.9,-0.1503,39.480,812.7,-21.57050,-47.71921
29.0,-0.1477,38.740,812.4,-21.57663,-47.72209
29.1,-0.1453,38.700,813.9,-21.57724,-47.72171
29.2,-0.1409,38.700,816.9,-21.57753,-47.72114
29.3,-0.1323,38.640,822.5,-21.57830,-47.72085
29.4,-0.1281,38.580,825.2,-21.57907,-47.72056
29.5,-0.1188,38.580,831.5,-21.57937,-47.72000
29.6,-0.1183,38.600,831.8,-21.57951,-47.71933
29.7,-0.1202,38.400,829.9,-21.58137,-47.71972
29.8,-0.1152,38.340,833.1,-21.58214,-47.71945
29.9,-0.1080,38.340,837.9,-21.58244,-47.71889
30.0,-0.1076,38.360,838.2,-21.58259,-47.71823
30.1,-0.1037,38.300,840.7,-21.58335,-47.71796
30.2,-0.1048,38.240,839.7,-21.58412,-47.71769
30.3,-0.1077,38.200,837.7,-21.58474,-47.71732
30.4,-0.1077,49.260,883.0,-21.49907,-47.66271
30.5,-0.1062,49.300,884.5,-21.49915,-47.66180
30.6,-0.1053,49.240,885.0,-21.50001,-47.66137
30.7,-0.1054,49.260,885.0,-21.50025,-47.66056
30.8,-0.1012,48.540,885.0,-21.50621,-47.66340
30.9,-0.0954,48.400,889.3,-21.50769,-47.66339
31.0,-0.0894,48.260,893.6,-21.50916,-47.66339
31.1,-0.0852,48.300,897.4,-21.50924,-47.66249
31.2,-0.0811,48.280,900.7,-21.50979,-47.66189
31.3,-0.0888,48.200,893.8,-21.51080,-47.66159
31.4,-0.0934,48.200,889.9,-21.51119,-47.66090
31.5,-0.0969,48.200,887.0,-21.51158,-47.66020
31.6,-0.1011,48.180,883.4,-21.51213,-47.65961
31.7,-0.1041,48.140,880.7,-21.51283,-47.65912
31.8,-0.1048,48.120,880.0,-21.51338,-47.65853
31.9,-0.1033,48.080,881.0,-21.51409,-47.65804
32.0,-0.1019,48.060,882.1,-21.51464,-47.65745
32.1,-0.0991,47.980,884.1,-21.51565,-47.65717
32.2,-0.0968,47.940,885.8,-21.51636,-47.65669
32.3,-0.0959,47.820,886.0,-21.51767,-47.65662
32.4,-0.0959,47.740,885.6,-21.51868,-47.65636
32.5,-0.1014,47.720,880.9,-21.51924,-47.65578
32.6,-0.1126,47.520,870.7,-21.52116,-47.65614
32.7,-0.1253,47.460,859.9,-21.52201,-47.65577
32.8,-0.1409,47.320,846.4,-21.52348,-47.65583
32.9,-0.1469,47.180,840.9,-21.52494,-47.65589
33.0,-0.1773,47.160,815.8,-21.52549,-47.65533
33.1,-0.2055,42.060,779.7,-21.56441,-47.68156
33.2,-0.2222,42.660,768.6,-21.56024,-47.67779
33.3,-0.2050,42.740,781.7,-21.56001,-47.67676
33.4,-0.1988,42.780,786.3,-21.56007,-47.67595
33.5,-0.1969,42.740,787.7,-21.56074,-47.67556
33.6,-0.1938,42.740,790.0,-21.56111,-47.67495
33.7,-0.1934,42.680,790.1,-21.56194,-47.67467
33.8,-0.2143,44.640,779.0,-21.54763,-47.66354
33.9,-0.1796,44.620,805.9,-21.54817,-47.66302
34.0,-0.1487,44.620,830.0,-21.54856,-47.66240
34.1,-0.1342,44.640,841.4,-21.54880,-47.66166
34.2,-0.1252,44.520,847.9,-21.55009,-47.66169
34.3,-0.1233,44.540,849.5,-21.55033,-47.66096
34.4,-0.1185,44.560,853.3,-21.55058,-47.66023
34.5,-0.1135,44.520,857.0,-21.55127,-47.65982
34.6,-0.1118,44.560,858.4,-21.55137,-47.65898
34.7,-0.1159,44.680,855.8,-21.55088,-47.65770
34.8,-0.1632,44.700,818.9,-21.55113,-47.65697
34.9,-0.1905,43.840,795.3,-21.55789,-47.66111
35.0,-0.2035,43.720,785.1,-21.55917,-47.66116
35.1,-0.2066,44.900,785.6,-21.55086,-47.65400
35.2,-0.1825,44.920,804.6,-21.55111,-47.65327
35.3,-0.1720,44.940,812.8,-21.55137,-47.65254
35.4,-0.1697,44.980,814.8,-21.55149,-47.65169
35.5,-0.1687,45.020,815.7,-21.55160,-47.65085
35.6,-0.1659,45.020,817.9,-21.55201,-47.65023
35.7,-0.1793,45.040,807.4,-21.55228,-47.64950
35.8,-0.1915,45.040,797.8,-21.55269,-47.64888
35.9,-0.1913,45.020,797.9,-21.55325,-47.64838
36.0,-0.1970,44.980,793.3,-21.55396,-47.64799
36.1,-0.1984,45.260,793.0,-21.55233,-47.64578
36.2,-0.2106,61.520,842.3,-21.43442,-47.55247
36.3,-0.2182,61.680,834.9,-21.43383,-47.55072
36.4,-0.2172,61.840,836.7,-21.43324,-47.54896
36.5,-0.2360,46.320,765.6,-21.54633,-47.63722
36.6,-0.2384,46.100,763.1,-21.54835,-47.63786
36.7,-0.2171,60.420,830.3,-21.44524,-47.55462
36.8,-0.2060,60.400,841.9,-21.44595,-47.55392
36.9,-0.2045,60.280,843.0,-21.44739,-47.55380
37.0,-0.1904,56.120,838.5,-21.47792,-47.57714
37.1,-0.2004,60.220,847.0,-21.44896,-47.55252
37.2,-0.1920,60.120,855.4,-21.45024,-47.55229
37.3,-0.1860,59.760,859.8,-21.45340,-47.55359
37.4,-0.1792,59.880,867.5,-21.45311,-47.55208
37.5,-0.1751,59.860,871.7,-21.45382,-47.55139
37.6,-0.1734,59.960,874.0,-21.45368,-47.55000
37.7,-0.1730,59.720,873.2,-21.45596,-47.55061
37.8,-0.1692,59.860,877.8,-21.45554,-47.54899
37.9,-0.1710,59.860,876.0,-21.45611,-47.54819
38.0,-0.1696,59.800,877.1,-21.45712,-47.54774
38.1,-0.1709,59.760,875.6,-21.45798,-47.54719
38.2,-0.1798,59.700,866.0,-21.45898,-47.54675
38.3,-0.1851,59.580,859.9,-21.46041,-47.54667
38.4,-0.1816,59.440,862.8,-21.46198,-47.54672
38.5,-0.1632,59.820,883.9,-21.45988,-47.54365
38.6,-0.1513,59.680,895.5,-21.46145,-47.54370
38.7,-0.1437,59.620,903.2,-21.46245,-47.54328
38.8,-0.1378,59.580,909.1,-21.46332,-47.54273
38.9,-0.1345,59.480,911.9,-21.46461,-47.54255
39.0,-0.1313,59.580,915.8,-21.46449,-47.54116
39.1,-0.1286,59.620,918.9,-21.46480,-47.54014
39.2,-0.1259,59.660,922.0,-21.46511,-47.53911
39.3,-0.1203,59.520,926.9,-21.46668,-47.53918
39.4,-0.1119,59.400,934.9,-21.46811,-47.53914
39.5,-0.1057,59.420,941.4,-21.46856,-47.53824
39.6,-0.0995,59.420,947.9,-21.46915,-47.53747
39.7,-0.0962,59.460,951.5,-21.46947,-47.53645
39.8,-0.0962,59.500,951.9,-21.46979,-47.53543
39.9,-0.0930,59.620,955.9,-21.46956,-47.53391
40.0,-0.0942,59.700,955.2,-21.46960,-47.53264
40.1,-0.0991,59.680,950.0,-21.47034,-47.53199
40.2,-0.1082,59.680,940.4,-21.47095,-47.53122
40.3,-0.1144,59.660,933.9,-21.47169,-47.53057
40.4,-0.1217,59.640,926.2,-21.47243,-47.52993
40.5,-0.1257,59.460,920.9,-21.47427,-47.53029
40.6,-0.1236,59.440,923.0,-21.47502,-47.52965
40.7,-0.1225,59.420,924.0,-21.47576,-47.52901
40.8,-0.1220,59.460,924.8,-21.47609,-47.52800
40.9,-0.1222,59.560,925.2,-21.47602,-47.52660
41.0,-0.1206,59.560,926.8,-21.47663,-47.52584
41.1,-0.1211,59.600,926.5,-21.47697,-47.52483
41.2,-0.1213,59.560,926.1,-21.47786,-47.52432
41.3,-0.1225,59.560,924.8,-21.47848,-47.52357
41.4,-0.1253,59.560,921.9,-21.47909,-47.52281
41.5,-0.1301,59.540,916.9,-21.47985,-47.52218
41.6,-0.1384,59.580,908.5,-21.48019,-47.52117
41.7,-0.1724,59.560,873.0,-21.48095,-47.52055
41.8,-0.1888,59.280,854.6,-21.48345,-47.52160
41.9,-0.1966,59.240,846.3,-21.48434,-47.52111
42.0,-0.2030,59.240,839.7,-21.48496,-47.52036
42.1,-0.2072,59.240,835.3,-21.48559,-47.51961
42.2,-0.2118,59.280,830.8,-21.48594,-47.51861
42.3,-0.2134,59.300,829.3,-21.48643,-47.51774
42.4,-0.2158,46.420,782.2,-21.57288,-47.60087
42.5,-0.2135,46.380,783.9,-21.57364,-47.60055
42.6,-0.2112,46.300,785.6,-21.57466,-47.60049
42.7,-0.2168,46.340,781.2,-21.57489,-47.59965
42.8,-0.2229,46.340,776.2,-21.57538,-47.59908
42.9,-0.2320,46.400,769.0,-21.57548,-47.59811
43.0,-0.2384,45.300,761.5,-21.58323,-47.60478
43.1,-0.2359,45.340,763.5,-21.58346,-47.60396
43.2,-0.2305,45.360,767.9,-21.58381,-47.60327
43.3,-0.2293,45.400,768.9,-21.58404,-47.60244
43.4,-0.2279,45.400,770.0,-21.58452,-47.60188
43.5,-0.2252,104.540,1146.0,-21.19754,-47.20895
43.6,-0.2357,44.340,761.7,-21.59243,-47.60783
43.7,-0.2377,44.280,760.0,-21.59330,-47.60769
43.8,-0.2400,44.220,758.1,-21.59417,-47.60755
43.9,-0.2421,44.240,756.5,-21.59452,-47.60687
44.0,-0.2341,104.500,1129.4,-21.20345,-47.20282
44.1,-0.2220,104.600,1152.5,-21.20394,-47.20088
44.2,-0.2549,41.680,743.0,-21.61253,-47.62251
44.3,-0.2473,104.260,1102.8,-21.20842,-47.20063
44.4,-0.2537,41.680,743.9,-21.61344,-47.62150
44.5,-0.2533,41.540,744.0,-21.61480,-47.62195
44.6,-0.2531,41.580,744.2,-21.61500,-47.62117
44.7,-0.2546,41.620,743.1,-21.61520,-47.62040
44.8,-0.2556,41.620,742.4,-21.61566,-47.61990
44.9,-0.2552,41.620,742.7,-21.61612,-47.61940
45.0,-0.2459,105.180,1114.7,-21.21056,-47.18558
45.1,-0.2576,41.580,740.9,-21.61730,-47.61868
45.2,-0.2587,41.540,740.1,-21.61802,-47.61845
45.3,-0.2573,58.100,779.5,-21.51335,-47.50423
45.4,-0.2580,58.060,778.6,-21.51425,-47.50382
45.5,-0.2508,58.060,786.0,-21.51490,-47.50313
45.6,-0.2461,58.060,790.8,-21.51555,-47.50244
45.7,-0.2458,57.760,790.0,-21.51809,-47.50382
45.8,-0.2454,57.260,788.6,-21.52189,-47.50660
45.9,-0.2476,57.160,786.0,-21.52316,-47.50662
46.0,-0.2499,57.240,784.0,-21.52330,-47.50539
46.1,-0.2583,57.200,775.5,-21.52420,-47.50500
46.2,-0.2587,100.800,1049.2,-21.25210,-47.20103
46.3,-0.2626,100.740,1041.9,-21.25361,-47.20026
46.4,-0.2726,104.220,1056.5,-21.23304,-47.17484
46.5,-0.2660,104.220,1068.4,-21.23422,-47.17363
46.6,-0.2553,104.380,1089.4,-21.23441,-47.17130
46.7,-0.2369,104.700,1126.3,-21.23361,-47.16784
46.8,-0.2385,104.540,1121.8,-21.23579,-47.16775
46.9,-0.2437,104.320,1109.9,-21.23835,-47.16808
47.0,-0.2488,100.600,1064.7,-21.26250,-47.19305
47.1,-0.2357,100.240,1084.3,-21.26587,-47.19442
47.2,-0.2459,103.900,1101.8,-21.24451,-47.16743
47.3,-0.2501,98.100,1039.4,-21.28130,-47.20725
47.4,-0.2255,97.500,1075.9,-21.28611,-47.21037
47.5,-0.2199,97.360,1084.0,-21.28809,-47.21025
47.6,-0.2166,96.920,1085.6,-21.29190,-47.21226
47.7,-0.2227,96.800,1074.1,-21.29375,-47.21201
47.8,-0.2407,96.660,1042.4,-21.29572,-47.21191
47.9,-0.2367,96.400,1046.8,-21.29842,-47.21266
48.0,-0.2451,96.260,1031.3,-21.30039,-47.21257
48.1,-0.2496,52.400,769.1,-21.56629,-47.52632
48.2,-0.2482,95.880,1022.8,-21.30492,-47.21312
48.3,-0.2432,95.860,1031.1,-21.30616,-47.21218
48.4,-0.2600,95.800,1002.5,-21.30765,-47.21153
48.5,-0.2680,95.440,986.0,-21.31093,-47.21305
48.6,-0.2684,95.360,984.7,-21.31253,-47.21256
48.7,-0.2694,95.300,982.5,-21.31401,-47.21192
48.8,-0.2726,95.280,977.1,-21.31525,-47.21100
48.9,-0.2760,95.240,971.0,-21.31661,-47.21023
49.0,-0.2790,51.800,740.8,-21.57539,-47.52540
49.1,-0.2746,51.780,744.8,-21.57612,-47.52497
49.2,-0.2747,51.740,744.6,-21.57697,-47.52469
49.3,-0.2803,51.840,739.8,-21.57699,-47.52338
49.4,-0.2814,52.200,739.6,-21.57549,-47.52017
49.5,-0.2834,52.260,737.9,-21.57577,-47.51915
49.6,-0.2837,89.540,914.5,-21.35795,-47.24466
49.7,-0.2809,89.420,918.0,-21.35972,-47.24456
49.8,-0.2831,58.400,754.2,-21.54184,-47.47213
49.9,-0.2846,58.420,752.8,-21.54242,-47.47134
50.0,-0.2869,58.320,750.1,-21.54371,-47.47144
50.1,-0.2836,58.260,753.3,-21.54475,-47.47125
50.2,-0.2838,58.300,753.2,-21.54522,-47.47032
50.3,-0.2847,59.040,754.6,-21.54166,-47.46419
50.4,-0.2793,59.260,760.9,-21.54110,-47.46192
50.5,-0.2701,93.620,967.5,-21.34413,-47.20555
50.6,-0.2405,93.900,1018.4,-21.34365,-47.20246
50.7,-0.2301,93.860,1035.1,-21.34502,-47.20175
50.8,-0.2600,93.740,985.0,-21.34685,-47.20163
50.9,-0.2705,93.720,967.7,-21.34810,-47.20078
51.0,-0.2590,93.740,986.7,-21.34912,-47.19963
51.1,-0.2602,93.640,983.9,-21.35083,-47.19938
51.2,-0.2734,51.040,744.2,-21.59340,-47.51873
51.3,-0.2730,51.060,744.7,-21.59391,-47.51804
51.4,-0.2723,51.120,745.4,-21.59420,-47.51705
51.5,-0.2741,51.160,743.9,-21.59460,-47.51620
51.6,-0.2673,93.620,972.1,-21.35667,-47.19457
51.7,-0.2575,93.680,988.6,-21.35748,-47.19313
51.8,-0.2479,93.740,1004.8,-21.35830,-47.19169
51.9,-0.2742,39.120,727.1,-21.66421,-47.60568
52.0,-0.2701,39.120,729.9,-21.66469,-47.60527
52.1,-0.2656,39.100,732.9,-21.66529,-47.60501
52.2,-0.2612,39.120,736.0,-21.66566,-47.60445
52.3,-0.2566,39.140,739.1,-21.66603,-47.60389
52.4,-0.2539,39.020,740.9,-21.66718,-47.60441
52.5,-0.2514,39.200,742.7,-21.66668,-47.60262
52.6,-0.2528,39.260,741.8,-21.66684,-47.60176
52.7,-0.2424,39.400,749.1,-21.66656,-47.60028
52.8,-0.2517,37.040,740.7,-21.67993,-47.61806
52.9,-0.2529,37.080,740.0,-21.68018,-47.61737
53.0,-0.2432,39.860,749.1,-21.66554,-47.59551
53.1,-0.2323,40.000,756.9,-21.66528,-47.59402
53.2,-0.2390,40.120,752.3,-21.66513,-47.59269
53.3,-0.2425,40.200,750.0,-21.66521,-47.59166
53.4,-0.2413,40.380,751.1,-21.66474,-47.58985
53.5,-0.2503,40.400,744.7,-21.66515,-47.58929
53.6,-0.2506,39.900,744.0,-21.66833,-47.59278
53.7,-0.2460,39.960,747.3,-21.66852,-47.59191
53.8,-0.2448,39.940,748.1,-21.66913,-47.59166
53.9,-0.2455,40.180,747.9,-21.66836,-47.58939
54.0,-0.2452,39.900,747.8,-21.67036,-47.59118
54.1,-0.2430,40.000,749.4,-21.67033,-47.59000
54.2,-0.2392,39.960,752.0,-21.67105,-47.58991
54.3,-0.2420,39.680,749.7,-21.67304,-47.59172
54.4,-0.2118,41.040,773.1,-21.66639,-47.58063
54.5,-0.2186,41.060,768.3,-21.66681,-47.58006
54.6,-0.2235,39.600,762.4,-21.67498,-47.59118
54.7,-0.2202,39.780,765.0,-21.67454,-47.58937
54.8,-0.2183,39.820,766.4,-21.67485,-47.58866
54.9,-0.2151,39.840,768.6,-21.67525,-47.58811
55.0,-0.2118,39.880,771.0,-21.67556,-47.58741
55.1,-0.2116,39.820,771.0,-21.67638,-47.58750
55.2,-0.2127,39.860,770.3,-21.67669,-47.58679
55.3,-0.2169,39.820,767.3,-21.67741,-47.58673
55.4,-0.2215,39.920,764.3,-21.67741,-47.58554
55.5,-0.2247,39.900,762.0,-21.67803,-47.58532
55.6,-0.2282,39.920,759.6,-21.67844,-47.58478
55.7,-0.2297,39.920,758.6,-21.67896,-47.58440
55.8,-0.2331,40.000,756.3,-21.67907,-47.58337
55.9,-0.2349,39.940,755.0,-21.67989,-47.58347
56.0,-0.2345,41.060,756.9,-21.67476,-47.57411
56.1,-0.2336,39.900,755.9,-21.68113,-47.58304
56.2,-0.2318,39.940,757.1,-21.68145,-47.58234
56.3,-0.2304,39.880,758.0,-21.68227,-47.58245
56.4,-0.2283,41.320,761.8,-21.67560,-47.57046
56.5,-0.2269,41.220,762.6,-21.67664,-47.57088
56.6,-0.2274,39.800,760.0,-21.68424,-47.58197
56.7,-0.2274,39.800,760.0,-21.68476,-47.58160
56.8,-0.2275,39.760,759.9,-21.68548,-47.58155
56.9,-0.2270,39.520,759.9,-21.68719,-47.58313
57.0,-0.2304,39.720,757.8,-21.68672,-47.58114
57.1,-0.2344,39.800,755.1,-21.68685,-47.58012
57.2,-0.2376,39.840,753.0,-21.68718,-47.57943
57.3,-0.2416,39.840,750.2,-21.68771,-47.57907
57.4,-0.2444,39.860,748.2,-21.68814,-47.57854
57.5,-0.2306,51.040,782.4,-21.63437,-47.48695
57.6,-0.2214,51.020,790.5,-21.63514,-47.48665
57.7,-0.2147,51.040,796.5,-21.63572,-47.48602
57.8,-0.2070,51.120,803.6,-21.63601,-47.48491
57.9,-0.1727,51.740,836.7,-21.63371,-47.47937
58.0,-0.1283,51.900,877.7,-21.63363,-47.47759
58.1,-0.1215,52.080,884.7,-21.63346,-47.47564
58.2,-0.1230,52.020,883.0,-21.63444,-47.47567
58.3,-0.1231,52.040,883.0,-21.63504,-47.47504
58.4,-0.1255,52.080,881.0,-21.63555,-47.47425
58.5,-0.1279,52.000,878.5,-21.63662,-47.47444
58.6,-0.1328,52.100,874.5,-21.63685,-47.47316
58.7,-0.1350,52.120,872.6,-21.63745,-47.47253
58.8,-0.1403,52.040,867.4,-21.63852,-47.47273
58.9,-0.1490,52.120,859.8,-21.63885,-47.47161
59.0,-0.1542,52.160,855.3,-21.63936,-47.47083
59.1,-0.1576,52.200,852.4,-21.63988,-47.47004
59.2,-0.1609,52.340,850.0,-21.63993,-47.46842
59.3,-0.1626,52.340,848.5,-21.64064,-47.46797
59.4,-0.1642,52.340,847.0,-21.64135,-47.46751
59.5,-0.1646,52.420,846.9,-21.64169,-47.46639
59.6,-0.1650,52.460,846.8,-21.64221,-47.46561
59.7,-0.1657,52.620,846.8,-21.64219,-47.46382
59.8,-0.1659,52.680,846.8,-21.64263,-47.46287
59.9,-0.1650,52.760,848.0,-21.64298,-47.46175
60.0,-0.1624,52.900,851.0,-21.64307,-47.46013
60.1,-0.1613,52.880,852.0,-21.64388,-47.45985
60.2,-0.1592,53.220,855.4,-21.64307,-47.45655
60.3,-0.1575,53.180,856.8,-21.64397,-47.45644
60.4,-0.1567,53.140,857.4,-21.64487,-47.45633
60.5,-0.1584,53.120,855.8,-21.64569,-47.45605
60.6,-0.1584,52.840,854.5,-21.64766,-47.45796
60.7,-0.1581,52.840,854.8,-21.64838,-47.45752
60.8,-0.1587,52.960,854.7,-21.64857,-47.45607
60.9,-0.1593,52.900,854.0,-21.64956,-47.45614
61.0,-0.1515,59.420,894.0,-21.62167,-47.40055
61.1,-0.1464,59.540,899.9,-21.62196,-47.39905
61.2,-0.1385,59.620,908.6,-21.62243,-47.39788
61.3,-0.1277,58.320,912.2,-21.62890,-47.40842
61.4,-0.1320,58.220,907.3,-21.63014,-47.40880
61.5,-0.1365,59.700,911.1,-21.62454,-47.39575
61.6,-0.1132,59.660,935.1,-21.62554,-47.39560
61.7,-0.1088,59.660,939.7,-21.62636,-47.39512
61.8,-0.0940,59.680,955.3,-21.62710,-47.39447
61.9,-0.0814,59.680,968.4,-21.62793,-47.39399
62.0,-0.0753,59.700,974.9,-21.62867,-47.39334
62.1,-0.0696,59.660,980.5,-21.62967,-47.39321
62.2,-0.0615,59.680,989.1,-21.63041,-47.39256
62.3,-0.0547,59.640,995.9,-21.63141,-47.39243
62.4,-0.0576,59.760,993.8,-21.63173,-47.39093
62.5,-0.0603,59.780,991.1,-21.63248,-47.39029
62.6,-0.0635,59.820,988.0,-21.63314,-47.38948
62.7,-0.0670,59.860,984.7,-21.63381,-47.38867
62.8,-0.0730,59.880,978.5,-21.63456,-47.38803
62.9,-0.0762,59.980,975.9,-21.63499,-47.38670
63.0,-0.0768,60.040,975.7,-21.63558,-47.38572
63.1,-0.0775,60.120,975.5,-21.63609,-47.38457
63.2,-0.0828,60.140,970.0,-21.63685,-47.38393
63.3,-0.0880,60.160,964.7,-21.63761,-47.38330
63.4,-0.0953,60.200,957.3,-21.63829,-47.38250
63.5,-0.0928,60.240,960.2,-21.63898,-47.38169
63.6,-0.0952,60.240,957.7,-21.63982,-47.38123
63.7,-0.0877,60.240,965.6,-21.64067,-47.38078
63.8,-0.0767,60.260,977.3,-21.64144,-47.38015
63.9,-0.0748,60.220,979.0,-21.64244,-47.38005
64.0,-0.0734,60.140,979.9,-21.64361,-47.38029
64.1,-0.0749,60.100,978.1,-21.64462,-47.38019
64.2,-0.0730,60.000,979.4,-21.64586,-47.38062
64.3,-0.0736,59.980,978.6,-21.64679,-47.38035
64.4,-0.0739,59.940,978.1,-21.64779,-47.38025
64.5,-0.0699,59.880,981.7,-21.64888,-47.38034
64.6,-0.0631,59.900,989.1,-21.64965,-47.37972
64.7,-0.0701,59.780,980.9,-21.65096,-47.38034
64.8,-0.0702,59.760,980.6,-21.65189,-47.38008
64.9,-0.0700,59.640,980.0,-21.65320,-47.38070
65.0,-0.0708,59.620,979.0,-21.65412,-47.38044
65.1,-0.0721,59.600,977.6,-21.65505,-47.38019
65.2,-0.0742,59.100,972.0,-21.65780,-47.38415
65.3,-0.0706,59.000,975.0,-21.65902,-47.38461
65.4,-0.0675,58.820,977.0,-21.66054,-47.38577
65.5,-0.0571,58.820,987.6,-21.66138,-47.38536
65.6,-0.0890,59.760,961.0,-21.65870,-47.37666
65.7,-0.1144,54.340,903.1,-21.67978,-47.42404
65.8,-0.0713,54.200,943.1,-21.68108,-47.42489
65.9,-0.0498,54.200,963.4,-21.68185,-47.42452
66.0,-0.0526,54.300,961.5,-21.68226,-47.42326
66.1,-0.0690,54.520,947.2,-21.68223,-47.42093
66.2,-0.1133,54.640,905.7,-21.68258,-47.41950
66.3,-0.1394,55.460,885.0,-21.68037,-47.41185
66.4,-0.1596,55.480,865.6,-21.68110,-47.41130
66.5,-0.1895,55.520,836.8,-21.68175,-47.41057
66.6,-0.1987,55.700,828.6,-21.68190,-47.40859
66.7,-0.1986,52.060,814.5,-21.69576,-47.44057
66.8,-0.1795,52.060,831.9,-21.69651,-47.44022
66.9,-0.1764,52.000,834.5,-21.69748,-47.44041
67.0,-0.1610,51.920,848.0,-21.69851,-47.44077
67.1,-0.1550,51.800,852.9,-21.69969,-47.44150
67.2,-0.2026,55.940,825.9,-21.68588,-47.40421
67.3,-0.2007,56.020,828.0,-21.68641,-47.40313
67.4,-0.2009,56.120,828.2,-21.68687,-47.40187
67.5,-0.2016,56.220,827.9,-21.68734,-47.40061
67.6,-0.2043,56.300,825.6,-21.68788,-47.39953
67.7,-0.2088,56.360,821.4,-21.68849,-47.39863
67.8,-0.2232,56.340,807.2,-21.68938,-47.39844
67.9,-0.2262,56.340,804.2,-21.69020,-47.39808
68.0,-0.2283,18.780,758.9,-21.81840,-47.73507
68.1,-0.2232,64.020,840.5,-21.66582,-47.32841
68.2,-0.2236,58.980,817.3,-21.68375,-47.37328
68.3,-0.2216,64.160,843.0,-21.66721,-47.32634
68.4,-0.2174,44.320,775.8,-21.73444,-47.50449
68.5,-0.2159,44.420,777.2,-21.73476,-47.50331
68.6,-0.2155,44.440,777.6,-21.73534,-47.50286
68.7,-0.2159,18.700,763.1,-21.82059,-47.73496
68.8,-0.2087,44.480,782.9,-21.73651,-47.50194
68.9,-0.1957,44.460,792.9,-21.73723,-47.50185
69.0,-0.2044,44.480,786.2,-21.73781,-47.50140
69.1,-0.1978,44.700,792.0,-21.73775,-47.49914
69.2,-0.1976,44.700,792.1,-21.73841,-47.49887
69.3,-0.1953,18.720,769.8,-21.82217,-47.73410
69.4,-0.1910,18.680,771.3,-21.82257,-47.73435
69.5,-0.1875,18.760,772.3,-21.82259,-47.73351
69.6,-0.1832,18.700,773.8,-21.82306,-47.73395
69.7,-0.1800,18.700,774.8,-21.82333,-47.73384
69.8,-0.1766,18.680,775.9,-21.82367,-47.73391
69.9,-0.1745,18.640,776.7,-21.82407,-47.73416
70.0,-0.1734,18.680,777.0,-21.82422,-47.73369
70.1,-0.1728,18.580,777.2,-21.82481,-47.73450
70.2,-0.1706,18.600,777.9,-21.82502,-47.73421
70.3,-0.1734,18.620,777.0,-21.82523,-47.73392
70.4,-0.1736,18.600,777.0,-21.82557,-47.73399
70.5,-0.1753,18.660,776.4,-21.82566,-47.73334
70.6,-0.1756,18.640,776.3,-21.82600,-47.73342
70.7,-0.1765,18.620,776.0,-21.82634,-47.73349
70.8,-0.1669,18.660,779.1,-21.82649,-47.73302
70.9,-0.1458,18.680,786.0,-21.82671,-47.73274
71.0,-0.1460,18.680,785.9,-21.82699,-47.73263
71.1,-0.1466,18.680,785.7,-21.82727,-47.73253
71.2,-0.1489,18.660,785.0,-21.82760,-47.73261
71.3,-0.1471,18.660,785.6,-21.82788,-47.73251
71.4,-0.1493,18.680,784.8,-21.82810,-47.73222
71.5,-0.1523,18.660,783.9,-21.82844,-47.73231
71.6,-0.1519,18.680,784.0,-21.82866,-47.73202
71.7,-0.1502,18.620,784.6,-21.82910,-47.73247
71.8,-0.1475,18.620,785.4,-21.82938,-47.73238
71.9,-0.1511,18.620,784.3,-21.82966,-47.73228
72.0,-0.1583,18.640,781.9,-21.82988,-47.73199
72.1,-0.1638,18.640,780.1,-21.83016,-47.73190
72.2,-0.1674,18.580,779.0,-21.83061,-47.73235
72.3,-0.1685,18.580,778.6,-21.83088,-47.73226
72.4,-0.1755,18.580,776.4,-21.83116,-47.73216
72.5,-0.1808,17.400,775.5,-21.83465,-47.74298
72.6,-0.1765,17.380,776.8,-21.83496,-47.74308
72.7,-0.1726,17.360,778.0,-21.83528,-47.74317
72.8,-0.1698,17.360,778.8,-21.83554,-47.74309
72.9,-0.1669,17.360,779.7,-21.83580,-47.74300
73.0,-0.1662,17.360,779.9,-21.83606,-47.74291
73.1,-0.1677,17.380,779.4,-21.83627,-47.74264
73.2,-0.1692,17.380,779.0,-21.83653,-47.74256
73.3,-0.1692,17.360,779.0,-21.83684,-47.74266
73.4,-0.1711,17.360,778.4,-21.83710,-47.74257
73.5,-0.1736,17.380,777.7,-21.83731,-47.74230
73.6,-0.1758,17.380,777.0,-21.83757,-47.74222
73.7,-0.1780,17.380,776.3,-21.83784,-47.74214
73.8,-0.1762,15.960,778.0,-21.84168,-47.75528
73.9,-0.1756,15.920,778.2,-21.84202,-47.75557
74.0,-0.1722,15.920,779.2,-21.84226,-47.75550
74.1,-0.1668,15.940,780.6,-21.84245,-47.75524
74.2,-0.1630,15.940,781.7,-21.84269,-47.75517
74.3,-0.1593,15.920,782.7,-21.84298,-47.75528
74.4,-0.1577,15.960,783.2,-21.84313,-47.75483
74.5,-0.1552,15.960,783.9,-21.84337,-47.75476
74.6,-0.1547,15.960,784.0,-21.84361,-47.75469
74.7,-0.1572,15.980,783.3,-21.84380,-47.75443
74.8,-0.1581,16.020,783.0,-21.84395,-47.75398
74.9,-0.1589,16.020,782.8,-21.84419,-47.75391
75.0,-0.1644,16.040,781.2,-21.84439,-47.75365
75.1,-0.1679,16.040,780.3,-21.84463,-47.75358
75.2,-0.1651,19.140,779.6,-21.83772,-47.72444
75.3,-0.1596,19.080,781.4,-21.83815,-47.72492
75.4,-0.1542,19.100,783.2,-21.83839,-47.72465
75.5,-0.1495,19.080,784.8,-21.83873,-47.72476
75.6,-0.1430,19.140,786.9,-21.83888,-47.72412
75.7,-0.1361,19.080,789.2,-21.83931,-47.72460
75.8,-0.1299,19.100,791.3,-21.83955,-47.72433
75.9,-0.1231,19.100,793.6,-21.83984,-47.72425
76.0,-0.1160,19.100,795.9,-21.84013,-47.72417
76.1,-0.1099,19.080,798.0,-21.84047,-47.72428
76.2,-0.1072,19.080,798.9,-21.84076,-47.72421
76.3,-0.1097,19.060,798.0,-21.84109,-47.72432
76.4,-0.1099,19.040,797.9,-21.84143,-47.72443
76.5,-0.1117,19.020,797.3,-21.84176,-47.72454
76.6,-0.1140,19.020,796.6,-21.84205,-47.72447
76.7,-0.1176,19.020,795.4,-21.84234,-47.72439
76.8,-0.1208,19.000,794.3,-21.84267,-47.72451
76.9,-0.1218,19.000,794.0,-21.84297,-47.72443
77.0,-0.1241,19.000,793.2,-21.84326,-47.72436
77.1,-0.1269,19.020,792.3,-21.84351,-47.72410
77.2,-0.1277,18.980,792.0,-21.84388,-47.72440
77.3,-0.1304,19.000,791.1,-21.84413,-47.72414
77.4,-0.1306,18.880,791.0,-21.84466,-47.72521
77.5,-0.1306,18.880,791.0,-21.84495,-47.72514
77.6,-0.1327,18.920,790.3,-21.84516,-47.72469
77.7,-0.1284,17.540,791.4,-21.84811,-47.73770
77.8,-0.1223,17.540,793.3,-21.84838,-47.73764
77.9,-0.1147,17.580,795.6,-21.84857,-47.73719
78.0,-0.1089,17.600,797.4,-21.84881,-47.73694
78.1,-0.1033,17.540,799.1,-21.84919,-47.73745
78.2,-0.0976,17.560,800.8,-21.84942,-47.73720
78.3,-0.0922,17.580,802.5,-21.84965,-47.73695
78.4,-0.0908,17.580,802.9,-21.84993,-47.73689
78.5,-0.0883,17.580,803.7,-21.85020,-47.73683
78.6,-0.0856,17.600,804.6,-21.85043,-47.73658
78.7,-0.0824,17.600,805.5,-21.85070,-47.73652
78.8,-0.0788,17.580,806.6,-21.85101,-47.73665
78.9,-0.0756,17.580,807.6,-21.85128,-47.73659
79.0,-0.0734,17.580,808.3,-21.85155,-47.73654
79.1,-0.0715,17.580,808.9,-21.85182,-47.73648
79.2,-0.0695,17.580,809.5,-21.85209,-47.73642
79.3,-0.0683,17.580,809.8,-21.85236,-47.73637
79.4,-0.0708,17.580,809.1,-21.85264,-47.73631
79.5,-0.0736,17.560,808.2,-21.85294,-47.73645
79.6,-0.0743,17.560,808.0,-21.85321,-47.73639
79.7,-0.0758,17.540,807.5,-21.85352,-47.73653
79.8,-0.0741,17.520,808.0,-21.85382,-47.73667
79.9,-0.0739,17.460,808.0,-21.85419,-47.73719
80.0,-0.0740,17.480,808.0,-21.85442,-47.73694
80.1,-0.0798,17.500,806.2,-21.85466,-47.73670
80.2,-0.0858,17.500,804.4,-21.85493,-47.73665
80.3,-0.0929,17.540,802.3,-21.85514,-47.73622
80.4,-0.0984,17.540,800.6,-21.85542,-47.73617
80.5,-0.1036,17.580,799.0,-21.85563,-47.73574
80.6,-0.1048,17.580,798.6,-21.85590,-47.73569
80.7,-0.1074,17.580,797.9,-21.85617,-47.73564
80.8,-0.1049,17.580,798.6,-21.85645,-47.73559
80.9,-0.1072,17.580,797.9,-21.85672,-47.73554
81.0,-0.1084,17.560,797.5,-21.85702,-47.73569
81.1,-0.1076,17.560,797.8,-21.85729,-47.73564
81.2,-0.1084,17.560,797.5,-21.85756,-47.73559
81.3,-0.1156,17.560,795.3,-21.85784,-47.73555
81.4,-0.1230,17.540,793.1,-21.85814,-47.73570
81.5,-0.1274,17.540,791.7,-21.85841,-47.73565
81.6,-0.1292,17.560,791.2,-21.85866,-47.73541
81.7,-0.1362,17.540,789.0,-21.85896,-47.73556
81.8,-0.1465,17.540,785.8,-21.85923,-47.73552
81.9,-0.1485,17.520,785.2,-21.85953,-47.73567
82.0,-0.1507,17.500,784.6,-21.85982,-47.73582
82.1,-0.1562,17.500,782.9,-21.86010,-47.73578
82.2,-0.1603,3.260,801.3,-21.87785,-47.87262
82.3,-0.1468,20.000,785.8,-21.85760,-47.71166
82.4,-0.1223,20.060,794.3,-21.85784,-47.71104
82.5,-0.1262,20.160,793.1,-21.85803,-47.71003
82.6,-0.1457,3.180,802.3,-21.87815,-47.87336
82.7,-0.1420,3.180,802.5,-21.87820,-47.87336
82.8,-0.1384,3.180,802.7,-21.87825,-47.87335
82.9,-0.1346,3.160,802.9,-21.87832,-47.87353
83.0,-0.1316,3.180,803.1,-21.87835,-47.87334
83.1,-0.1284,3.180,803.2,-21.87840,-47.87333
83.2,-0.1252,3.180,803.4,-21.87845,-47.87332
83.3,-0.1220,3.180,803.6,-21.87850,-47.87332
83.4,-0.1188,3.180,803.8,-21.87855,-47.87331
83.5,-0.1155,3.180,803.9,-21.87860,-47.87330
83.6,-0.1123,3.180,804.1,-21.87865,-47.87330
83.7,-0.1091,3.180,804.3,-21.87870,-47.87329
83.8,-0.1059,3.180,804.5,-21.87875,-47.87329
83.9,-0.1027,3.180,804.7,-21.87880,-47.87328
84.0,-0.0994,3.180,804.8,-21.87885,-47.87327
84.1,-0.0962,3.180,805.0,-21.87890,-47.87327
84.2,-0.0930,3.180,805.2,-21.87895,-47.87326
84.3,-0.0898,3.180,805.4,-21.87899,-47.87326
84.4,-0.0865,3.180,805.6,-21.87904,-47.87325
84.5,-0.0833,3.180,805.7,-21.87909,-47.87325
84.6,-0.0793,3.340,805.8,-21.87901,-47.87170
84.7,-0.0730,3.340,806.2,-21.87906,-47.87169
84.8,-0.0666,3.340,806.6,-21.87911,-47.87169
84.9,-0.0600,3.340,806.9,-21.87916,-47.87168
85.0,-0.0564,3.340,807.1,-21.87922,-47.87168
85.1,-0.0528,3.340,807.4,-21.87927,-47.87167
85.2,-0.0494,3.340,807.6,-21.87932,-47.87167
85.3,-0.0464,3.340,807.7,-21.87937,-47.87166
85.4,-0.0435,3.340,807.9,-21.87943,-47.87166
85.5,-0.0405,3.340,808.1,-21.87948,-47.87165
85.6,-0.0376,3.340,808.2,-21.87953,-47.87165
85.7,-0.0346,3.340,808.4,-21.87958,-47.87164
85.8,-0.0305,3.280,808.7,-21.87968,-47.87222
85.9,-0.0243,3.280,809.0,-21.87973,-47.87222
86.0,-0.0211,3.280,809.2,-21.87978,-47.87221
86.1,-0.0178,3.280,809.4,-21.87983,-47.87221
86.2,-0.0146,3.280,809.6,-21.87988,-47.87220
86.3,-0.0114,3.280,809.8,-21.87993,-47.87220
86.4,-0.0081,3.280,809.9,-21.87998,-47.87220
86.5,-0.0049,3.280,810.1,-21.88004,-47.87219
86.6,-0.0017,3.280,810.3,-21.88009,-47.87219
86.7,0.0016,3.280,810.5,-21.88014,-47.87219
86.8,0.0048,3.280,810.7,-21.88019,-47.87218
86.9,0.0081,3.280,810.9,-21.88024,-47.87218
87.0,0.0105,3.280,811.0,-21.88029,-47.87218
87.1,0.0132,3.300,811.2,-21.88034,-47.87198
87.2,0.0161,3.320,811.4,-21.88038,-47.87178
87.3,0.0194,3.320,811.5,-21.88043,-47.87178
87.4,0.0226,3.320,811.7,-21.88048,-47.87178
87.5,0.0259,3.320,811.9,-21.88053,-47.87178
87.6,0.0291,3.320,812.1,-21.88059,-47.87177
87.7,0.0323,3.320,812.3,-21.88064,-47.87177
87.8,0.0356,3.320,812.5,-21.88069,-47.87177
87.9,0.0388,3.320,812.7,-21.88074,-47.87177
88.0,0.0421,3.320,812.9,-21.88080,-47.87177
88.1,0.0450,3.320,813.0,-21.88085,-47.87176
88.2,0.0477,3.340,813.2,-21.88089,-47.87157
88.3,0.0510,3.340,813.4,-21.88095,-47.87157
88.4,0.0542,3.340,813.6,-21.88100,-47.87156
88.5,0.0575,3.340,813.8,-21.88105,-47.87156
88.6,0.0607,3.340,814.0,-21.88110,-47.87156
88.7,0.0622,3.340,814.1,-21.88116,-47.87156
88.8,0.0654,3.360,814.3,-21.88120,-47.87137
88.9,0.0689,3.360,814.5,-21.88126,-47.87136
89.0,0.0724,3.360,814.7,-21.88131,-47.87136
89.1,0.0760,3.360,814.9,-21.88136,-47.87136
89.2,0.0783,3.380,815.1,-21.88141,-47.87117
89.3,0.0809,3.380,815.2,-21.88147,-47.87117
89.4,0.0835,3.380,815.4,-21.88152,-47.87117
89.5,0.0861,3.380,815.5,-21.88157,-47.87117
89.6,0.0887,3.380,815.7,-21.88163,-47.87116
89.7,0.0909,3.380,815.8,-21.88168,-47.87116
89.8,0.0915,3.380,815.9,-21.88173,-47.87116
89.9,0.0922,3.380,815.9,-21.88179,-47.87116
90.0,0.0928,3.380,815.9,-21.88184,-47.87116
90.1,0.0950,3.260,815.8,-21.88189,-47.87233
90.2,0.0982,3.260,816.0,-21.88194,-47.87233
90.3,0.1007,3.280,816.2,-21.88199,-47.87213
90.4,0.1040,3.280,816.4,-21.88204,-47.87214
90.5,0.1072,3.280,816.5,-21.88210,-47.87214
90.6,0.1105,3.280,816.7,-21.88215,-47.87214
90.7,0.1137,3.280,816.9,-21.88220,-47.87214
90.8,0.1151,3.280,817.0,-21.88225,-47.87214
90.9,0.1181,3.340,817.3,-21.88231,-47.87156
91.0,0.1213,3.340,817.5,-21.88236,-47.87156
91.1,0.1246,3.340,817.7,-21.88242,-47.87156
91.2,0.1278,3.340,817.9,-21.88247,-47.87156
91.3,0.1298,3.340,818.0,-21.88252,-47.87156
91.4,0.1298,3.340,818.0,-21.88257,-47.87156
91.5,0.1298,3.340,818.0,-21.88263,-47.87156
91.6,0.1298,3.340,818.0,-21.88268,-47.87156
91.7,0.1298,3.340,818.0,-21.88273,-47.87157
91.8,0.1325,3.260,817.9,-21.88276,-47.87234
91.9,0.1351,3.280,818.1,-21.88282,-47.87215
92.0,0.1384,3.280,818.3,-21.88287,-47.87215
92.1,0.1416,3.280,818.5,-21.88292,-47.87216
92.2,0.1449,3.280,818.7,-21.88297,-47.87216
92.3,0.1481,3.280,818.9,-21.88302,-47.87216
92.4,0.1501,3.280,819.0,-21.88308,-47.87216
92.5,0.1501,3.280,819.0,-21.88313,-47.87216
92.6,0.1501,3.280,819.0,-21.88318,-47.87217
92.7,0.1501,3.280,819.0,-21.88323,-47.87217
92.8,0.1501,3.280,819.0,-21.88328,-47.87217
92.9,0.1508,3.260,819.0,-21.88332,-47.87237
93.0,0.1533,3.280,819.2,-21.88338,-47.87218
93.1,0.1565,3.280,819.4,-21.88344,-47.87218
93.2,0.1598,3.280,819.6,-21.88349,-47.87218
93.3,0.1630,3.280,819.7,-21.88354,-47.87219
93.4,0.1662,3.280,819.9,-21.88359,-47.87219
93.5,0.1675,3.280,820.0,-21.88364,-47.87219
93.6,0.1675,3.280,820.0,-21.88369,-47.87220
93.7,0.1675,3.280,820.0,-21.88374,-47.87220
93.8,0.1675,3.280,820.0,-21.88380,-47.87220
93.9,0.1675,3.280,820.0,-21.88385,-47.87221
94.0,0.1686,3.260,820.0,-21.88389,-47.87241
94.1,0.1714,3.280,820.2,-21.88395,-47.87222
94.2,0.1746,3.280,820.4,-21.88400,-47.87222
94.3,0.1778,3.280,820.6,-21.88405,-47.87222
94.4,0.1808,3.280,820.8,-21.88410,-47.87223
94.5,0.1838,3.280,820.9,-21.88416,-47.87223
94.6,0.1843,3.280,821.0,-21.88421,-47.87224
94.7,0.1842,3.280,821.0,-21.88426,-47.87224
94.8,0.1843,3.280,821.0,-21.88431,-47.87225
94.9,0.1845,3.280,821.0,-21.88436,-47.87225
95.0,0.1848,3.280,821.0,-21.88441,-47.87225
95.1,0.1863,3.260,821.0,-21.88445,-47.87245
95.2,0.1888,3.280,821.2,-21.88452,-47.87226
95.3,0.1914,3.280,821.4,-21.88457,-47.87227
95.4,0.1939,3.280,821.5,-21.88462,-47.87227
95.5,0.1962,3.340,821.9,-21.88472,-47.87170
95.6,0.1984,3.280,821.8,-21.88472,-47.87229
95.7,0.1981,3.280,821.8,-21.88477,-47.87229
95.8,0.1978,3.280,821.7,-21.88482,-47.87230
95.9,0.1974,3.280,821.7,-21.88487,-47.87230
96.0,0.1971,3.280,821.7,-21.88493,-47.87231
96.1,0.1967,3.280,821.7,-21.88498,-47.87231
96.2,0.1970,3.280,821.7,-21.88503,-47.87232
96.3,0.1978,3.280,821.7,-21.88508,-47.87233
96.4,0.1988,3.280,821.8,-21.88513,-47.87233
96.5,0.2000,3.280,821.9,-21.88518,-47.87234
96.6,0.2012,3.280,821.9,-21.88523,-47.87234
96.7,0.2025,3.280,822.0,-21.88528,-47.87235
96.8,0.2025,3.280,822.0,-21.88534,-47.87236
96.9,0.2025,3.280,822.0,-21.88539,-47.87236
97.0,0.2025,3.280,822.0,-21.88544,-47.87237
97.1,0.2025,3.280,822.0,-21.88549,-47.87238
97.2,0.2025,3.280,822.0,-21.88554,-47.87238
97.3,0.2025,3.280,822.0,-21.88559,-47.87239
97.4,0.2025,3.280,822.0,-21.88564,-47.87240
97.5,0.2025,3.280,822.0,-21.88569,-47.87241
97.6,0.2025,3.280,822.0,-21.88575,-47.87241
97.7,0.2025,3.280,822.0,-21.88580,-47.87242
97.8,0.2036,3.260,822.0,-21.88582,-47.87262
97.9,0.2039,3.260,822.0,-21.88587,-47.87263
98.0,0.2039,3.260,822.0,-21.88592,-47.87264
98.1,0.2039,3.260,822.0,-21.88598,-47.87264
98.2,0.2039,3.260,822.0,-21.88603,-47.87265
98.3,0.2039,3.260,822.0,-21.88608,-47.87266
98.4,0.2039,3.260,822.0,-21.88613,-47.87267
98.5,0.2039,3.260,822.0,-21.88618,-47.87267
98.6,0.2039,3.260,822.0,-21.88623,-47.87268
98.7,0.2039,3.260,822.0,-21.88628,-47.87269
98.8,0.2039,3.260,822.0,-21.88633,-47.87270
98.9,0.2039,3.260,822.0,-21.88638,-47.87271
99.0,0.2012,3.260,821.8,-21.88643,-47.87272
99.1,0.1980,3.260,821.7,-21.88648,-47.87273
99.2,0.1948,3.260,821.5,-21.88653,-47.87273
99.3,0.1916,3.260,821.3,-21.88658,-47.87274
99.4,0.1903,3.200,821.0,-21.88655,-47.87333
99.5,0.1902,3.200,821.0,-21.88659,-47.87334
99.6,0.1902,3.200,821.0,-21.88664,-47.87334
99.7,0.1915,3.180,821.0,-21.88666,-47.87354
99.8,0.1897,3.200,821.0,-21.88674,-47.87336
99.9,0.1891,3.200,820.9,-21.88679,-47.87337
100.0,0.1889,3.220,821.0,-21.88687,-47.87319
100.1,0.1889,3.220,821.0,-21.88692,-47.87320
100.2,0.1879,3.220,820.9,-21.88697,-47.87321
100.3,0.1876,3.240,821.0,-21.88706,-47.87303
100.4,0.1876,3.240,821.0,-21.88711,-47.87304
100.5,0.1876,3.240,821.0,-21.88716,-47.87305
100.6,0.1875,3.240,821.0,-21.88721,-47.87306
100.7,0.1848,3.240,820.8,-21.88726,-47.87307
100.8,0.1813,3.240,820.6,-21.88731,-47.87308
100.9,0.1780,3.240,820.5,-21.88736,-47.87309
101.0,0.1750,3.240,820.3,-21.88741,-47.87310
101.1,0.1722,3.240,820.1,-21.88746,-47.87311
101.2,0.1713,3.220,820.0,-21.88747,-47.87331
101.3,0.1711,3.220,820.0,-21.88752,-47.87332
101.4,0.1711,3.220,820.0,-21.88757,-47.87333
101.5,0.1705,3.220,820.0,-21.88762,-47.87334
101.6,0.1699,3.240,820.0,-21.88771,-47.87316
101.7,0.1699,3.240,820.0,-21.88776,-47.87317
101.8,0.1684,3.220,819.8,-21.88777,-47.87338
101.9,0.1631,3.220,819.5,-21.88782,-47.87339
102.0,0.1583,3.260,819.4,-21.88794,-47.87302
102.1,0.1551,3.260,819.2,-21.88799,-47.87303
102.2,0.1520,3.260,819.0,-21.88804,-47.87304
102.3,0.1488,3.260,818.9,-21.88809,-47.87305
102.4,0.1452,3.260,818.7,-21.88814,-47.87307
102.5,0.1418,3.260,818.5,-21.88819,-47.87308
102.6,0.1386,3.260,818.3,-21.88824,-47.87309
102.7,0.1357,3.260,818.1,-21.88829,-47.87310
102.8,0.1348,3.240,818.0,-21.88830,-47.87330
102.9,0.1333,3.240,817.9,-21.88835,-47.87331
103.0,0.1302,3.240,817.8,-21.88840,-47.87333
103.1,0.1266,3.240,817.6,-21.88845,-47.87334
103.2,0.1227,3.240,817.3,-21.88850,-47.87335
103.3,0.1187,3.240,817.1,-21.88855,-47.87336
103.4,0.1148,3.240,816.9,-21.88860,-47.87338
103.5,0.1088,3.240,816.5,-21.88865,-47.87339
103.6,0.1043,3.280,816.4,-21.88878,-47.87303
103.7,0.1011,3.280,816.2,-21.88883,-47.87304
103.8,0.0980,3.280,816.0,-21.88888,-47.87305
103.9,0.0915,3.280,815.6,-21.88893,-47.87306
104.0,0.0849,3.320,815.3,-21.88907,-47.87270
104.1,0.0817,3.320,815.2,-21.88912,-47.87272
104.2,0.0786,3.320,815.0,-21.88917,-47.87273
104.3,0.0754,3.320,814.8,-21.88922,-47.87274
104.4,0.0723,3.320,814.6,-21.88927,-47.87276
104.5,0.0708,3.000,814.0,-21.88860,-47.87578
104.6,0.0690,3.060,814.0,-21.88879,-47.87523
104.7,0.0690,3.060,814.0,-21.88883,-47.87524
104.8,0.0690,3.060,814.0,-21.88888,-47.87525
104.9,0.0643,3.060,813.7,-21.88892,-47.87527
105.0,0.0578,3.060,813.4,-21.88897,-47.87528
105.1,0.0522,3.080,813.1,-21.88906,-47.87511
105.2,0.0498,3.100,813.0,-21.88916,-47.87493
105.3,0.0447,3.100,812.7,-21.88921,-47.87495
105.4,0.0388,3.100,812.4,-21.88925,-47.87496
105.5,0.0342,3.120,812.2,-21.88935,-47.87479
105.6,0.0303,3.140,812.0,-21.88944,-47.87461
105.7,0.0246,3.120,811.7,-21.88944,-47.87482
105.8,0.0189,19.260,841.4,-21.92897,-47.72406
105.9,0.0701,19.240,858.5,-21.92921,-47.72434
106.0,0.1423,19.220,882.7,-21.92945,-47.72462
106.1,0.1981,19.220,901.4,-21.92974,-47.72471
106.2,0.2367,19.220,914.3,-21.93003,-47.72480
106.3,0.2552,19.220,920.6,-21.93032,-47.72489
106.4,0.2659,19.200,924.0,-21.93056,-47.72516
106.5,0.2657,19.180,923.8,-21.93080,-47.72544
106.6,0.2742,19.180,926.6,-21.93109,-47.72553
106.7,0.2800,19.160,928.4,-21.93133,-47.72581
106.8,0.2848,19.140,929.9,-21.93156,-47.72609
106.9,0.2913,19.140,932.1,-21.93185,-47.72619
107.0,0.2958,19.160,933.7,-21.93219,-47.72609
107.1,0.3013,19.140,935.4,-21.93243,-47.72637
107.2,0.2987,19.140,934.5,-21.93271,-47.72647
107.3,0.2997,19.160,935.0,-21.93305,-47.72638
107.4,0.2898,19.200,932.0,-21.93345,-47.72611
107.5,0.2879,19.240,931.7,-21.93384,-47.72583
107.6,0.2764,19.240,927.8,-21.93413,-47.72593
107.7,0.2683,19.280,925.4,-21.93453,-47.72566
107.8,0.2753,19.300,927.9,-21.93487,-47.72557
107.9,0.2683,19.340,925.8,-21.93527,-47.72530
108.0,0.2599,19.360,923.1,-21.93562,-47.72522
108.1,0.2601,19.360,923.2,-21.93591,-47.72532
108.2,0.2536,19.380,921.1,-21.93625,-47.72524
108.3,0.2501,19.420,920.3,-21.93666,-47.72497
108.4,0.2533,19.460,921.6,-21.93706,-47.72471
108.5,0.2508,19.460,920.7,-21.93735,-47.72481
108.6,0.2501,19.480,920.7,-21.93770,-47.72473
108.7,0.2519,19.500,921.4,-21.93804,-47.72465
108.8,0.2428,19.480,918.2,-21.93828,-47.72494
108.9,0.2491,19.540,920.8,-21.93874,-47.72450
109.0,0.2383,19.540,917.1,-21.93903,-47.72460
109.1,0.2242,19.520,912.1,-21.93926,-47.72490
109.2,0.2238,19.520,912.0,-21.93955,-47.72500
109.3,0.2224,19.520,911.5,-21.93984,-47.72511
109.4,0.2225,19.500,911.4,-21.94007,-47.72540
109.5,0.2221,19.500,911.3,-21.94036,-47.72551
109.6,0.2245,19.500,912.1,-21.94065,-47.72562
109.7,0.2256,19.500,912.5,-21.94094,-47.72573
109.8,0.2269,19.500,912.9,-21.94123,-47.72585
109.9,0.2245,19.500,912.1,-21.94152,-47.72596
110.0,0.2229,19.520,911.7,-21.94187,-47.72589
110.1,0.2178,19.480,909.7,-21.94203,-47.72637
110.2,0.2128,19.480,908.0,-21.94232,-47.72648
110.3,0.2094,19.620,907.7,-21.94304,-47.72532
110.4,0.2105,19.700,908.6,-21.94358,-47.72470
110.5,0.2069,19.700,907.4,-21.94387,-47.72482
110.6,0.2006,19.760,905.5,-21.94435,-47.72439
110.7,0.1965,19.800,904.4,-21.94477,-47.72415
110.8,0.1915,19.840,902.9,-21.94519,-47.72390
110.9,0.1909,19.880,903.0,-21.94561,-47.72366
111.0,0.1923,19.900,903.5,-21.94596,-47.72360
111.1,0.1948,19.940,904.7,-21.94638,-47.72336
111.2,0.1915,20.000,903.9,-21.94687,-47.72293
111.3,0.1898,20.040,903.5,-21.94729,-47.72269
111.4,0.1871,20.080,902.8,-21.94772,-47.72246
111.5,0.1822,20.120,901.3,-21.94814,-47.72222
111.6,0.1792,20.160,900.5,-21.94857,-47.72198
111.7,0.1748,20.040,898.3,-21.94847,-47.72319
111.8,0.1710,20.040,897.0,-21.94876,-47.72332
111.9,0.1674,20.360,897.5,-21.95012,-47.72056
112.0,0.1620,20.060,893.9,-21.94941,-47.72339
112.1,0.1580,20.080,892.6,-21.94977,-47.72334
112.2,0.1539,20.160,891.6,-21.95034,-47.72274
112.3,0.1521,20.720,894.0,-21.95254,-47.71784
112.4,0.1571,20.780,896.2,-21.95304,-47.71743
112.5,0.1542,20.880,895.7,-21.95369,-47.71667
112.6,0.1510,20.920,894.7,-21.95413,-47.71645
112.7,0.1521,21.000,895.6,-21.95471,-47.71587
112.8,0.1495,21.020,894.8,-21.95509,-47.71582
112.9,0.1431,20.920,891.9,-21.95504,-47.71686
113.0,0.1413,20.840,890.8,-21.95506,-47.71771
113.1,0.1386,20.880,890.0,-21.95551,-47.71749
113.2,0.1364,20.920,889.4,-21.95595,-47.71727
113.3,0.1331,20.880,888.0,-21.95611,-47.71777
113.4,0.1295,20.940,887.0,-21.95662,-47.71737
113.5,0.1272,20.880,885.8,-21.95671,-47.71805
113.6,0.1224,20.940,884.4,-21.95723,-47.71766
113.7,0.1190,20.920,883.0,-21.95746,-47.71798
113.8,0.1157,20.920,881.8,-21.95776,-47.71812
113.9,0.1093,20.940,879.6,-21.95813,-47.71808
114.0,0.1057,20.960,878.4,-21.95851,-47.71805
114.1,0.1017,20.980,877.0,-21.95888,-47.71802
114.2,0.0965,21.020,875.3,-21.95933,-47.71781
114.3,0.0929,21.040,874.1,-21.95970,-47.71778
114.4,0.0898,21.060,873.0,-21.96008,-47.71775
114.5,0.0895,21.080,873.0,-21.96046,-47.71772
114.6,0.0934,21.140,874.7,-21.96098,-47.71733
114.7,0.0980,21.120,876.3,-21.96121,-47.71766
114.8,0.1025,21.100,877.9,-21.96144,-47.71799
114.9,0.1008,21.100,877.2,-21.96174,-47.71814
115.0,0.1029,21.080,877.9,-21.96196,-47.71846
115.1,0.1181,30.500,936.2,-21.99813,-47.63572
115.2,0.1475,30.520,951.9,-21.99864,-47.63576
115.3,0.1580,30.540,957.7,-21.99915,-47.63581
115.4,0.1628,30.560,960.4,-21.99966,-47.63585
115.5,0.1740,30.560,966.3,-22.00010,-47.63607
115.6,0.1854,30.580,972.6,-22.00061,-47.63612
115.7,0.1951,30.560,977.6,-22.00097,-47.63652
115.8,0.2085,30.560,984.7,-22.00140,-47.63674
115.9,0.2158,30.500,988.2,-22.00160,-47.63749
116.0,0.2171,30.500,988.9,-22.00203,-47.63772
116.1,0.2139,30.560,987.6,-22.00270,-47.63742
116.2,0.2142,30.560,987.8,-22.00313,-47.63765
116.3,0.2136,30.580,987.6,-22.00364,-47.63770
116.4,0.2109,30.620,986.5,-22.00423,-47.63758
116.5,0.2116,14.560,877.9,-21.94030,-47.77746
116.6,0.2086,14.580,877.3,-21.94058,-47.77740
116.7,0.2086,14.520,877.0,-21.94054,-47.77803
116.8,0.2076,14.560,876.9,-21.94091,-47.77780
116.9,0.2148,30.700,989.2,-22.00671,-47.63805
117.0,0.2257,30.860,996.4,-22.00779,-47.63690
117.1,0.2299,30.880,998.8,-22.00830,-47.63696
117.2,0.2313,30.900,999.7,-22.00882,-47.63703
117.3,0.2374,30.740,1001.7,-22.00859,-47.63865
117.4,0.2451,30.760,1006.0,-22.00910,-47.63871
117.5,0.2477,30.760,1007.4,-22.00953,-47.63895
117.6,0.2493,30.800,1008.6,-22.01013,-47.63885
117.7,0.2445,30.800,1006.0,-22.01056,-47.63909
117.8,0.2402,30.840,1004.0,-22.01115,-47.63899
117.9,0.2244,30.880,995.8,-22.01175,-47.63889
118.0,0.2125,13.620,872.9,-21.93938,-47.78722
118.1,0.2530,13.600,882.4,-21.93948,-47.78750
118.2,0.2571,13.620,883.5,-21.93976,-47.78743
118.3,0.2428,13.600,880.0,-21.93986,-47.78771
118.4,0.2363,13.620,878.5,-21.94014,-47.78765
118.5,0.2420,13.620,879.9,-21.94032,-47.78776
118.6,0.2398,13.620,879.4,-21.94051,-47.78787
118.7,0.2349,14.240,881.9,-21.94338,-47.78270
118.8,0.2399,14.280,883.4,-21.94375,-47.78248
118.9,0.2741,13.380,885.9,-21.94003,-47.79025
119.0,0.2737,13.360,885.7,-21.94013,-47.79053
119.1,0.2664,13.400,884.3,-21.94049,-47.79030
119.2,0.2603,14.240,888.2,-21.94436,-47.78328
119.3,0.2639,14.220,889.0,-21.94446,-47.78357
119.4,0.2658,14.300,890.0,-21.94501,-47.78301
119.5,0.2686,14.200,890.0,-21.94476,-47.78398
119.6,0.2710,14.200,890.6,-21.94496,-47.78410
119.7,0.2743,14.080,890.6,-21.94462,-47.78523
119.8,0.2858,14.100,893.6,-21.94490,-47.78518
119.9,0.2961,14.080,896.0,-21.94500,-47.78546
120.0,0.2996,14.140,897.3,-21.94546,-47.78508
120.1,0.3070,14.120,899.0,-21.94557,-47.78537
120.2,0.3077,14.080,898.8,-21.94558,-47.78582
120.3,0.3055,14.140,898.7,-21.94604,-47.78544
120.4,0.3029,14.140,898.1,-21.94623,-47.78556
120.5,0.3014,14.300,898.9,-21.94715,-47.78434
120.6,0.3075,14.280,900.3,-21.94726,-47.78463
120.7,0.3010,14.120,897.5,-21.94672,-47.78609
120.8,0.2980,14.240,897.6,-21.94746,-47.78521
120.9,0.2974,14.140,896.7,-21.94719,-47.78617
121.0,0.2961,14.020,895.6,-21.94682,-47.78729
121.1,0.2972,14.020,895.8,-21.94701,-47.78741
121.2,0.2972,14.020,895.8,-21.94720,-47.78754
121.3,0.2878,13.980,893.3,-21.94720,-47.78799
121.4,0.2683,13.980,888.5,-21.94739,-47.78811
121.5,0.2545,13.940,884.9,-21.94739,-47.78857
121.6,0.2478,13.920,883.1,-21.94748,-47.78886
121.7,0.2354,21.260,928.0,-21.98235,-47.72831
121.8,0.2352,21.280,928.0,-21.98273,-47.72833
121.9,0.2364,21.340,928.9,-21.98330,-47.72803
122.0,0.2370,21.360,929.2,-21.98368,-47.72805
122.1,0.2384,21.380,929.9,-21.98406,-47.72808
122.2,0.2443,21.680,934.3,-21.98578,-47.72581
122.3,0.2384,21.720,932.3,-21.98626,-47.72567
122.4,0.2411,21.760,933.6,-21.98674,-47.72554
122.5,0.2499,21.780,937.1,-21.98713,-47.72558
122.6,0.2516,21.840,938.2,-21.98770,-47.72528
122.7,0.2509,21.860,938.1,-21.98809,-47.72532
122.8,0.2551,21.920,940.1,-21.98867,-47.72503
122.9,0.2585,22.240,943.8,-21.99052,-47.72262
123.0,0.2678,21.980,945.4,-21.98955,-47.72494
123.1,0.2697,22.040,946.6,-21.99013,-47.72466
123.2,0.2702,22.060,947.0,-21.99052,-47.72470
123.3,0.2795,22.200,951.7,-21.99150,-47.72377
123.4,0.2956,22.180,957.7,-21.99169,-47.72413
123.5,0.2955,22.180,957.7,-21.99198,-47.72434
123.6,0.2912,22.200,956.2,-21.99237,-47.72439
123.7,0.2972,22.220,958.7,-21.99276,-47.72443
123.8,0.2954,22.220,958.0,-21.99305,-47.72464
123.9,0.2889,22.220,955.5,-21.99334,-47.72485
124.0,0.2861,22.220,954.4,-21.99363,-47.72506
124.1,0.2808,22.240,952.5,-21.99402,-47.72511
124.2,0.2805,22.240,952.4,-21.99431,-47.72532
124.3,0.2793,22.240,951.9,-21.99460,-47.72553
124.4,0.2779,22.240,951.4,-21.99489,-47.72575
124.5,0.2744,22.240,950.0,-21.99518,-47.72596
124.6,0.2776,22.220,951.1,-21.99537,-47.72633
124.7,0.2739,22.240,949.8,-21.99576,-47.72639
124.8,0.2678,22.220,947.3,-21.99594,-47.72676
124.9,0.2658,22.160,946.1,-21.99592,-47.72745
125.0,0.2699,22.140,947.5,-21.99610,-47.72783
125.1,0.2755,22.180,950.0,-21.99659,-47.72773
125.2,0.2777,22.140,950.5,-21.99667,-47.72826
125.3,0.2844,22.160,953.3,-21.99706,-47.72832
125.4,0.2852,22.120,953.2,-21.99714,-47.72885
125.5,0.2902,22.120,955.2,-21.99742,-47.72907
125.6,0.2937,22.100,956.4,-21.99760,-47.72944
125.7,0.2961,22.100,957.3,-21.99788,-47.72966
125.8,0.2979,22.100,958.0,-21.99816,-47.72988
125.9,0.2967,22.100,957.5,-21.99844,-47.73010
126.0,0.3005,22.120,959.2,-21.99883,-47.73016
126.1,0.3025,22.120,959.9,-21.99911,-47.73038
126.2,0.3038,22.140,960.6,-21.99950,-47.73045
126.3,0.3053,22.160,961.3,-21.99989,-47.73051
126.4,0.3074,22.160,962.2,-22.00017,-47.73073
126.5,0.3153,22.180,965.4,-22.00056,-47.73080
126.6,0.3109,22.180,963.7,-22.00084,-47.73102
126.7,0.3111,22.300,964.8,-22.00176,-47.73031
126.8,0.3167,22.300,966.9,-22.00204,-47.73054
126.9,0.3262,22.300,970.7,-22.00232,-47.73076
127.0,0.3337,22.320,973.8,-22.00271,-47.73084
127.1,0.3378,22.380,975.9,-22.00332,-47.73060
127.2,0.3351,22.360,974.6,-22.00349,-47.73098
127.3,0.3352,22.480,975.7,-22.00442,-47.73028
127.4,0.3336,22.540,975.7,-22.00503,-47.73005
127.5,0.3351,22.760,978.2,-22.00652,-47.72859
127.6,0.3360,22.780,978.8,-22.00691,-47.72867
127.7,0.3103,22.800,968.7,-22.00730,-47.72875
127.8,0.3038,22.700,965.3,-22.00704,-47.72975
127.9,0.3030,22.800,965.8,-22.00787,-47.72922
128.0,0.3019,22.840,965.7,-22.00837,-47.72915
128.1,0.2956,22.820,963.0,-22.00855,-47.72954
128.2,0.2954,22.920,963.8,-22.00939,-47.72902
128.3,0.2930,22.920,962.8,-22.00967,-47.72926
128.4,0.2957,24.200,974.6,-22.01710,-47.71975
128.5,0.3004,24.200,976.6,-22.01740,-47.72000
128.6,0.3029,24.200,977.7,-22.01770,-47.72026
128.7,0.3066,24.160,978.9,-22.01777,-47.72082
128.8,0.3068,24.160,979.0,-22.01806,-47.72107
128.9,0.3055,24.120,978.1,-22.01814,-47.72163
129.0,0.3032,24.180,977.6,-22.01877,-47.72143
129.1,0.2977,24.160,975.1,-22.01895,-47.72184
129.2,0.2965,23.440,968.6,-22.01515,-47.72753
129.3,0.3014,23.440,970.6,-22.01544,-47.72778
129.4,0.3061,23.480,972.8,-22.01595,-47.72773
129.5,0.3015,23.480,971.0,-22.01624,-47.72798
129.6,0.2987,23.440,969.5,-22.01629,-47.72853
129.7,0.2995,23.460,969.9,-22.01669,-47.72864
129.8,0.3047,23.460,972.1,-22.01698,-47.72889
129.9,0.3069,23.460,973.0,-22.01726,-47.72915
130.0,0.3035,23.480,971.8,-22.01766,-47.72925
130.1,0.3029,23.500,971.7,-22.01806,-47.72936
130.2,0.3054,23.520,972.9,-22.01846,-47.72947
130.3,0.3077,23.520,973.8,-22.01874,-47.72972
130.4,0.3196,23.520,978.7,-22.01902,-47.72998
130.5,0.3229,23.500,979.9,-22.01919,-47.73039
130.6,0.3220,23.480,979.3,-22.01935,-47.73079
130.7,0.3182,23.480,977.8,-22.01963,-47.73105
130.8,0.3151,23.500,976.7,-22.02003,-47.73117
130.9,0.3110,23.460,974.7,-22.02007,-47.73172
131.0,0.3054,23.460,972.4,-22.02035,-47.73198
131.1,0.3005,23.460,970.3,-22.02063,-47.73224
131.2,0.2934,23.540,968.1,-22.02138,-47.73192
131.3,0.2904,22.580,959.0,-22.01596,-47.73919
131.4,0.2883,22.560,958.0,-22.01611,-47.73959
131.5,0.2892,22.620,958.8,-22.01673,-47.73941
131.6,0.2907,22.600,959.3,-22.01688,-47.73981
131.7,0.2883,22.580,958.2,-22.01702,-47.74021
131.8,0.2926,22.460,958.9,-22.01657,-47.74133
131.9,0.2974,22.480,960.9,-22.01695,-47.74144
132.0,0.2901,22.460,957.9,-22.01710,-47.74184
132.1,0.2895,22.620,959.0,-22.01832,-47.74094
132.2,0.2895,22.620,959.0,-22.01859,-47.74120
132.3,0.2895,22.620,959.0,-22.01885,-47.74145
132.4,0.2880,22.600,958.2,-22.01899,-47.74185
132.5,0.2867,22.600,957.7,-22.01925,-47.74211
132.6,0.2865,33.880,1057.6,-22.08817,-47.66160
132.7,0.2853,20.980,944.2,-22.00990,-47.75421
132.8,0.2914,20.960,946.3,-22.01002,-47.75459
132.9,0.2843,20.960,943.7,-22.01026,-47.75483
133.0,0.2779,33.940,1053.1,-22.09010,-47.66273
133.1,0.2857,33.940,1057.7,-22.09049,-47.66313
133.2,0.2863,33.940,1058.1,-22.09088,-47.66352
133.3,0.2901,33.860,1059.5,-22.09078,-47.66448
133.4,0.2975,33.640,1061.8,-22.08981,-47.66643
133.5,0.2949,33.860,1062.4,-22.09155,-47.66527
133.6,0.2892,33.820,1058.6,-22.09169,-47.66594
133.7,0.2796,21.060,942.8,-22.01280,-47.75608
133.8,0.2766,20.980,941.1,-22.01254,-47.75688
133.9,0.2738,21.040,940.5,-22.01315,-47.75671
134.0,0.2695,21.000,938.6,-22.01314,-47.75724
134.1,0.2639,21.000,936.6,-22.01338,-47.75748
134.2,0.2572,20.900,933.4,-22.01299,-47.75843
134.3,0.2656,20.820,935.8,-22.01272,-47.75923
134.4,0.2714,20.800,937.8,-22.01283,-47.75962
134.5,0.2762,20.800,939.5,-22.01306,-47.75986
134.6,0.2808,20.800,941.2,-22.01330,-47.76011
134.7,0.2839,20.780,942.2,-22.01340,-47.76050
134.8,0.2867,20.720,942.7,-22.01325,-47.76116
134.9,0.2898,20.740,944.0,-22.01361,-47.76127
135.0,0.2921,20.740,944.8,-22.01384,-47.76152
135.1,0.2937,20.800,945.9,-22.01446,-47.76135
135.2,0.2947,20.760,945.9,-22.01443,-47.76188
135.3,0.2945,20.760,945.9,-22.01466,-47.76213
135.4,0.2926,20.760,945.2,-22.01489,-47.76238
135.5,0.2917,20.780,945.0,-22.01525,-47.76249
135.6,0.2890,20.780,944.0,-22.01548,-47.76274
135.7,0.2865,20.780,943.1,-22.01570,-47.76299
135.8,0.2877,19.500,933.6,-22.00768,-47.77192
135.9,0.2899,19.560,934.8,-22.00828,-47.77175
136.0,0.2920,19.580,935.7,-22.00862,-47.77186
136.1,0.2942,2.140,821.0,-21.89573,-47.88956
136.2,0.3021,2.140,821.3,-21.89575,-47.88959
136.3,0.3113,2.140,821.6,-21.89577,-47.88962
136.4,0.3217,2.140,822.0,-21.89580,-47.88964
136.5,0.3333,2.140,822.4,-21.89582,-47.88967
136.6,0.3411,2.140,822.7,-21.89584,-47.88969
136.7,0.3418,2.140,822.8,-21.89587,-47.88972
136.8,0.3358,2.140,822.5,-21.89589,-47.88975
136.9,0.3318,2.140,822.4,-21.89591,-47.88977
137.0,0.3303,2.140,822.3,-21.89593,-47.88980
137.1,0.3313,2.140,822.4,-21.89596,-47.88983
137.2,0.3349,2.140,822.5,-21.89598,-47.88985
137.3,0.3410,2.140,822.7,-21.89600,-47.88988
137.4,0.3496,2.140,823.0,-21.89603,-47.88991
137.5,0.3607,2.140,823.5,-21.89605,-47.88993
137.6,0.3744,2.140,824.0,-21.89607,-47.88996
137.7,0.3906,2.140,824.6,-21.89609,-47.88999
137.8,0.3954,2.140,824.8,-21.89612,-47.89001
137.9,0.3803,2.140,824.2,-21.89614,-47.89004
138.0,0.3674,2.140,823.7,-21.89616,-47.89007
138.1,0.3565,2.140,823.3,-21.89618,-47.89009
138.2,0.3478,2.140,823.0,-21.89621,-47.89012
138.3,0.3411,2.140,822.7,-21.89623,-47.89015
138.4,0.3365,2.140,822.6,-21.89625,-47.89017
138.5,0.3341,2.140,822.5,-21.89627,-47.89020
138.6,0.3337,2.140,822.4,-21.89630,-47.89023
138.7,0.3354,2.140,822.5,-21.89632,-47.89026
138.8,0.3351,2.140,822.5,-21.89634,-47.89028
138.9,0.3292,8.540,863.7,-21.93978,-47.84946
139.0,0.3260,8.540,863.2,-21.93987,-47.84957
139.1,0.3244,8.540,863.0,-21.93996,-47.84968
139.2,0.3211,8.900,865.0,-21.94250,-47.84751
139.3,0.3164,8.880,864.1,-21.94246,-47.84775
139.4,0.3116,8.900,863.5,-21.94268,-47.84773
139.5,0.3106,2.160,821.7,-21.89663,-47.89035
139.6,0.3185,2.160,822.0,-21.89665,-47.89038
139.7,0.3251,2.160,822.2,-21.89668,-47.89041
139.8,0.3247,2.160,822.2,-21.89670,-47.89043
139.9,0.3243,2.160,822.2,-21.89672,-47.89046
140.0,0.3240,2.160,822.2,-21.89674,-47.89049
140.1,0.3237,2.160,822.2,-21.89676,-47.89052
140.2,0.3234,2.160,822.2,-21.89678,-47.89055
140.3,0.3139,2.160,821.8,-21.89681,-47.89057
140.4,0.3036,9.000,862.9,-21.94428,-47.84827
140.5,0.3027,9.000,862.8,-21.94437,-47.84839
140.6,0.3029,9.020,862.9,-21.94460,-47.84838
140.7,0.3036,8.980,862.8,-21.94441,-47.84874
140.8,0.3103,8.980,863.8,-21.94450,-47.84886
140.9,0.3099,9.000,863.9,-21.94473,-47.84886
141.0,0.3089,9.020,863.9,-21.94496,-47.84885
141.1,0.3044,9.040,863.3,-21.94519,-47.84885
141.2,0.2933,9.040,861.5,-21.94527,-47.84897
141.3,0.2870,27.540,999.5,-22.07530,-47.73664
141.4,0.2922,2.140,820.9,-21.89690,-47.89101
141.5,0.3018,2.140,821.3,-21.89692,-47.89103
141.6,0.3122,2.140,821.6,-21.89694,-47.89106
141.7,0.3064,2.140,821.4,-21.89696,-47.89109
141.8,0.3081,27.660,1010.7,-22.07750,-47.73774
141.9,0.3152,27.620,1013.8,-22.07748,-47.73835
142.0,0.3201,27.640,1016.4,-22.07789,-47.73860
142.1,0.3240,13.380,897.6,-21.97690,-47.82415
142.2,0.3283,27.660,1020.5,-22.07857,-47.73922
142.3,0.3286,27.220,1016.5,-22.07570,-47.74221
142.4,0.3288,13.340,898.4,-21.97700,-47.82493
142.5,0.3230,13.380,897.4,-21.97741,-47.82487
142.6,0.3248,13.380,897.8,-21.97754,-47.82505
142.7,0.3276,13.360,898.3,-21.97752,-47.82535
142.8,0.3323,13.360,899.4,-21.97765,-47.82553
142.9,0.3373,13.360,900.5,-21.97778,-47.82571
143.0,0.3359,13.340,900.1,-21.97776,-47.82600
143.1,0.3378,13.360,900.6,-21.97803,-47.82607
143.2,0.3445,13.360,902.2,-21.97816,-47.82625
143.3,0.3543,13.360,904.5,-21.97828,-47.82643
143.4,0.3574,13.360,905.2,-21.97841,-47.82661
143.5,0.3589,13.380,905.7,-21.97868,-47.82668
143.6,0.3569,13.360,905.1,-21.97866,-47.82698
143.7,0.3628,13.260,905.7,-21.97806,-47.82773
143.8,0.3634,13.340,906.5,-21.97876,-47.82746
143.9,0.3678,13.340,907.5,-21.97889,-47.82764
144.0,0.3758,13.400,909.8,-21.97945,-47.82748
144.1,0.3804,13.380,910.8,-21.97942,-47.82778
144.2,0.3786,13.400,910.5,-21.97969,-47.82785
144.3,0.3836,13.460,912.2,-21.98025,-47.82769
144.4,0.3891,13.440,913.3,-21.98023,-47.82799
144.5,0.3909,13.440,913.7,-21.98035,-47.82817
144.6,0.3907,13.420,913.5,-21.98033,-47.82847
144.7,0.3962,13.480,915.3,-21.98089,-47.82832
144.8,0.4031,13.480,916.9,-21.98102,-47.82851
144.9,0.4059,13.480,917.6,-21.98114,-47.82869
145.0,0.4057,13.460,917.4,-21.98111,-47.82899
145.1,0.4102,13.480,918.6,-21.98138,-47.82907
145.2,0.4147,13.500,919.9,-21.98165,-47.82914
145.3,0.4118,13.480,919.0,-21.98162,-47.82944
145.4,0.4114,13.420,918.4,-21.98130,-47.82996
145.5,0.4092,13.420,917.8,-21.98142,-47.83015
145.6,0.4118,13.480,919.0,-21.98198,-47.83001
145.7,0.4135,13.480,919.4,-21.98210,-47.83020
145.8,0.4177,13.480,920.4,-21.98222,-47.83038
145.9,0.4202,13.480,921.0,-21.98234,-47.83057
146.0,0.4214,13.560,922.0,-21.98306,-47.83033
146.1,0.4201,13.600,922.0,-21.98348,-47.83030
146.2,0.4258,13.600,923.4,-21.98359,-47.83049
146.3,0.4269,13.580,923.5,-21.98356,-47.83079
146.4,0.4252,13.600,923.3,-21.98383,-47.83088
146.5,0.4277,13.600,923.8,-21.98395,-47.83107
146.6,0.4298,13.600,924.3,-21.98407,-47.83126
146.7,0.4293,13.600,924.2,-21.98419,-47.83145
146.8,0.4255,13.620,923.5,-21.98445,-47.83154
146.9,0.4274,14.200,929.4,-21.98894,-47.82866
147.0,0.4309,14.200,930.3,-21.98907,-47.82886
147.1,0.4482,14.020,932.8,-21.98783,-47.83001
147.2,0.4431,14.000,931.4,-21.98780,-47.83031
147.3,0.4334,13.900,928.0,-21.98716,-47.83104
147.4,0.4126,13.860,922.6,-21.98697,-47.83145
147.5,0.4096,12.480,909.5,-21.97661,-47.83885
147.6,0.4194,12.400,911.0,-21.97611,-47.83944
147.7,0.4194,12.380,910.8,-21.97606,-47.83973
147.8,0.4223,12.560,913.0,-21.97754,-47.83897
147.9,0.4243,12.560,913.5,-21.97764,-47.83915
148.0,0.4261,12.560,913.9,-21.97775,-47.83933
148.1,0.4269,12.560,914.1,-21.97785,-47.83951
148.2,0.4292,12.560,914.6,-21.97795,-47.83969
148.3,0.4338,12.540,915.4,-21.97791,-47.83998
148.4,0.4399,12.640,917.6,-21.97878,-47.83965
148.5,0.4457,12.640,918.9,-21.97888,-47.83983
148.6,0.4477,12.700,920.0,-21.97944,-47.83971
148.7,0.4517,12.620,920.1,-21.97893,-47.84030
148.8,0.4564,12.600,920.9,-21.97888,-47.84058
148.9,0.4580,12.600,921.3,-21.97898,-47.84076
149.0,0.4603,12.620,922.0,-21.97924,-47.84085
149.1,0.4593,12.620,921.7,-21.97934,-47.84103
149.2,0.4588,12.620,921.6,-21.97944,-47.84121
149.3,0.4504,12.620,919.8,-21.97955,-47.84140
149.4,0.4326,12.620,915.9,-21.97965,-47.84158
149.5,0.4215,12.600,913.2,-21.97959,-47.84186
149.6,0.4134,12.600,911.4,-21.97969,-47.84205
149.7,0.3997,12.600,908.4,-21.97979,-47.84223
149.8,0.3952,12.540,906.9,-21.97943,-47.84271
149.9,0.3951,12.520,906.7,-21.97937,-47.84299
150.0,0.3954,12.540,907.0,-21.97962,-47.84308
150.1,0.3955,12.540,907.0,-21.97972,-47.84326
150.2,0.3909,12.540,906.0,-21.97982,-47.84345
150.3,0.3958,11.780,900.6,-21.97398,-47.84729
150.4,0.4009,11.820,901.9,-21.97438,-47.84727
150.5,0.4058,11.840,903.1,-21.97463,-47.84735
150.6,0.4125,11.740,903.6,-21.97394,-47.84800
150.7,0.4160,11.700,904.0,-21.97371,-47.84836
150.8,0.4190,11.780,905.3,-21.97443,-47.84816
150.9,0.4234,11.760,906.0,-21.97436,-47.84843
151.0,0.4279,11.760,907.0,-21.97445,-47.84860
151.1,0.4311,11.720,907.3,-21.97423,-47.84896
151.2,0.4354,11.700,908.0,-21.97416,-47.84923
151.3,0.4369,11.720,908.4,-21.97441,-47.84931
151.4,0.4396,11.720,909.0,-21.97449,-47.84949
151.5,0.4401,11.700,908.9,-21.97442,-47.84975
151.6,0.4405,11.700,909.0,-21.97451,-47.84993
151.7,0.4394,11.720,909.0,-21.97476,-47.85001
151.8,0.4395,11.800,909.7,-21.97548,-47.84982
151.9,0.4409,11.800,910.0,-21.97557,-47.84999
152.0,0.4397,11.780,909.6,-21.97550,-47.85026
152.1,0.4325,11.780,908.1,-21.97558,-47.85044
152.2,0.4258,11.660,905.6,-21.97471,-47.85116
152.3,0.4209,11.760,905.5,-21.97560,-47.85088
152.4,0.4171,11.700,904.2,-21.97520,-47.85133
152.5,0.4145,11.720,903.9,-21.97545,-47.85141
152.6,0.4091,11.700,902.6,-21.97537,-47.85168
152.7,0.4042,11.740,901.9,-21.97578,-47.85168
152.8,0.4004,11.600,899.9,-21.97474,-47.85248
152.9,0.3966,11.700,900.0,-21.97563,-47.85221
153.0,0.3928,11.620,898.6,-21.97507,-47.85274
153.1,0.3877,11.600,897.4,-21.97499,-47.85300
153.2,0.3818,11.700,897.0,-21.97588,-47.85274
153.3,0.3783,11.540,895.0,-21.97467,-47.85361
153.4,0.3753,11.000,890.0,-21.97041,-47.85614
153.5,0.3761,10.980,890.0,-21.97032,-47.85639
153.6,0.3752,11.000,890.0,-21.97056,-47.85647
153.7,0.3785,10.740,888.5,-21.96854,-47.85776
153.8,0.3798,10.760,888.9,-21.96877,-47.85784
153.9,0.3846,10.160,884.9,-21.96400,-47.86056
154.0,0.3961,10.200,887.3,-21.96439,-47.86055
154.1,0.3970,10.200,887.5,-21.96446,-47.86070
154.2,0.4078,10.260,889.9,-21.96502,-47.86061
154.3,0.4143,10.280,891.3,-21.96525,-47.86068
154.4,0.4176,10.280,891.8,-21.96532,-47.86083
154.5,0.4169,10.320,892.1,-21.96571,-47.86082
154.6,0.4177,10.320,892.2,-21.96578,-47.86098
154.7,0.4139,10.260,891.0,-21.96537,-47.86139
154.8,0.4107,10.260,890.4,-21.96543,-47.86155
154.9,0.4149,10.220,890.8,-21.96518,-47.86187
155.0,0.4174,10.220,891.3,-21.96524,-47.86203
155.1,0.4175,10.180,890.9,-21.96499,-47.86235
155.2,0.4280,10.700,897.4,-21.96930,-47.86038
155.3,0.4386,10.700,899.4,-21.96937,-47.86055
155.4,0.4387,10.700,899.4,-21.96944,-47.86071
155.5,0.4365,10.680,898.8,-21.96935,-47.86096
155.6,0.4370,10.740,899.5,-21.96991,-47.86088
155.7,0.4429,10.740,900.6,-21.96998,-47.86105
155.8,0.4409,10.740,900.2,-21.97005,-47.86121
155.9,0.4385,10.760,900.0,-21.97028,-47.86130
156.0,0.4412,10.200,895.3,-21.96575,-47.86368
156.1,0.4418,10.140,894.9,-21.96532,-47.86407
156.2,0.4444,10.140,895.4,-21.96538,-47.86423
156.3,0.4476,10.140,895.9,-21.96545,-47.86439
156.4,0.4483,10.140,896.1,-21.96551,-47.86455
156.5,0.4469,10.000,894.5,-21.96442,-47.86525
156.6,0.4463,10.000,894.4,-21.96448,-47.86540
156.7,0.4502,10.080,895.8,-21.96520,-47.86525
156.8,0.4535,10.080,896.4,-21.96527,-47.86541
156.9,0.4516,10.040,895.7,-21.96500,-47.86572
157.0,0.4538,10.040,896.1,-21.96506,-47.86587
157.1,0.4411,10.060,894.0,-21.96529,-47.86595
157.2,0.4404,9.620,890.0,-21.96170,-47.86777
157.3,0.4380,9.640,889.7,-21.96192,-47.86784
157.4,0.4389,9.540,889.0,-21.96115,-47.86837
157.5,0.4399,9.740,891.0,-21.96287,-47.86777
157.6,0.4467,9.780,892.5,-21.96326,-47.86778
157.7,0.4396,9.780,891.3,-21.96332,-47.86793
157.8,0.4391,9.640,889.9,-21.96221,-47.86860
157.9,0.4347,9.600,888.8,-21.96193,-47.86890
158.0,0.4327,9.720,889.5,-21.96299,-47.86861
158.1,0.4319,9.720,889.4,-21.96305,-47.86876
158.2,0.4312,9.480,887.2,-21.96110,-47.86978
158.3,0.4380,9.540,888.8,-21.96166,-47.86971
158.4,0.4409,9.500,889.0,-21.96138,-47.87001
158.5,0.4407,9.500,888.9,-21.96143,-47.87016
158.6,0.4477,9.460,889.7,-21.96115,-47.87045
158.7,0.4513,9.460,890.3,-21.96121,-47.87060
158.8,0.4515,9.460,890.3,-21.96126,-47.87075
158.9,0.4556,9.240,889.0,-21.95947,-47.87167
159.0,0.4552,9.400,890.4,-21.96086,-47.87126
159.1,0.4673,9.320,891.6,-21.96024,-47.87168
159.2,0.4686,9.320,891.8,-21.96030,-47.87183
159.3,0.4656,9.480,892.9,-21.96169,-47.87143
159.4,0.4680,9.540,893.8,-21.96225,-47.87137
159.5,0.4652,9.540,893.4,-21.96231,-47.87152
159.6,0.4741,9.460,894.1,-21.96168,-47.87195
159.7,0.4809,9.460,895.2,-21.96173,-47.87210
159.8,0.4849,9.460,895.9,-21.96179,-47.87225
159.9,0.4811,9.480,895.4,-21.96201,-47.87233
160.0,0.4809,9.480,895.4,-21.96206,-47.87248
160.1,0.4933,9.360,896.3,-21.96109,-47.87303
160.2,0.4915,9.360,896.0,-21.96114,-47.87318
160.3,0.4896,9.220,894.3,-21.96001,-47.87379
160.4,0.4969,9.240,895.7,-21.96022,-47.87387
160.5,0.4992,9.500,898.6,-21.96248,-47.87317
160.6,0.5071,9.500,899.9,-21.96253,-47.87332
160.7,0.5047,9.540,899.9,-21.96292,-47.87335
160.8,0.5014,9.540,899.4,-21.96297,-47.87350
160.9,0.5005,9.560,899.4,-21.96319,-47.87359
161.0,0.5129,9.440,900.3,-21.96221,-47.87412
161.1,0.5077,9.440,899.4,-21.96226,-47.87427
161.2,0.5059,9.400,898.7,-21.96197,-47.87455
161.3,0.5113,9.400,899.6,-21.96202,-47.87470
161.4,0.5096,9.280,898.1,-21.96104,-47.87522
161.5,0.5119,9.280,898.5,-21.96109,-47.87537
161.6,0.5112,9.440,900.0,-21.96250,-47.87503
161.7,0.5127,9.360,899.4,-21.96186,-47.87543
161.8,0.5199,9.360,900.6,-21.96191,-47.87558
161.9,0.5146,9.360,899.7,-21.96196,-47.87573
162.0,0.5124,9.420,900.0,-21.96251,-47.87570
162.1,0.5117,9.420,899.9,-21.96256,-47.87585
162.2,0.5133,9.560,901.6,-21.96381,-47.87559
162.3,0.5112,9.460,900.2,-21.96299,-47.87604
162.4,0.5103,9.460,900.1,-21.96304,-47.87619
162.5,0.5006,9.460,898.5,-21.96308,-47.87634
162.6,0.5001,9.420,898.0,-21.96278,-47.87661
162.7,0.5010,9.380,897.7,-21.96249,-47.87688
162.8,0.5013,9.340,897.4,-21.96218,-47.87715
162.9,0.5017,9.340,897.4,-21.96223,-47.87730
163.0,0.4973,9.500,898.3,-21.96365,-47.87699
163.1,0.4943,9.520,898.0,-21.96386,-47.87709
163.2,0.4993,9.520,898.8,-21.96391,-47.87725
163.3,0.4959,9.520,898.3,-21.96395,-47.87740
163.4,0.4930,9.540,898.0,-21.96417,-47.87750
163.5,0.4817,9.720,897.9,-21.96576,-47.87716
163.6,0.4825,9.360,894.5,-21.96270,-47.87830
163.7,0.4835,9.420,895.2,-21.96326,-47.87829
163.8,0.4921,9.400,896.5,-21.96313,-47.87850
163.9,0.4957,9.400,897.1,-21.96317,-47.87865
164.0,0.4875,9.220,893.9,-21.96165,-47.87929
164.1,0.4878,9.220,894.0,-21.96169,-47.87944
164.2,0.4863,9.240,894.0,-21.96190,-47.87954
164.3,0.4880,9.260,894.4,-21.96212,-47.87963
164.4,0.4894,9.260,894.6,-21.96215,-47.87979
164.5,0.4900,9.260,894.7,-21.96219,-47.87994
164.6,0.4889,9.260,894.6,-21.96223,-47.88009
164.7,0.4795,9.260,893.0,-21.96227,-47.88024
164.8,0.4601,1.780,824.2,-21.89731,-47.89943
164.9,0.4667,1.780,824.4,-21.89732,-47.89946
165.0,0.4795,1.800,825.0,-21.89750,-47.89944
165.1,0.4857,1.800,825.2,-21.89751,-47.89947
165.2,0.4903,1.800,825.3,-21.89751,-47.89950
165.3,0.4946,1.800,825.4,-21.89752,-47.89953
165.4,0.4985,1.800,825.6,-21.89753,-47.89956
165.5,0.5021,1.800,825.7,-21.89753,-47.89959
165.6,0.5054,1.800,825.8,-21.89754,-47.89962
165.7,0.5084,1.800,825.9,-21.89755,-47.89965
165.8,0.5110,1.800,826.0,-21.89756,-47.89968
165.9,0.5134,1.800,826.0,-21.89756,-47.89971
166.0,0.5168,1.780,825.9,-21.89739,-47.89978
166.1,0.5201,1.780,826.0,-21.89740,-47.89981
166.2,0.5233,1.780,826.1,-21.89741,-47.89984
166.3,0.5264,1.780,826.2,-21.89741,-47.89987
166.4,0.5292,1.780,826.3,-21.89742,-47.89990
166.5,0.5319,1.780,826.4,-21.89743,-47.89993
166.6,0.5344,1.780,826.5,-21.89743,-47.89996
166.7,0.5367,1.780,826.6,-21.89744,-47.89999
166.8,0.5376,1.780,826.6,-21.89745,-47.90002
166.9,0.5380,1.780,826.6,-21.89745,-47.90005
167.0,0.5388,1.780,826.6,-21.89746,-47.90008
167.1,0.5398,1.780,826.7,-21.89747,-47.90011
167.2,0.5411,1.780,826.7,-21.89747,-47.90014
167.3,0.5427,1.780,826.8,-21.89748,-47.90017
167.4,0.5446,1.780,826.8,-21.89748,-47.90020
167.5,0.5468,1.780,826.9,-21.89749,-47.90022
167.6,0.5492,1.780,827.0,-21.89750,-47.90025
167.7,0.5436,1.780,826.8,-21.89750,-47.90028
167.8,0.5114,1.780,825.8,-21.89751,-47.90031
167.9,0.4800,1.780,824.8,-21.89751,-47.90034
168.0,0.4492,1.780,823.8,-21.89752,-47.90037
168.1,0.4397,1.840,824.0,-21.89805,-47.90028
168.2,0.4449,1.840,824.2,-21.89806,-47.90031
168.3,0.4497,1.840,824.3,-21.89807,-47.90034
168.4,0.4546,1.840,824.5,-21.89807,-47.90037
168.5,0.4595,1.840,824.7,-21.89808,-47.90040
168.6,0.4644,1.840,824.8,-21.89808,-47.90043
168.7,0.4693,1.840,825.0,-21.89809,-47.90046
168.8,0.4743,1.840,825.1,-21.89810,-47.90050
168.9,0.4793,1.840,825.3,-21.89810,-47.90053
169.0,0.4841,1.840,825.5,-21.89811,-47.90056
169.1,0.4829,1.840,825.4,-21.89811,-47.90059
169.2,0.4819,1.840,825.4,-21.89812,-47.90062
169.3,0.4811,1.840,825.4,-21.89812,-47.90065
169.4,0.4804,1.840,825.3,-21.89813,-47.90068
169.5,0.4798,1.840,825.3,-21.89813,-47.90071
169.6,0.4794,1.840,825.3,-21.89814,-47.90074
169.7,0.4791,1.840,825.3,-21.89814,-47.90077
169.8,0.4790,1.840,825.3,-21.89815,-47.90080
169.9,0.4790,1.840,825.3,-21.89815,-47.90083
170.0,0.4671,1.840,824.9,-21.89816,-47.90086
170.1,0.4551,1.840,824.5,-21.89816,-47.90089
170.2,0.4432,1.840,824.1,-21.89817,-47.90092
170.3,0.4317,1.840,823.8,-21.89817,-47.90096
170.4,0.4203,1.840,823.4,-21.89818,-47.90099
170.5,0.4093,1.840,823.0,-21.89818,-47.90102
170.6,0.3984,1.840,822.7,-21.89819,-47.90105
170.7,0.3893,1.880,822.7,-21.89855,-47.90102
170.8,0.3824,1.880,822.5,-21.89855,-47.90105
170.9,0.3783,1.840,822.1,-21.89820,-47.90114
171.0,0.3802,1.840,822.1,-21.89821,-47.90117
171.1,0.3823,1.840,822.2,-21.89821,-47.90120
171.2,0.3844,1.840,822.3,-21.89822,-47.90123
171.3,0.3867,1.840,822.3,-21.89822,-47.90126
171.4,0.3891,1.840,822.4,-21.89822,-47.90129
171.5,0.3915,1.840,822.5,-21.89823,-47.90132
171.6,0.3941,1.840,822.6,-21.89823,-47.90136
171.7,0.3968,1.840,822.6,-21.89824,-47.90139
171.8,0.3935,1.860,822.7,-21.89842,-47.90139
171.9,0.3815,1.860,822.3,-21.89842,-47.90142
172.0,0.3697,1.860,821.9,-21.89843,-47.90145
172.1,0.3580,1.860,821.5,-21.89843,-47.90148
172.2,0.3466,1.860,821.2,-21.89844,-47.90151
172.3,0.3385,1.880,821.0,-21.89862,-47.90152
172.4,0.3310,1.880,820.8,-21.89862,-47.90155
172.5,0.3288,2.060,821.8,-21.90023,-47.90135
172.6,0.3272,9.340,869.0,-21.96525,-47.89228
172.7,0.3294,9.280,868.9,-21.96473,-47.89251
172.8,0.3367,8.840,867.0,-21.96082,-47.89321
172.9,0.3434,8.840,868.0,-21.96084,-47.89335
173.0,0.3449,8.860,868.4,-21.96103,-47.89348
173.1,0.3478,8.880,869.0,-21.96123,-47.89361
173.2,0.3603,8.960,871.5,-21.96196,-47.89366
173.3,0.3703,8.960,873.1,-21.96198,-47.89381
173.4,0.3751,8.960,873.8,-21.96199,-47.89396
173.5,0.3747,8.960,873.8,-21.96201,-47.89412
173.6,0.3736,9.060,874.4,-21.96292,-47.89416
173.7,0.3766,9.080,875.0,-21.96311,-47.89429
173.8,0.3812,9.080,875.7,-21.96313,-47.89444
173.9,0.3728,9.080,874.4,-21.96314,-47.89460
174.0,0.3691,9.100,874.0,-21.96334,-47.89473
174.1,0.3688,9.120,874.1,-21.96353,-47.89486
174.2,0.3735,9.140,875.0,-21.96373,-47.89500
174.3,0.3721,9.140,874.7,-21.96374,-47.89515
174.4,0.3706,9.120,874.4,-21.96358,-47.89532
174.5,0.3690,9.200,874.7,-21.96431,-47.89540
174.6,0.3728,9.220,875.5,-21.96450,-47.89554
174.7,0.3714,9.220,875.3,-21.96451,-47.89569
174.8,0.3782,1.900,822.5,-21.89888,-47.90229
174.9,0.3855,1.900,822.7,-21.89888,-47.90232
175.0,0.3929,1.900,822.9,-21.89889,-47.90236
175.1,0.4004,1.900,823.2,-21.89889,-47.90239
175.2,0.4059,1.900,823.4,-21.89889,-47.90242
175.3,0.4111,1.900,823.6,-21.89889,-47.90245
175.4,0.4160,1.900,823.7,-21.89890,-47.90249
175.5,0.4153,1.900,823.7,-21.89890,-47.90252
175.6,0.4098,1.900,823.5,-21.89890,-47.90255
175.7,0.4041,1.900,823.3,-21.89890,-47.90258
175.8,0.3984,1.900,823.1,-21.89891,-47.90261
175.9,0.3926,1.900,822.9,-21.89891,-47.90265
176.0,0.3868,1.900,822.7,-21.89891,-47.90268
176.1,0.3809,1.900,822.6,-21.89891,-47.90271
176.2,0.3815,1.880,822.4,-21.89873,-47.90275
176.3,0.3774,1.880,822.3,-21.89874,-47.90279
176.4,0.3608,1.880,821.8,-21.89874,-47.90282
176.5,0.3509,9.480,873.9,-21.96705,-47.89834
176.6,0.3404,9.480,872.1,-21.96706,-47.89850
176.7,0.3442,9.620,873.8,-21.96833,-47.89859
176.8,0.3394,9.620,873.0,-21.96833,-47.89875
176.9,0.3352,9.520,871.6,-21.96744,-47.89896
177.0,0.3343,1.820,820.5,-21.89821,-47.90304
177.1,0.3306,9.520,870.8,-21.96746,-47.89929
177.2,0.3294,9.520,870.6,-21.96747,-47.89945
177.3,0.3200,9.340,867.8,-21.96585,-47.89969
177.4,0.3206,9.340,867.9,-21.96586,-47.89985
177.5,0.3203,9.340,867.9,-21.96587,-47.90001
177.6,0.3177,9.340,867.4,-21.96587,-47.90017
177.7,0.3187,9.360,867.7,-21.96606,-47.90032
177.8,0.3190,9.340,867.6,-21.96589,-47.90048
177.9,0.3172,9.340,867.4,-21.96589,-47.90064
178.0,0.3119,9.340,866.5,-21.96590,-47.90080
178.1,0.3112,9.340,866.4,-21.96590,-47.90096
178.2,0.3116,9.340,866.4,-21.96591,-47.90112
178.3,0.3039,9.340,865.2,-21.96591,-47.90127
178.4,0.3040,9.400,865.6,-21.96646,-47.90142
178.5,0.3017,9.360,865.0,-21.96610,-47.90158
178.6,0.3018,9.360,865.0,-21.96610,-47.90174
178.7,0.3018,9.360,865.0,-21.96611,-47.90190
178.8,0.2968,9.360,864.2,-21.96611,-47.90206
178.9,0.2904,9.020,861.0,-21.96305,-47.90228
179.0,0.2940,9.040,861.7,-21.96323,-47.90243
179.1,0.2949,9.040,861.8,-21.96324,-47.90259
179.2,0.2892,9.040,860.9,-21.96324,-47.90274
179.3,0.2943,9.200,862.7,-21.96468,-47.90287
179.4,0.3034,9.200,864.2,-21.96468,-47.90303
179.5,0.2980,9.200,863.3,-21.96468,-47.90318
179.6,0.2913,9.160,862.0,-21.96433,-47.90334
179.7,0.2910,9.140,861.8,-21.96415,-47.90350
179.8,0.2910,9.140,861.8,-21.96415,-47.90365
179.9,0.2929,9.200,862.5,-21.96469,-47.90381
180.0,0.2934,9.200,862.6,-21.96469,-47.90396
180.1,0.2940,9.180,862.5,-21.96451,-47.90412
180.2,0.2944,9.000,861.5,-21.96289,-47.90427
180.3,0.2935,8.980,861.2,-21.96271,-47.90442
180.4,0.2893,9.260,862.3,-21.96523,-47.90459
180.5,0.2878,9.240,861.9,-21.96504,-47.90475
180.6,0.2892,9.140,861.5,-21.96414,-47.90489
180.7,0.2915,9.140,861.9,-21.96414,-47.90505
180.8,0.2914,9.160,862.0,-21.96432,-47.90521
180.9,0.2905,9.160,861.9,-21.96432,-47.90536
181.0,0.2905,9.180,862.0,-21.96449,-47.90552
181.1,0.2901,9.180,861.9,-21.96449,-47.90568
181.2,0.2896,9.180,861.8,-21.96449,-47.90583
181.3,0.2980,1.900,819.8,-21.89895,-47.90438
181.4,0.3164,1.900,820.4,-21.89895,-47.90441
181.5,0.3346,1.900,821.0,-21.89895,-47.90445
181.6,0.3497,1.900,821.5,-21.89894,-47.90448
181.7,0.3648,1.900,822.0,-21.89894,-47.90451
181.8,0.3800,1.900,822.5,-21.89894,-47.90454
181.9,0.3951,1.900,823.0,-21.89894,-47.90458
182.0,0.4102,1.900,823.5,-21.89894,-47.90461
182.1,0.4253,1.900,824.0,-21.89894,-47.90464
182.2,0.4404,1.900,824.5,-21.89894,-47.90467
182.3,0.4555,1.900,825.0,-21.89894,-47.90470
182.4,0.4603,1.900,825.2,-21.89894,-47.90474
182.5,0.4516,1.900,824.9,-21.89893,-47.90477
182.6,0.4427,1.900,824.6,-21.89893,-47.90480
182.7,0.4339,1.900,824.3,-21.89893,-47.90483
182.8,0.4250,1.900,824.0,-21.89893,-47.90486
182.9,0.4160,1.900,823.7,-21.89893,-47.90490
183.0,0.4070,1.900,823.4,-21.89893,-47.90493
183.1,0.3979,1.900,823.1,-21.89893,-47.90496
183.2,0.3887,1.900,822.8,-21.89892,-47.90499
183.3,0.3788,1.900,822.5,-21.89892,-47.90503
183.4,0.3687,1.900,822.1,-21.89892,-47.90506
183.5,0.3586,1.900,821.8,-21.89892,-47.90509
183.6,0.3486,1.900,821.5,-21.89892,-47.90512
183.7,0.3385,1.900,821.1,-21.89892,-47.90515
183.8,0.3285,1.900,820.8,-21.89891,-47.90519
183.9,0.3185,1.900,820.5,-21.89891,-47.90522
184.0,0.3085,1.900,820.1,-21.89891,-47.90525
184.1,0.3057,9.420,866.0,-21.96645,-47.91050
184.2,0.3057,9.420,866.0,-21.96644,-47.91066
184.3,0.3061,9.500,866.6,-21.96715,-47.91088
184.4,0.3057,9.420,866.0,-21.96642,-47.91098
184.5,0.3057,9.420,866.0,-21.96641,-47.91114
184.6,0.3059,2.240,822.0,-21.90195,-47.90571
184.7,0.3064,2.240,822.0,-21.90195,-47.90575
184.8,0.3085,9.480,866.9,-21.96691,-47.91167
184.9,0.3055,2.240,822.0,-21.90194,-47.90582
185.0,0.3036,9.460,865.9,-21.96670,-47.91197
185.1,0.3269,2.060,821.7,-21.90032,-47.90574
185.2,0.3512,2.060,822.6,-21.90032,-47.90578
185.3,0.3815,2.080,823.8,-21.90049,-47.90583
185.4,0.4008,2.080,824.5,-21.90049,-47.90586
185.5,0.4173,2.080,825.1,-21.90049,-47.90590
185.6,0.4337,2.080,825.7,-21.90048,-47.90593
185.7,0.4500,2.080,826.3,-21.90048,-47.90597
185.8,0.4662,2.080,826.9,-21.90048,-47.90600
185.9,0.4824,2.080,827.5,-21.90047,-47.90604
186.0,0.4984,2.080,828.1,-21.90047,-47.90607
186.1,0.5144,2.080,828.6,-21.90047,-47.90611
186.2,0.5030,2.080,828.2,-21.90046,-47.90614
186.3,0.5040,2.020,827.7,-21.89992,-47.90612
186.4,0.5047,2.020,827.7,-21.89992,-47.90615
186.5,0.5054,2.020,827.8,-21.89991,-47.90618
186.6,0.5063,2.020,827.8,-21.89991,-47.90622
186.7,0.5072,2.020,827.8,-21.89991,-47.90625
186.8,0.5082,2.020,827.9,-21.89990,-47.90629
186.9,0.5134,1.980,827.7,-21.89954,-47.90627
187.0,0.5216,1.980,828.0,-21.89954,-47.90631
187.1,0.5299,1.980,828.3,-21.89953,-47.90634
187.2,0.5384,1.980,828.5,-21.89953,-47.90637
187.3,0.5441,1.960,828.5,-21.89935,-47.90638
187.4,0.5334,1.940,828.0,-21.89917,-47.90639
187.5,0.5155,1.940,827.4,-21.89916,-47.90642
187.6,0.4978,1.940,826.8,-21.89916,-47.90645
187.7,0.4804,1.940,826.2,-21.89915,-47.90649
187.8,0.4651,1.920,825.5,-21.89897,-47.90649
187.9,0.4734,1.820,824.9,-21.89808,-47.90639
188.0,0.4773,1.820,825.1,-21.89807,-47.90642
188.1,0.4813,1.820,825.2,-21.89807,-47.90645
188.2,0.4852,1.820,825.3,-21.89806,-47.90648
188.3,0.4891,1.820,825.4,-21.89806,-47.90651
188.4,0.4927,1.820,825.6,-21.89805,-47.90654
188.5,0.4944,1.820,825.6,-21.89805,-47.90657
188.6,0.4963,1.820,825.7,-21.89805,-47.90661
188.7,0.4984,1.820,825.7,-21.89804,-47.90664
188.8,0.5007,1.820,825.8,-21.89804,-47.90667
188.9,0.4914,1.820,825.5,-21.89803,-47.90670
189.0,0.4815,1.820,825.2,-21.89803,-47.90673
189.1,0.4711,1.820,824.9,-21.89802,-47.90676
189.2,0.4602,1.820,824.5,-21.89802,-47.90679
189.3,0.4488,1.820,824.2,-21.89802,-47.90682
189.4,0.4370,1.820,823.8,-21.89801,-47.90685
189.5,0.4246,1.820,823.4,-21.89801,-47.90688
189.6,0.4118,1.820,823.0,-21.89800,-47.90691
189.7,0.3984,1.820,822.6,-21.89800,-47.90694
189.8,0.3515,1.820,821.1,-21.89799,-47.90697
189.9,0.2998,1.820,819.4,-21.89799,-47.90700
190.0,0.2782,9.340,861.0,-21.96467,-47.91971
190.1,0.2811,9.320,861.3,-21.96447,-47.91983
190.2,0.2848,9.320,861.9,-21.96444,-47.91999
190.3,0.2874,9.320,862.4,-21.96441,-47.92014
190.4,0.2897,9.320,862.7,-21.96439,-47.92030
190.5,0.2886,9.280,862.3,-21.96401,-47.92038
190.6,0.2981,9.280,863.8,-21.96398,-47.92054
190.7,0.3046,9.280,864.9,-21.96395,-47.92069
190.8,0.3091,9.280,865.6,-21.96393,-47.92085
190.9,0.3035,9.280,864.7,-21.96390,-47.92100
191.0,0.2970,9.280,863.7,-21.96387,-47.92116
191.1,0.2930,9.280,863.0,-21.96384,-47.92131
191.2,0.2980,9.320,864.1,-21.96417,-47.92154
191.3,0.3031,9.320,864.9,-21.96414,-47.92170
191.4,0.3032,9.320,864.9,-21.96411,-47.92185
191.5,0.3076,9.400,866.2,-21.96479,-47.92216
191.6,0.3115,9.400,866.8,-21.96476,-47.92232
191.7,0.3125,9.400,867.0,-21.96473,-47.92247
191.8,0.3140,9.300,866.6,-21.96382,-47.92243
191.9,0.3170,9.320,867.2,-21.96396,-47.92262
192.0,0.3210,9.320,867.8,-21.96393,-47.92278
192.1,0.3219,9.320,868.0,-21.96390,-47.92293
192.2,0.3227,9.300,868.0,-21.96370,-47.92305
192.3,0.3261,9.320,868.7,-21.96384,-47.92324
192.4,0.3294,9.280,868.9,-21.96346,-47.92331
192.5,0.3299,9.280,869.0,-21.96343,-47.92347
192.6,0.3305,9.260,869.0,-21.96322,-47.92358
192.7,0.3331,9.280,869.5,-21.96336,-47.92377
192.8,0.3360,9.280,870.0,-21.96333,-47.92393
192.9,0.3353,9.280,869.9,-21.96330,-47.92408
193.0,0.3352,9.300,870.0,-21.96344,-47.92428
193.1,0.3352,9.300,870.0,-21.96341,-47.92443
193.2,0.3352,9.300,870.0,-21.96337,-47.92458
193.3,0.3352,9.300,870.0,-21.96334,-47.92474
193.4,0.3346,9.300,869.9,-21.96331,-47.92489
193.5,0.3343,9.320,870.0,-21.96345,-47.92509
193.6,0.3346,9.300,869.9,-21.96324,-47.92520
193.7,0.3371,9.340,870.6,-21.96355,-47.92544
193.8,0.3405,9.340,871.1,-21.96352,-47.92560
193.9,0.3454,9.360,872.1,-21.96366,-47.92580
194.0,0.3450,9.360,872.0,-21.96362,-47.92595
194.1,0.3379,9.360,870.9,-21.96359,-47.92610
194.2,0.3335,9.360,870.2,-21.96355,-47.92626
194.3,0.3317,9.380,870.0,-21.96369,-47.92646
194.4,0.3317,9.380,870.0,-21.96365,-47.92661
194.5,0.3295,9.380,869.6,-21.96362,-47.92677
194.6,0.3271,9.560,870.5,-21.96515,-47.92736
194.7,0.3295,9.560,870.9,-21.96511,-47.92752
194.8,0.3292,9.420,869.9,-21.96385,-47.92733
194.9,0.3284,9.440,869.9,-21.96399,-47.92753
195.0,0.3257,9.420,869.3,-21.96378,-47.92764
195.1,0.3256,9.380,869.0,-21.96339,-47.92769
195.2,0.3243,9.380,868.8,-21.96335,-47.92784
195.3,0.3230,9.420,868.8,-21.96366,-47.92810
195.4,0.3198,9.400,868.2,-21.96345,-47.92820
195.5,0.3182,9.400,867.9,-21.96341,-47.92836
195.6,0.3151,9.380,867.3,-21.96320,-47.92846
195.7,0.3134,9.380,867.0,-21.96316,-47.92861
195.8,0.3101,9.380,866.5,-21.96312,-47.92876
195.9,0.3081,10.240,871.9,-21.97052,-47.93120
196.0,0.3088,10.280,872.3,-21.97082,-47.93148
196.1,0.3112,10.280,872.7,-21.97078,-47.93165
196.2,0.3136,10.200,872.6,-21.97004,-47.93160
196.3,0.3138,10.200,872.6,-21.97000,-47.93176
196.4,0.3167,10.300,873.9,-21.97082,-47.93220
196.5,0.3129,10.280,873.1,-21.97060,-47.93231
196.6,0.3126,10.280,873.0,-21.97055,-47.93248
196.7,0.3089,10.220,871.9,-21.96999,-47.93248
196.8,0.3029,10.220,870.9,-21.96994,-47.93265
196.9,0.3040,10.200,870.9,-21.96972,-47.93276
197.0,0.2974,10.240,870.0,-21.97002,-47.93303
197.1,0.2937,10.240,869.3,-21.96997,-47.93320
197.2,0.2893,10.260,868.7,-21.97010,-47.93342
197.3,0.2859,10.260,868.1,-21.97005,-47.93359
197.4,0.2826,10.260,867.5,-21.97000,-47.93376
197.5,0.2864,10.000,866.5,-21.96772,-47.93316
197.6,0.2962,10.020,868.3,-21.96785,-47.93338
197.7,0.3067,10.020,870.2,-21.96780,-47.93354
197.8,0.3099,10.020,870.7,-21.96775,-47.93371
197.9,0.3072,10.020,870.3,-21.96770,-47.93387
198.0,0.3113,10.040,871.1,-21.96782,-47.93409
198.1,0.3194,10.040,872.5,-21.96778,-47.93425
198.2,0.3231,10.060,873.3,-21.96790,-47.93447
198.3,0.3304,10.080,874.7,-21.96802,-47.93470
198.4,0.3325,10.060,875.0,-21.96780,-47.93480
198.5,0.3287,10.080,874.5,-21.96792,-47.93502
198.6,0.3287,10.080,874.5,-21.96787,-47.93518
198.7,0.3288,10.080,874.5,-21.96782,-47.93534
198.8,0.3254,10.080,873.9,-21.96777,-47.93551
198.9,0.3021,10.080,869.8,-21.96772,-47.93567
199.0,0.2770,10.100,865.5,-21.96783,-47.93589
199.1,0.2534,10.760,865.2,-21.97340,-47.93815
199.2,0.2522,10.760,865.0,-21.97334,-47.93833
199.3,0.2472,10.700,863.7,-21.97278,-47.93830
199.4,0.2360,10.680,861.5,-21.97255,-47.93841
199.5,0.2375,10.680,861.8,-21.97250,-47.93858
199.6,0.2208,10.120,855.7,-21.96769,-47.93693
199.7,0.2179,10.080,855.0,-21.96730,-47.93696
199.8,0.2160,10.100,854.7,-21.96741,-47.93718
199.9,0.2162,11.040,859.7,-21.97532,-47.94045
200.0,0.2223,11.040,860.9,-21.97526,-47.94063
200.1,0.2209,11.060,860.7,-21.97537,-47.94087
200.2,0.2220,11.060,860.9,-21.97531,-47.94105
200.3,0.2175,11.060,860.0,-21.97525,-47.94122
200.4,0.2104,11.080,858.8,-21.97536,-47.94147
200.5,0.2062,10.100,853.0,-21.96703,-47.93831
200.6,0.2051,10.140,853.0,-21.96731,-47.93861
200.7,0.2051,10.140,853.0,-21.96725,-47.93877
200.8,0.2070,10.200,853.6,-21.96770,-47.93913
200.9,0.2056,10.120,853.0,-21.96697,-47.93902
201.0,0.2056,10.120,853.0,-21.96692,-47.93918
201.1,0.2072,10.240,853.9,-21.96787,-47.93976
201.2,0.2085,10.160,853.7,-21.96714,-47.93964
201.3,0.2110,10.160,854.1,-21.96708,-47.93980
201.4,0.2137,10.160,854.6,-21.96702,-47.93996
201.5,0.2133,10.220,854.9,-21.96746,-47.94033
201.6,0.2122,10.220,854.7,-21.96741,-47.94050
201.7,0.2112,10.220,854.5,-21.96735,-47.94066
201.8,0.2128,10.200,854.7,-21.96712,-47.94074
201.9,0.2142,10.180,854.8,-21.96689,-47.94083
202.0,0.2143,10.180,854.8,-21.96683,-47.94099
202.1,0.2152,10.180,855.0,-21.96677,-47.94115
202.2,0.2162,10.240,855.5,-21.96721,-47.94153
202.3,0.2158,10.240,855.4,-21.96715,-47.94169
202.4,0.2125,10.260,854.9,-21.96726,-47.94193
202.5,0.2112,10.300,854.9,-21.96753,-47.94224
202.6,0.2057,10.280,853.8,-21.96730,-47.94232
202.7,0.2040,10.180,853.0,-21.96641,-47.94211
202.8,0.2067,10.360,854.4,-21.96784,-47.94295
202.9,0.2089,10.360,854.8,-21.96778,-47.94311
203.0,0.2039,10.360,853.9,-21.96771,-47.94327
203.1,0.2016,10.360,853.5,-21.96765,-47.94343
203.2,0.2094,10.340,854.8,-21.96742,-47.94352
203.3,0.2113,10.340,855.1,-21.96735,-47.94368
203.4,0.2059,10.360,854.2,-21.96746,-47.94392
203.5,0.1931,10.340,851.8,-21.96723,-47.94400
203.6,0.1871,10.140,849.8,-21.96551,-47.94338
203.7,0.1863,10.160,849.8,-21.96561,-47.94362
203.8,0.1859,10.440,851.0,-21.96785,-47.94487
203.9,0.1852,10.440,850.9,-21.96779,-47.94503
204.0,0.1833,10.480,850.7,-21.96805,-47.94535
204.1,0.1787,10.480,849.9,-21.96798,-47.94552
204.2,0.1786,10.500,849.9,-21.96808,-47.94576
204.3,0.1766,10.500,849.6,-21.96801,-47.94592
204.4,0.1739,10.480,849.0,-21.96778,-47.94600
204.5,0.1674,10.480,847.8,-21.96771,-47.94616
204.6,0.1689,10.740,849.2,-21.96977,-47.94738
204.7,0.1719,10.740,849.8,-21.96970,-47.94754
204.8,0.1791,10.000,847.8,-21.96358,-47.94469
204.9,0.1800,9.980,847.8,-21.96335,-47.94476
205.0,0.1737,9.980,846.7,-21.96329,-47.94492
205.1,0.1687,10.840,849.6,-21.97023,-47.94861
205.2,0.1682,10.720,849.0,-21.96918,-47.94828
205.3,0.1677,10.740,849.0,-21.96927,-47.94853
205.4,0.1682,10.720,849.0,-21.96904,-47.94861
205.5,0.1670,10.700,848.7,-21.96880,-47.94869
205.6,0.1667,10.880,849.4,-21.97019,-47.94961
205.7,0.1677,10.840,849.4,-21.96979,-47.94961
205.8,0.1696,10.840,849.8,-21.96972,-47.94978
205.9,0.1715,10.880,850.3,-21.96997,-47.95011
206.0,0.1750,10.880,851.0,-21.96989,-47.95028
206.1,0.1801,10.880,852.0,-21.96982,-47.95044
206.2,0.1851,10.880,852.9,-21.96974,-47.95061
206.3,0.1813,10.900,852.3,-21.96983,-47.95086
206.4,0.1704,10.900,850.2,-21.96975,-47.95102
206.5,0.1608,10.900,848.4,-21.96968,-47.95119
206.6,0.1564,10.920,847.6,-21.96976,-47.95144
206.7,0.1527,10.920,846.9,-21.96968,-47.95161
206.8,0.1484,10.920,846.1,-21.96961,-47.95177
206.9,0.1478,10.920,846.0,-21.96953,-47.95194
207.0,0.1482,10.900,846.0,-21.96929,-47.95201
207.1,0.1482,10.900,846.0,-21.96921,-47.95218
207.2,0.1475,10.880,845.8,-21.96897,-47.95225
207.3,0.1433,10.860,844.9,-21.96874,-47.95233
207.4,0.1387,10.860,844.0,-21.96866,-47.95249
207.5,0.1344,10.860,843.2,-21.96858,-47.95266
207.6,0.1290,10.940,842.5,-21.96914,-47.95318
207.7,0.1269,10.920,842.0,-21.96890,-47.95325
207.8,0.1200,10.960,840.8,-21.96914,-47.95360
207.9,0.1072,10.920,838.3,-21.96874,-47.95358
208.0,0.0913,10.900,835.2,-21.96850,-47.95365
208.1,0.0774,10.880,832.5,-21.96826,-47.95372
208.2,0.0711,10.860,831.2,-21.96802,-47.95379
208.3,0.0681,10.900,830.8,-21.96826,-47.95414
208.4,0.0614,10.880,829.4,-21.96802,-47.95421
208.5,0.0553,10.820,828.1,-21.96746,-47.95410
208.6,0.0503,10.920,827.4,-21.96817,-47.95472
208.7,0.0447,10.820,826.1,-21.96730,-47.95442
208.8,0.0391,10.880,825.2,-21.96769,-47.95486
208.9,0.0341,10.880,824.2,-21.96761,-47.95502
209.0,0.0279,10.840,823.0,-21.96721,-47.95499
209.1,0.0219,10.920,822.0,-21.96776,-47.95553
209.2,0.0163,10.900,820.9,-21.96751,-47.95560
209.3,0.0119,10.800,819.9,-21.96665,-47.95528
209.4,0.0063,10.900,819.0,-21.96735,-47.95592
209.5,0.0017,10.900,818.1,-21.96726,-47.95608
209.6,-0.0039,10.880,817.0,-21.96702,-47.95615
209.7,-0.0098,10.740,815.7,-21.96584,-47.95563
209.8,-0.0145,10.740,814.8,-21.96576,-47.95579
209.9,-0.0179,10.760,814.2,-21.96583,-47.95604
210.0,-0.0231,10.720,813.2,-21.96543,-47.95601
210.1,-0.0253,10.720,812.8,-21.96535,-47.95617
210.2,-0.0269,10.200,812.0,-21.96122,-47.95378
210.3,-0.0269,10.200,812.0,-21.96114,-47.95393
210.4,-0.0264,10.300,812.2,-21.96183,-47.95457
210.5,-0.0235,10.300,812.7,-21.96175,-47.95472
210.6,-0.0217,10.280,813.0,-21.96151,-47.95477
210.7,-0.0202,10.320,813.3,-21.96174,-47.95512
210.8,-0.0165,10.320,814.0,-21.96166,-47.95527
210.9,-0.0163,10.300,814.0,-21.96142,-47.95532
211.0,-0.0131,10.420,814.7,-21.96226,-47.95607
211.1,-0.0112,10.340,815.0,-21.96156,-47.95582
211.2,-0.0105,10.380,815.1,-21.96179,-47.95617
211.3,-0.0045,11.600,818.0,-21.97109,-47.96248
211.4,0.0017,11.560,819.2,-21.97068,-47.96245
211.5,0.0071,11.560,820.2,-21.97059,-47.96261
211.6,0.0109,11.560,821.0,-21.97049,-47.96278
211.7,0.0155,11.580,822.0,-21.97055,-47.96305
211.8,0.0194,11.500,822.6,-21.96984,-47.96281
211.9,0.0213,11.520,823.0,-21.96990,-47.96308
212.0,0.0249,11.480,823.7,-21.96950,-47.96304
212.1,0.0295,11.480,824.6,-21.96940,-47.96320
212.2,0.0343,11.480,825.5,-21.96931,-47.96336
212.3,0.0393,11.540,826.7,-21.96967,-47.96384
212.4,0.0411,11.520,827.0,-21.96942,-47.96390
212.5,0.0443,11.460,827.5,-21.96887,-47.96375
212.6,0.0483,11.480,828.4,-21.96892,-47.96402
212.7,0.0519,11.500,829.1,-21.96898,-47.96429
212.8,0.0562,11.500,830.0,-21.96888,-47.96445
212.9,0.0594,11.440,830.5,-21.96833,-47.96430
213.0,0.0621,11.440,831.0,-21.96823,-47.96446
213.1,0.0644,11.440,831.5,-21.96813,-47.96463
213.2,0.0671,11.440,832.0,-21.96803,-47.96479
213.3,0.0701,11.500,832.8,-21.96838,-47.96527
213.4,0.0723,11.420,833.0,-21.96768,-47.96501
213.5,0.0752,11.480,833.8,-21.96804,-47.96549
213.6,0.0765,11.460,834.0,-21.96779,-47.96554
213.7,0.0778,11.380,834.0,-21.96709,-47.96527
213.8,0.0807,11.440,834.7,-21.96744,-47.96576
213.9,0.0820,11.440,835.0,-21.96734,-47.96592
214.0,0.0825,11.400,835.0,-21.96694,-47.96586
214.1,0.0842,11.440,835.4,-21.96713,-47.96624
214.2,0.0921,11.440,837.0,-21.96703,-47.96640
214.3,0.0937,11.440,837.3,-21.96693,-47.96656
214.4,0.0894,11.440,836.5,-21.96683,-47.96672
214.5,0.0873,11.440,836.1,-21.96673,-47.96688
214.6,0.0846,11.440,835.5,-21.96663,-47.96704
214.7,0.0866,11.480,836.0,-21.96682,-47.96742
214.8,0.0908,11.460,836.8,-21.96657,-47.96747
214.9,0.0934,11.460,837.3,-21.96647,-47.96763
215.0,0.0994,11.500,838.7,-21.96666,-47.96801
215.1,0.0965,11.480,838.0,-21.96641,-47.96806
215.2,0.0855,11.540,836.0,-21.96674,-47.96855
215.3,0.0834,11.540,835.6,-21.96664,-47.96871
215.4,0.0808,11.520,835.0,-21.96639,-47.96876
215.5,0.0827,11.540,835.4,-21.96643,-47.96903
215.6,0.0832,11.540,835.5,-21.96632,-47.96919
215.7,0.0834,11.560,835.6,-21.96636,-47.96946
215.8,0.0756,11.540,834.0,-21.96611,-47.96951
215.9,0.0752,11.540,833.9,-21.96601,-47.96967
216.0,0.0757,11.520,834.0,-21.96575,-47.96971
216.1,0.0759,11.520,834.0,-21.96565,-47.96987
216.2,0.0756,11.520,833.9,-21.96554,-47.97003
216.3,0.0755,11.540,834.0,-21.96558,-47.97030
216.4,0.0750,11.540,833.9,-21.96547,-47.97046
216.5,0.0756,11.540,834.0,-21.96536,-47.97061
216.6,0.0752,11.540,833.9,-21.96526,-47.97077
216.7,0.0723,11.540,833.3,-21.96515,-47.97093
216.8,0.0707,11.540,833.0,-21.96504,-47.97109
216.9,0.0703,11.560,833.0,-21.96507,-47.97136
217.0,0.0680,11.600,832.6,-21.96525,-47.97175
217.1,0.0654,11.560,832.0,-21.96485,-47.97167
217.2,0.0654,11.560,832.0,-21.96474,-47.97183
217.3,0.0696,11.580,832.9,-21.96478,-47.97210
217.4,0.0738,11.580,833.8,-21.96467,-47.97226
217.5,0.0714,11.600,833.3,-21.96470,-47.97253
217.6,0.0622,11.460,831.1,-21.96359,-47.97186
217.7,0.0668,11.400,831.8,-21.96305,-47.97165
217.8,0.0714,11.420,832.8,-21.96308,-47.97193
217.9,0.0709,11.440,832.8,-21.96312,-47.97220
218.0,0.0664,11.440,831.9,-21.96301,-47.97235
218.1,0.0787,12.240,836.7,-21.96856,-47.97730
218.2,0.0862,12.240,838.3,-21.96844,-47.97746
218.3,0.0864,12.240,838.4,-21.96832,-47.97763
218.4,0.0835,12.260,837.8,-21.96835,-47.97791
218.5,0.0778,12.260,836.6,-21.96823,-47.97807
218.6,0.0669,12.520,835.0,-21.96993,-47.97981
218.7,0.0678,12.600,835.4,-21.97037,-47.98046
218.8,0.0704,12.600,836.0,-21.97025,-47.98063
218.9,0.0714,12.520,836.0,-21.96957,-47.98031
219.0,0.0735,12.560,836.6,-21.96972,-47.98072
219.1,0.0755,12.560,837.0,-21.96960,-47.98088
219.2,0.0763,12.540,837.1,-21.96933,-47.98092
219.3,0.0793,12.540,837.8,-21.96921,-47.98109
219.4,0.0796,12.540,837.9,-21.96908,-47.98125
219.5,0.0806,12.560,838.1,-21.96910,-47.98154
219.6,0.0834,12.540,838.7,-21.96883,-47.98158
219.7,0.0849,12.540,839.0,-21.96871,-47.98174
219.8,0.0848,12.540,839.0,-21.96858,-47.98191
219.9,0.0860,12.540,839.3,-21.96845,-47.98207
220.0,0.0894,12.540,840.0,-21.96833,-47.98223
220.1,0.0908,12.540,840.3,-21.96820,-47.98239
220.2,0.0938,12.540,841.0,-21.96807,-47.98256
220.3,0.0957,12.520,841.3,-21.96781,-47.98259
220.4,0.0985,12.520,841.9,-21.96768,-47.98276
220.5,0.1007,12.520,842.4,-21.96755,-47.98292
220.6,0.1036,12.520,843.0,-21.96742,-47.98308
220.7,0.1067,12.440,843.4,-21.96675,-47.98273
220.8,0.1105,12.500,844.5,-21.96703,-47.98327
220.9,0.1129,12.500,845.0,-21.96690,-47.98343
221.0,0.1143,12.420,845.0,-21.96623,-47.98308
221.1,0.1163,12.460,845.6,-21.96637,-47.98350
221.2,0.1182,12.460,846.0,-21.96625,-47.98366
221.3,0.1193,12.400,846.0,-21.96571,-47.98343
221.4,0.1204,12.380,846.2,-21.96545,-47.98346
221.5,0.1236,12.380,846.9,-21.96532,-47.98362
221.6,0.1237,12.400,847.0,-21.96532,-47.98390
221.7,0.1205,12.400,846.3,-21.96519,-47.98406
221.8,0.1201,12.340,846.0,-21.96466,-47.98383
221.9,0.1203,12.340,846.0,-21.96453,-47.98398
222.0,0.1247,11.600,844.1,-21.95945,-47.97933
222.1,0.1311,11.600,845.4,-21.95933,-47.97947
222.2,0.1346,11.580,846.1,-21.95907,-47.97949
222.3,0.1370,11.580,846.5,-21.95895,-47.97963
222.4,0.1410,11.600,847.4,-21.95896,-47.97991
222.5,0.1439,11.600,848.0,-21.95884,-47.98005
222.6,0.1444,11.580,848.0,-21.95858,-47.98007
222.7,0.1463,11.580,848.4,-21.95846,-47.98021
222.8,0.1492,11.580,849.0,-21.95834,-47.98036
222.9,0.1488,11.600,849.0,-21.95834,-47.98063
223.0,0.1495,11.540,848.9,-21.95782,-47.98038
223.1,0.1499,11.540,849.0,-21.95770,-47.98052
223.2,0.1500,11.540,849.0,-21.95758,-47.98066
223.3,0.1496,11.560,849.0,-21.95758,-47.98094
223.4,0.1495,11.560,849.0,-21.95746,-47.98108
223.5,0.1490,11.540,848.8,-21.95720,-47.98109
223.6,0.1455,11.580,848.3,-21.95734,-47.98150
223.7,0.1448,11.540,847.9,-21.95695,-47.98137
223.8,0.1447,11.560,848.0,-21.95696,-47.98165
223.9,0.1397,11.580,847.1,-21.95696,-47.98193
224.0,0.1360,11.580,846.3,-21.95683,-47.98207
224.1,0.1344,11.580,846.0,-21.95671,-47.98221
224.2,0.1309,11.560,845.2,-21.95645,-47.98221
224.3,0.1287,11.620,845.0,-21.95671,-47.98276
224.4,0.1253,11.600,844.2,-21.95646,-47.98276
224.5,0.1240,12.040,845.7,-21.95915,-47.98590
224.6,0.1190,12.060,844.7,-21.95915,-47.98618
224.7,0.1178,12.060,844.4,-21.95901,-47.98633
224.8,0.1204,12.060,845.0,-21.95888,-47.98647
224.9,0.1185,12.080,844.6,-21.95887,-47.98676
225.0,0.1158,12.060,844.0,-21.95861,-47.98676
225.1,0.1137,12.080,843.6,-21.95861,-47.98704
225.2,0.1121,12.160,843.6,-21.95898,-47.98774
225.3,0.1139,12.140,843.9,-21.95872,-47.98775
225.4,0.1143,12.140,844.0,-21.95858,-47.98789
225.5,0.1169,12.140,844.5,-21.95844,-47.98804
225.6,0.1164,12.140,844.4,-21.95831,-47.98818
225.7,0.1166,12.240,844.8,-21.95880,-47.98902
225.8,0.1209,12.280,845.9,-21.95891,-47.98944
225.9,0.1214,12.280,846.0,-21.95877,-47.98959
226.0,0.1255,12.280,846.9,-21.95864,-47.98973
226.1,0.1244,12.340,846.9,-21.95887,-47.99030
226.2,0.1227,12.260,846.2,-21.95823,-47.98988
226.3,0.1258,12.260,846.9,-21.95809,-47.99002
226.4,0.1274,12.260,847.2,-21.95795,-47.99017
226.5,0.1305,12.260,847.9,-21.95781,-47.99031
226.6,0.1322,12.260,848.2,-21.95767,-47.99045
226.7,0.1349,12.300,849.0,-21.95778,-47.99088
226.8,0.1342,12.300,848.8,-21.95764,-47.99102
226.9,0.1350,12.300,849.0,-21.95750,-47.99116
227.0,0.1354,12.280,849.0,-21.95724,-47.99116
227.1,0.1340,12.300,848.8,-21.95722,-47.99145
227.2,0.1327,12.300,848.5,-21.95707,-47.99159
227.3,0.1355,12.260,848.9,-21.95669,-47.99144
227.4,0.1343,12.280,848.8,-21.95667,-47.99173
227.5,0.1313,12.280,848.1,-21.95653,-47.99187
227.6,0.1307,12.280,848.0,-21.95638,-47.99201
227.7,0.1319,12.280,848.3,-21.95624,-47.99215
227.8,0.1377,12.260,849.4,-21.95598,-47.99215
227.9,0.1419,12.260,850.3,-21.95583,-47.99228
228.0,0.1391,12.340,850.0,-21.95617,-47.99300
228.1,0.1455,12.360,851.5,-21.95615,-47.99329
228.2,0.1458,12.340,851.5,-21.95588,-47.99328
228.3,0.1374,12.340,849.7,-21.95574,-47.99342
228.4,0.1289,12.420,848.2,-21.95607,-47.99414
228.5,0.1352,12.400,849.4,-21.95581,-47.99413
228.6,0.1356,12.420,849.6,-21.95578,-47.99442
228.7,0.1306,12.340,848.2,-21.95516,-47.99397
228.8,0.1323,12.340,848.6,-21.95501,-47.99411
228.9,0.1295,12.360,848.1,-21.95498,-47.99440
229.0,0.1295,12.280,847.7,-21.95437,-47.99395
229.1,0.1264,12.260,847.0,-21.95410,-47.99394
229.2,0.1243,12.340,846.9,-21.95443,-47.99466
229.3,0.1199,12.360,846.0,-21.95440,-47.99494
229.4,0.1223,12.160,845.7,-21.95308,-47.99360
229.5,0.1232,12.140,845.9,-21.95282,-47.99359
229.6,0.1221,12.240,846.0,-21.95325,-47.99446
229.7,0.1218,12.180,845.7,-21.95276,-47.99415
229.8,0.1184,12.580,846.5,-21.95493,-47.99725
229.9,0.1173,12.560,846.2,-21.95467,-47.99724
230.0,0.1199,12.540,846.7,-21.95440,-47.99723
230.1,0.1160,12.540,845.8,-21.95425,-47.99737
230.2,0.1145,12.540,845.5,-21.95410,-47.99750
230.3,0.1070,12.580,844.0,-21.95418,-47.99794
230.4,0.1060,12.600,843.8,-21.95414,-47.99822
230.5,0.1006,12.560,842.5,-21.95376,-47.99806
230.6,0.0968,12.620,841.9,-21.95395,-47.99865
230.7,0.0963,12.560,841.6,-21.95345,-47.99833
230.8,0.0955,12.560,841.4,-21.95330,-47.99846
230.9,0.0936,12.560,841.0,-21.95315,-47.99860
231.0,0.0901,12.560,840.2,-21.95299,-47.99873
231.1,0.0858,12.580,839.3,-21.95295,-47.99902
231.2,0.0843,12.580,839.0,-21.95280,-47.99915
231.3,0.0841,12.560,838.9,-21.95253,-47.99913
231.4,0.0787,12.560,837.7,-21.95238,-47.99927
231.5,0.0755,12.560,837.0,-21.95222,-47.99940
231.6,0.0723,12.560,836.3,-21.95207,-47.99953
231.7,0.0714,12.520,836.0,-21.95169,-47.99936
231.8,0.0704,12.580,835.9,-21.95187,-47.99995
231.9,0.0681,12.560,835.4,-21.95160,-47.99993
232.0,0.0640,12.520,834.4,-21.95123,-47.99975
232.1,0.0619,12.540,834.0,-21.95118,-48.00003
232.2,0.0619,12.560,834.0,-21.95114,-48.00032
232.3,0.0782,12.600,837.7,-21.95120,-48.00076
232.4,0.0934,12.600,841.1,-21.95104,-48.00089
232.5,0.0914,12.620,840.7,-21.95099,-48.00117
232.6,0.1019,12.620,843.0,-21.95084,-48.00130
232.7,0.1048,12.620,843.6,-21.95068,-48.00143
232.8,0.1134,12.600,845.5,-21.95041,-48.00140
232.9,0.1200,12.580,846.8,-21.95015,-48.00138
233.0,0.1204,12.580,846.9,-21.94999,-48.00151
233.1,0.1176,12.580,846.3,-21.94983,-48.00163
233.2,0.1106,12.580,844.8,-21.94967,-48.00176
233.3,0.1034,12.580,843.2,-21.94951,-48.00189
233.4,0.0945,12.580,841.2,-21.94935,-48.00202
233.5,0.0915,12.580,840.6,-21.94920,-48.00214
233.6,0.0881,12.580,839.8,-21.94904,-48.00227
233.7,0.0797,12.580,838.0,-21.94888,-48.00240
233.8,0.0686,12.580,835.5,-21.94872,-48.00252
233.9,0.0688,12.500,835.4,-21.94813,-48.00202
234.0,0.0677,12.500,835.1,-21.94798,-48.00214
234.1,0.0655,12.500,834.6,-21.94782,-48.00227
234.2,0.0592,12.500,833.3,-21.94766,-48.00239
234.3,0.0582,12.400,832.8,-21.94697,-48.00173
234.4,0.0552,12.460,832.3,-21.94713,-48.00232
234.5,0.0570,12.460,832.7,-21.94697,-48.00245
234.6,0.0551,12.460,832.3,-21.94681,-48.00257
234.7,0.0540,12.360,831.8,-21.94613,-48.00190
234.8,0.0540,12.440,832.0,-21.94639,-48.00265
234.9,0.0487,12.440,830.8,-21.94623,-48.00278
235.0,0.0475,12.420,830.5,-21.94596,-48.00274
235.1,0.0491,12.420,830.9,-21.94580,-48.00286
235.2,0.0443,12.440,829.9,-21.94574,-48.00314
235.3,0.0381,12.420,828.5,-21.94548,-48.00310
235.4,0.0391,12.420,828.7,-21.94532,-48.00322
235.5,0.0410,12.380,829.0,-21.94496,-48.00302
235.6,0.0432,12.360,829.4,-21.94469,-48.00297
235.7,0.0362,12.360,827.9,-21.94453,-48.00309
235.8,0.0537,12.480,832.0,-21.94498,-48.00417
235.9,0.0566,12.480,832.6,-21.94482,-48.00429
236.0,0.0622,12.480,833.9,-21.94465,-48.00441
236.1,0.0626,12.480,833.9,-21.94449,-48.00453
236.2,0.0618,12.500,833.8,-21.94443,-48.00481
236.3,0.0558,12.500,832.5,-21.94427,-48.00493
236.4,0.0576,12.520,833.0,-21.94420,-48.00520
236.5,0.0590,12.520,833.3,-21.94404,-48.00532
236.6,0.0566,12.520,832.8,-21.94387,-48.00544
236.7,0.0558,12.540,832.6,-21.94381,-48.00572
236.8,0.0574,12.540,833.0,-21.94364,-48.00583
236.9,0.0567,12.520,832.8,-21.94338,-48.00579
237.0,0.0523,12.520,831.8,-21.94321,-48.00590
237.1,0.0558,12.520,832.6,-21.94305,-48.00602
237.2,0.0493,12.520,831.2,-21.94288,-48.00613
237.3,0.0543,12.540,832.3,-21.94282,-48.00641
237.4,0.0530,12.540,832.0,-21.94265,-48.00653
237.5,0.0542,12.540,832.3,-21.94248,-48.00664
237.6,0.0428,12.560,829.9,-21.94241,-48.00692
237.7,0.0289,12.560,826.8,-21.94225,-48.00703
237.8,0.0263,12.560,826.2,-21.94208,-48.00714
237.9,0.0283,12.560,826.7,-21.94191,-48.00726
238.0,0.0243,12.560,825.8,-21.94174,-48.00737
238.1,0.0249,12.580,826.0,-21.94167,-48.00765
238.2,0.0274,12.580,826.5,-21.94150,-48.00776
238.3,0.0287,12.600,826.9,-21.94143,-48.00804
238.4,0.0265,12.600,826.4,-21.94126,-48.00815
238.5,0.0244,12.600,825.9,-21.94109,-48.00826
238.6,0.0260,12.640,826.3,-21.94111,-48.00870
238.7,0.0284,12.620,826.8,-21.94085,-48.00865
238.8,0.0248,12.660,826.1,-21.94087,-48.00909
238.9,0.0245,12.640,826.0,-21.94060,-48.00904
239.0,0.0203,12.640,825.1,-21.94043,-48.00915
239.1,0.0132,12.640,823.5,-21.94026,-48.00926
239.2,0.0120,12.460,822.9,-21.93926,-48.00787
239.3,0.0113,12.460,822.7,-21.93909,-48.00797
239.4,0.0092,12.300,822.0,-21.93819,-48.00674
239.5,0.0120,12.380,822.7,-21.93839,-48.00752
239.6,0.0082,12.380,821.9,-21.93822,-48.00762
239.7,0.0066,12.420,821.6,-21.93824,-48.00807
239.8,0.0063,12.440,821.6,-21.93816,-48.00834
239.9,0.0055,12.440,821.5,-21.93799,-48.00845
240.0,0.0036,12.420,821.0,-21.93773,-48.00838
240.1,0.0036,12.420,821.0,-21.93756,-48.00849
240.2,0.0029,12.440,820.9,-21.93748,-48.00876
240.3,-0.0016,12.460,819.9,-21.93740,-48.00903
240.4,-0.0047,12.340,819.1,-21.93670,-48.00813
240.5,-0.0053,12.380,819.0,-21.93670,-48.00857
240.6,-0.0040,12.500,819.5,-21.93707,-48.00968
240.7,-0.0010,12.500,820.1,-21.93689,-48.00979
240.8,0.0101,9.400,817.4,-21.92312,-47.98361
240.9,0.0131,1.500,810.2,-21.88841,-47.91668
241.0,0.0216,1.500,810.4,-21.88839,-47.91670
241.1,0.0301,1.500,810.6,-21.88837,-47.91671
241.2,0.0386,1.500,810.8,-21.88835,-47.91672
241.3,0.0462,1.500,811.0,-21.88833,-47.91673
241.4,0.0510,1.500,811.2,-21.88831,-47.91674
241.5,0.0557,1.500,811.3,-21.88829,-47.91676
241.6,0.0600,1.500,811.4,-21.88827,-47.91677
241.7,0.0642,1.500,811.5,-21.88824,-47.91678
241.8,0.0680,1.500,811.6,-21.88822,-47.91679
241.9,0.0717,1.500,811.7,-21.88820,-47.91680
242.0,0.0751,1.500,811.8,-21.88818,-47.91682
242.1,0.0783,1.500,811.9,-21.88816,-47.91683
242.2,0.0812,1.500,812.0,-21.88814,-47.91684
242.3,0.0839,1.500,812.0,-21.88812,-47.91685
242.4,0.0863,1.500,812.1,-21.88810,-47.91686
242.5,0.0886,1.500,812.1,-21.88808,-47.91688
242.6,0.0905,1.500,812.2,-21.88806,-47.91689
242.7,0.0919,1.500,812.2,-21.88804,-47.91690
242.8,0.0932,1.500,812.3,-21.88802,-47.91691
242.9,0.0944,1.500,812.3,-21.88799,-47.91692
243.0,0.0957,1.500,812.3,-21.88797,-47.91693
243.1,0.0969,1.500,812.4,-21.88795,-47.91695
243.2,0.0974,1.500,812.4,-21.88793,-47.91696
243.3,0.0981,1.500,812.4,-21.88791,-47.91697
243.4,0.0991,1.500,812.4,-21.88789,-47.91698
243.5,0.1003,1.500,812.5,-21.88787,-47.91699
243.6,0.1017,1.500,812.5,-21.88785,-47.91700
243.7,0.1034,1.500,812.5,-21.88783,-47.91701
243.8,0.1053,1.500,812.6,-21.88780,-47.91703
243.9,0.1075,1.500,812.6,-21.88778,-47.91704
244.0,0.1113,1.500,812.7,-21.88776,-47.91705
244.1,0.1156,1.500,812.9,-21.88774,-47.91706
244.2,0.1199,1.500,813.0,-21.88772,-47.91707
244.3,0.1242,1.500,813.1,-21.88770,-47.91708
244.4,0.1285,1.500,813.2,-21.88768,-47.91709
244.5,0.1329,1.500,813.3,-21.88766,-47.91710
244.6,0.1372,1.500,813.4,-21.88764,-47.91711
244.7,0.1416,1.500,813.5,-21.88761,-47.91712
244.8,0.1460,1.500,813.6,-21.88759,-47.91714
244.9,0.1504,1.500,813.8,-21.88757,-47.91715
245.0,0.1548,1.500,813.9,-21.88755,-47.91716
245.1,0.1592,1.500,814.0,-21.88753,-47.91717
245.2,0.1636,1.500,814.1,-21.88751,-47.91718
245.3,0.1658,1.500,814.2,-21.88749,-47.91719
245.4,0.1671,1.500,814.2,-21.88746,-47.91720
245.5,0.1686,1.500,814.2,-21.88744,-47.91721
245.6,0.1704,1.500,814.3,-21.88742,-47.91722
245.7,0.1729,1.500,814.4,-21.88740,-47.91723
245.8,0.1758,1.500,814.4,-21.88738,-47.91724
245.9,0.1793,1.500,814.5,-21.88736,-47.91725
246.0,0.1831,1.500,814.6,-21.88734,-47.91726
246.1,0.1874,1.500,814.7,-21.88731,-47.91727
246.2,0.1922,1.500,814.9,-21.88729,-47.91728
246.3,0.1973,1.500,815.0,-21.88727,-47.91729
246.4,0.2029,1.500,815.1,-21.88725,-47.91730
246.5,0.2090,1.500,815.3,-21.88723,-47.91731
246.6,0.2161,1.500,815.5,-21.88721,-47.91732
246.7,0.2234,1.500,815.7,-21.88718,-47.91733
246.8,0.2308,1.500,815.9,-21.88716,-47.91734
246.9,0.2381,1.500,816.1,-21.88714,-47.91735
247.0,0.2454,1.500,816.3,-21.88712,-47.91736
247.1,0.2528,1.500,816.4,-21.88710,-47.91737
247.2,0.2601,1.500,816.6,-21.88708,-47.91738
247.3,0.2674,1.500,816.8,-21.88705,-47.91739
247.4,0.2747,1.500,817.0,-21.88703,-47.91740
247.5,0.2821,1.500,817.2,-21.88701,-47.91741
247.6,0.2894,1.500,817.4,-21.88699,-47.91742
247.7,0.2967,1.500,817.6,-21.88697,-47.91743
247.8,0.3040,1.500,817.8,-21.88694,-47.91744
247.9,0.3055,1.500,817.8,-21.88692,-47.91745
248.0,0.3068,1.500,817.9,-21.88690,-47.91746
248.1,0.3081,1.500,817.9,-21.88688,-47.91747
248.2,0.3094,1.500,817.9,-21.88686,-47.91748
248.3,0.3107,1.500,818.0,-21.88684,-47.91749
248.4,0.3120,1.500,818.0,-21.88681,-47.91750
248.5,0.3112,1.500,818.0,-21.88679,-47.91751
248.6,0.3105,1.500,818.0,-21.88677,-47.91752
248.7,0.3101,1.500,817.9,-21.88675,-47.91753
248.8,0.3101,1.500,817.9,-21.88673,-47.91754
248.9,0.3106,1.500,818.0,-21.88670,-47.91754
249.0,0.3114,1.500,818.0,-21.88668,-47.91755
249.1,0.3131,1.500,818.0,-21.88666,-47.91756
249.2,0.3162,1.500,818.1,-21.88664,-47.91757
249.3,0.3192,1.500,818.2,-21.88662,-47.91758
249.4,0.3222,1.500,818.3,-21.88659,-47.91759
249.5,0.3253,1.500,818.3,-21.88657,-47.91760
249.6,0.3283,1.500,818.4,-21.88655,-47.91761
249.7,0.3313,1.500,818.5,-21.88653,-47.91762
249.8,0.3344,1.500,818.6,-21.88651,-47.91763
249.9,0.3374,1.500,818.7,-21.88648,-47.91763
250.0,0.3405,1.500,818.7,-21.88646,-47.91764
250.1,0.3435,1.500,818.8,-21.88644,-47.91765
250.2,0.3466,1.500,818.9,-21.88642,-47.91766
250.3,0.3496,1.500,819.0,-21.88639,-47.91767
250.4,0.3518,1.500,819.0,-21.88637,-47.91768
250.5,0.3540,1.500,819.1,-21.88635,-47.91769
250.6,0.3563,1.500,819.2,-21.88633,-47.91769
250.7,0.3587,1.500,819.2,-21.88631,-47.91770
250.8,0.3614,1.500,819.3,-21.88628,-47.91771
250.9,0.3643,1.500,819.4,-21.88626,-47.91772
251.0,0.3673,1.500,819.4,-21.88624,-47.91773
251.1,0.3705,1.500,819.5,-21.88622,-47.91774
251.2,0.3742,1.520,819.8,-21.88625,-47.91793
251.3,0.3796,1.520,819.9,-21.88623,-47.91794
251.4,0.3851,1.520,820.0,-21.88621,-47.91794
251.5,0.3908,1.520,820.2,-21.88618,-47.91795
251.6,0.3967,1.520,820.4,-21.88616,-47.91796
251.7,0.4028,1.520,820.5,-21.88614,-47.91797
251.8,0.4091,1.520,820.7,-21.88612,-47.91798
251.9,0.4138,1.520,820.8,-21.88609,-47.91798
252.0,0.4179,1.520,820.9,-21.88607,-47.91799
252.1,0.4221,1.520,821.0,-21.88605,-47.91800
252.2,0.4262,1.520,821.1,-21.88603,-47.91801
252.3,0.4304,1.520,821.2,-21.88600,-47.91802
252.4,0.4345,1.520,821.4,-21.88598,-47.91802
252.5,0.4387,1.520,821.5,-21.88596,-47.91803
252.6,0.4428,1.520,821.6,-21.88593,-47.91804
252.7,0.4474,1.540,821.9,-21.88596,-47.91823
252.8,0.4531,1.540,822.0,-21.88594,-47.91824
252.9,0.4590,1.540,822.2,-21.88592,-47.91825
253.0,0.4650,1.540,822.3,-21.88590,-47.91826
253.1,0.4712,1.540,822.5,-21.88587,-47.91826
253.2,0.4776,1.540,822.7,-21.88585,-47.91827
253.3,0.4834,1.540,822.8,-21.88583,-47.91828
253.4,0.4875,1.540,822.9,-21.88580,-47.91829
253.5,0.4916,1.540,823.0,-21.88578,-47.91829
253.6,0.4957,1.540,823.2,-21.88576,-47.91830
253.7,0.4998,1.540,823.3,-21.88573,-47.91831
253.8,0.5039,1.540,823.4,-21.88571,-47.91832
253.9,0.5079,1.540,823.5,-21.88569,-47.91832
254.0,0.5120,1.540,823.6,-21.88566,-47.91833
254.1,0.5160,1.540,823.7,-21.88564,-47.91834
254.2,0.5212,1.560,824.0,-21.88567,-47.91853
254.3,0.5272,1.560,824.2,-21.88564,-47.91854
254.4,0.5333,1.560,824.4,-21.88562,-47.91855
254.5,0.5396,1.560,824.5,-21.88560,-47.91855
254.6,0.5461,1.560,824.7,-21.88557,-47.91856
254.7,0.5524,1.580,825.1,-21.88560,-47.91875
254.8,0.5627,1.580,825.4,-21.88557,-47.91876
254.9,0.5710,1.580,825.6,-21.88555,-47.91877
255.0,0.5798,1.600,826.0,-21.88557,-47.91896
255.1,0.5899,1.600,826.3,-21.88555,-47.91897
255.2,0.5984,1.620,826.8,-21.88557,-47.91916
255.3,0.6085,1.620,827.1,-21.88554,-47.91917
255.4,0.6181,1.640,827.5,-21.88556,-47.91937
255.5,0.6268,1.640,827.8,-21.88554,-47.91937
255.6,0.6308,1.640,827.9,-21.88551,-47.91938
255.7,0.6348,1.640,828.0,-21.88549,-47.91939
255.8,0.6388,1.640,828.1,-21.88546,-47.91939
255.9,0.6444,1.660,828.5,-21.88548,-47.91959
256.0,0.6514,1.660,828.7,-21.88546,-47.91959
256.1,0.6587,1.660,828.9,-21.88543,-47.91960
256.2,0.6663,1.660,829.2,-21.88541,-47.91961
256.3,0.6742,1.660,829.4,-21.88538,-47.91961
256.4,0.6824,1.660,829.6,-21.88536,-47.91962
256.5,0.6909,1.660,829.9,-21.88533,-47.91963
256.6,0.6997,1.660,830.1,-21.88531,-47.91963
256.7,0.7088,1.660,830.4,-21.88528,-47.91964
256.8,0.7106,1.680,830.7,-21.88530,-47.91984
256.9,0.7206,1.680,831.0,-21.88527,-47.91984
257.0,0.7203,1.680,831.0,-21.88524,-47.91985
257.1,0.7204,1.680,831.0,-21.88522,-47.91986
257.2,0.7208,1.680,831.0,-21.88519,-47.91986
257.3,0.7214,1.680,831.0,-21.88517,-47.91987
257.4,0.7275,1.500,828.9,-21.88479,-47.91817
257.5,0.7388,1.500,829.2,-21.88476,-47.91818
257.6,0.7493,1.500,829.4,-21.88474,-47.91818
257.7,0.7610,1.500,829.8,-21.88472,-47.91819
257.8,0.7827,1.500,830.3,-21.88470,-47.91819
257.9,0.8042,1.500,830.9,-21.88467,-47.91820
258.0,0.8254,1.500,831.4,-21.88465,-47.91820
258.1,0.8465,1.500,832.0,-21.88463,-47.91821
258.2,0.8674,1.500,832.5,-21.88460,-47.91821
258.3,0.8881,1.500,833.1,-21.88458,-47.91822
258.4,0.9086,1.500,833.6,-21.88456,-47.91822
258.5,0.9289,1.500,834.1,-21.88453,-47.91823
258.6,0.9490,1.500,834.7,-21.88451,-47.91823
258.7,0.9689,1.500,835.2,-21.88449,-47.91824
258.8,0.9887,1.500,835.7,-21.88446,-47.91824
258.9,1.0067,1.500,836.2,-21.88444,-47.91825
259.0,1.0137,1.500,836.4,-21.88442,-47.91825
259.1,1.0218,1.500,836.6,-21.88440,-47.91826
259.2,1.0307,1.500,836.8,-21.88437,-47.91826
259.3,1.0405,1.500,837.1,-21.88435,-47.91827
259.4,1.0513,1.500,837.4,-21.88433,-47.91827
259.5,1.0629,1.500,837.7,-21.88430,-47.91828
259.6,1.0754,1.500,838.0,-21.88428,-47.91828
259.7,1.0887,1.500,838.3,-21.88426,-47.91829
259.8,1.1029,1.500,838.7,-21.88423,-47.91829
259.9,1.1180,1.500,839.1,-21.88421,-47.91829
260.0,1.1338,1.500,839.5,-21.88419,-47.91830
260.1,1.1477,1.500,839.9,-21.88416,-47.91830
260.2,1.1451,1.500,839.8,-21.88414,-47.91831
260.3,1.1425,1.500,839.7,-21.88412,-47.91831
260.4,1.1399,1.500,839.7,-21.88409,-47.91832
260.5,1.1373,1.500,839.6,-21.88407,-47.91832
260.6,1.1347,1.500,839.5,-21.88405,-47.91832
260.7,1.1321,1.500,839.5,-21.88402,-47.91833
260.8,1.1306,1.520,839.8,-21.88403,-47.91852
260.9,1.1389,1.520,840.1,-21.88401,-47.91853
261.0,1.1476,1.520,840.3,-21.88398,-47.91853
261.1,1.1569,1.520,840.5,-21.88396,-47.91854
261.2,1.1666,1.520,840.8,-21.88394,-47.91854
261.3,1.1767,1.520,841.1,-21.88391,-47.91854
261.4,1.1871,1.520,841.3,-21.88389,-47.91855
261.5,1.1946,1.540,842.0,-21.88389,-47.91874
261.6,1.2023,1.540,842.2,-21.88387,-47.91875
261.7,1.2088,1.540,842.3,-21.88384,-47.91875
261.8,1.2155,1.540,842.5,-21.88382,-47.91876
261.9,1.2224,1.540,842.7,-21.88380,-47.91876
262.0,1.2294,1.540,842.9,-21.88377,-47.91876
262.1,1.2367,1.540,843.1,-21.88375,-47.91877
262.2,1.2440,1.540,843.3,-21.88372,-47.91877
262.3,1.2516,1.540,843.5,-21.88370,-47.91877
262.4,1.2592,1.540,843.7,-21.88368,-47.91878
262.5,1.2671,1.540,843.9,-21.88365,-47.91878
262.6,1.2751,1.540,844.1,-21.88363,-47.91878
262.7,1.2785,1.540,844.2,-21.88360,-47.91879
262.8,1.2736,1.560,844.5,-21.88360,-47.91898
262.9,1.2654,1.540,843.9,-21.88356,-47.91879
263.0,1.2629,1.520,843.3,-21.88351,-47.91860
263.1,1.2665,1.520,843.4,-21.88349,-47.91861
263.2,1.2702,1.520,843.5,-21.88346,-47.91861
263.3,1.2731,1.520,843.6,-21.88344,-47.91861
263.4,1.2755,1.520,843.7,-21.88341,-47.91862
263.5,1.2777,1.520,843.7,-21.88339,-47.91862
263.6,1.2794,1.520,843.8,-21.88337,-47.91862
263.7,1.2826,1.500,843.4,-21.88332,-47.91843
263.8,1.2879,1.500,843.6,-21.88330,-47.91844
263.9,1.2929,1.500,843.7,-21.88328,-47.91844
264.0,1.2976,1.500,843.8,-21.88325,-47.91844
264.1,1.3021,1.500,843.9,-21.88323,-47.91844
264.2,1.3064,1.500,844.0,-21.88321,-47.91845
264.3,1.3105,1.500,844.1,-21.88318,-47.91845
264.4,1.3143,1.500,844.2,-21.88316,-47.91845
264.5,1.3179,1.500,844.3,-21.88314,-47.91845
264.6,1.3213,1.500,844.4,-21.88311,-47.91846
264.7,1.3244,1.500,844.5,-21.88309,-47.91846
264.8,1.3274,1.500,844.6,-21.88307,-47.91846
264.9,1.3197,1.500,844.4,-21.88304,-47.91846
265.0,1.3045,1.500,844.0,-21.88302,-47.91846
265.1,1.2891,1.500,843.6,-21.88299,-47.91847
265.2,1.2736,1.500,843.2,-21.88297,-47.91847
265.3,1.2580,1.500,842.8,-21.88295,-47.91847
265.4,1.2423,1.500,842.4,-21.88292,-47.91847
265.5,1.2264,1.500,841.9,-21.88290,-47.91848
265.6,1.2104,1.500,841.5,-21.88288,-47.91848
265.7,1.1943,1.500,841.1,-21.88285,-47.91848
265.8,1.1781,1.500,840.7,-21.88283,-47.91848
265.9,1.1619,1.500,840.3,-21.88281,-47.91848
266.0,1.1455,1.500,839.8,-21.88278,-47.91848
266.1,1.1369,1.500,839.6,-21.88276,-47.91849
266.2,1.1309,1.500,839.4,-21.88274,-47.91849
266.3,1.1249,1.500,839.3,-21.88271,-47.91849
266.4,1.1190,1.500,839.1,-21.88269,-47.91849
266.5,1.1132,1.500,839.0,-21.88267,-47.91849
266.6,1.1074,1.500,838.8,-21.88264,-47.91849
266.7,1.1017,1.500,838.7,-21.88262,-47.91850
266.8,1.0961,1.500,838.5,-21.88260,-47.91850
266.9,1.0905,1.500,838.4,-21.88257,-47.91850
267.0,1.0850,1.500,838.2,-21.88255,-47.91850
267.1,1.0796,1.500,838.1,-21.88252,-47.91850
267.2,1.0742,1.500,838.0,-21.88250,-47.91850
267.3,1.0720,1.500,837.9,-21.88248,-47.91850
267.4,1.0699,1.500,837.8,-21.88245,-47.91851
267.5,1.0680,1.500,837.8,-21.88243,-47.91851
267.6,1.0661,1.500,837.7,-21.88241,-47.91851
267.7,1.0642,1.500,837.7,-21.88238,-47.91851
267.8,1.0624,1.500,837.6,-21.88236,-47.91851
267.9,1.0606,1.500,837.6,-21.88234,-47.91851
268.0,1.0589,1.500,837.6,-21.88231,-47.91851
268.1,1.0572,1.500,837.5,-21.88229,-47.91851
268.2,1.0556,1.500,837.5,-21.88227,-47.91851
268.3,1.0540,1.500,837.4,-21.88224,-47.91851
268.4,1.0521,1.500,837.4,-21.88222,-47.91851
268.5,1.0484,1.500,837.3,-21.88219,-47.91852
268.6,1.0447,1.500,837.2,-21.88217,-47.91852
268.7,1.0411,1.500,837.1,-21.88215,-47.91852
268.8,1.0376,1.500,837.0,-21.88212,-47.91852
268.9,1.0341,1.500,836.9,-21.88210,-47.91852
269.0,1.0307,1.500,836.8,-21.88208,-47.91852
269.1,1.0273,1.500,836.7,-21.88205,-47.91852
269.2,1.0240,1.500,836.6,-21.88203,-47.91852
269.3,1.0206,1.500,836.6,-21.88201,-47.91852
269.4,1.0174,1.500,836.5,-21.88198,-47.91852
269.5,1.0141,1.500,836.4,-21.88196,-47.91852
269.6,1.0121,1.500,836.3,-21.88194,-47.91852
269.7,1.0121,1.500,836.3,-21.88191,-47.91852
269.8,1.0121,1.500,836.3,-21.88189,-47.91852
269.9,1.0121,1.500,836.3,-21.88186,-47.91852
270.0,1.0121,1.500,836.3,-21.88184,-47.91852
270.1,1.0121,1.500,836.3,-21.88182,-47.91852
270.2,1.0121,1.500,836.3,-21.88179,-47.91852
270.3,1.0121,1.500,836.3,-21.88177,-47.91852
270.4,1.0121,1.500,836.3,-21.88175,-47.91852
270.5,1.0122,1.500,836.3,-21.88172,-47.91852
270.6,1.0122,1.500,836.3,-21.88170,-47.91852
270.7,1.0122,1.500,836.3,-21.88168,-47.91852
270.8,1.0123,1.500,836.3,-21.88165,-47.91852
270.9,1.0123,1.500,836.3,-21.88163,-47.91852
271.0,1.0124,1.500,836.3,-21.88161,-47.91852
271.1,1.0124,1.500,836.3,-21.88158,-47.91852
271.2,1.0125,1.500,836.3,-21.88156,-47.91852
271.3,1.0126,1.500,836.3,-21.88153,-47.91852
271.4,1.0127,1.500,836.3,-21.88151,-47.91852
271.5,1.0128,1.500,836.3,-21.88149,-47.91852
271.6,1.0129,1.500,836.3,-21.88146,-47.91851
271.7,1.0130,1.500,836.4,-21.88144,-47.91851
271.8,1.0131,1.500,836.4,-21.88142,-47.91851
271.9,1.0132,1.500,836.4,-21.88139,-47.91851
272.0,1.0116,1.500,836.3,-21.88137,-47.91851
272.1,1.0097,1.500,836.3,-21.88135,-47.91851
272.2,1.0078,1.500,836.2,-21.88132,-47.91851
272.3,1.0059,1.500,836.2,-21.88130,-47.91851
272.4,1.0041,1.500,836.1,-21.88128,-47.91851
272.5,1.0023,1.500,836.1,-21.88125,-47.91851
272.6,1.0005,1.500,836.0,-21.88123,-47.91851
272.7,0.9988,1.500,836.0,-21.88120,-47.91850
272.8,0.9971,1.500,835.9,-21.88118,-47.91850
272.9,0.9954,1.500,835.9,-21.88116,-47.91850
273.0,0.9938,1.500,835.8,-21.88113,-47.91850
273.1,0.9922,1.500,835.8,-21.88111,-47.91850
273.2,0.9913,1.500,835.8,-21.88109,-47.91850
273.3,0.9903,1.500,835.8,-21.88106,-47.91850
273.4,0.9894,1.500,835.7,-21.88104,-47.91849
273.5,0.9884,1.500,835.7,-21.88102,-47.91849
273.6,0.9873,1.500,835.7,-21.88099,-47.91849
273.7,0.9863,1.500,835.7,-21.88097,-47.91849
273.8,0.9852,1.500,835.6,-21.88095,-47.91849
273.9,0.9840,1.500,835.6,-21.88092,-47.91849
274.0,0.9829,1.500,835.6,-21.88090,-47.91848
274.1,0.9817,1.500,835.5,-21.88088,-47.91848
274.2,0.9805,1.500,835.5,-21.88085,-47.91848
274.3,0.9788,1.500,835.5,-21.88083,-47.91848
274.4,0.9759,1.500,835.4,-21.88080,-47.91848
274.5,0.9729,1.500,835.3,-21.88078,-47.91848
274.6,0.9700,1.500,835.2,-21.88076,-47.91847
274.7,0.9670,1.500,835.1,-21.88073,-47.91847
274.8,0.9641,1.500,835.1,-21.88071,-47.91847
274.9,0.9611,1.500,835.0,-21.88069,-47.91847
275.0,0.9582,1.500,834.9,-21.88066,-47.91846
275.1,0.9553,1.500,834.8,-21.88064,-47.91846
275.2,0.9524,1.500,834.8,-21.88062,-47.91846
275.3,0.9495,1.500,834.7,-21.88059,-47.91846
275.4,0.9466,1.500,834.6,-21.88057,-47.91846
275.5,0.9444,1.500,834.6,-21.88055,-47.91845
275.6,0.9434,1.500,834.5,-21.88052,-47.91845
275.7,0.9424,1.500,834.5,-21.88050,-47.91845
275.8,0.9416,1.500,834.5,-21.88048,-47.91845
275.9,0.9407,1.500,834.5,-21.88045,-47.91844
276.0,0.9400,1.500,834.4,-21.88043,-47.91844
276.1,0.9393,1.500,834.4,-21.88041,-47.91844
276.2,0.9387,1.500,834.4,-21.88038,-47.91843
276.3,0.9382,1.500,834.4,-21.88036,-47.91843
276.4,0.9378,1.500,834.4,-21.88034,-47.91843
276.5,0.9374,1.500,834.4,-21.88031,-47.91843
276.6,0.9371,1.500,834.4,-21.88029,-47.91842
276.7,0.9362,1.500,834.3,-21.88027,-47.91842
276.8,0.9348,1.500,834.3,-21.88024,-47.91842
276.9,0.9333,1.500,834.3,-21.88022,-47.91841
277.0,0.9317,1.500,834.2,-21.88019,-47.91841
277.1,0.9301,1.500,834.2,-21.88017,-47.91841
277.2,0.9284,1.500,834.1,-21.88015,-47.91841
277.3,0.9267,1.500,834.1,-21.88012,-47.91840
277.4,0.9249,1.500,834.0,-21.88010,-47.91840
277.5,0.9230,1.500,834.0,-21.88008,-47.91840
277.6,0.9210,1.500,833.9,-21.88005,-47.91839
277.7,0.9190,1.500,833.9,-21.88003,-47.91839
277.8,0.9169,1.500,833.8,-21.88001,-47.91839
277.9,0.9144,1.500,833.8,-21.87998,-47.91838
278.0,0.9117,1.500,833.7,-21.87996,-47.91838
278.1,0.9090,1.500,833.6,-21.87994,-47.91837
278.2,0.9063,1.500,833.6,-21.87991,-47.91837
278.3,0.9036,1.500,833.5,-21.87989,-47.91837
278.4,0.9009,1.500,833.4,-21.87987,-47.91836
278.5,0.8982,1.500,833.3,-21.87984,-47.91836
278.6,0.8955,1.500,833.3,-21.87982,-47.91836
278.7,0.8928,1.500,833.2,-21.87980,-47.91835
278.8,0.8901,1.500,833.1,-21.87977,-47.91835
278.9,0.8875,1.500,833.1,-21.87975,-47.91834
279.0,0.8848,1.500,833.0,-21.87973,-47.91834
279.1,0.8822,1.500,832.9,-21.87970,-47.91834
279.2,0.8795,1.500,832.9,-21.87968,-47.91833
279.3,0.8767,1.500,832.8,-21.87966,-47.91833
279.4,0.8739,1.500,832.7,-21.87963,-47.91832
279.5,0.8709,1.500,832.6,-21.87961,-47.91832
279.6,0.8679,1.500,832.6,-21.87959,-47.91832
279.7,0.8647,1.500,832.5,-21.87957,-47.91831
279.8,0.8615,1.500,832.4,-21.87954,-47.91831
279.9,0.8582,1.500,832.3,-21.87952,-47.91830
280.0,0.8547,1.500,832.2,-21.87950,-47.91830
280.1,0.8512,1.500,832.1,-21.87947,-47.91829
280.2,0.8476,1.500,832.0,-21.87945,-47.91829
280.3,0.8443,1.500,831.9,-21.87943,-47.91829
280.4,0.8411,1.500,831.8,-21.87940,-47.91828
280.5,0.8379,1.500,831.8,-21.87938,-47.91828
280.6,0.8347,1.500,831.7,-21.87936,-47.91827
280.7,0.8315,1.500,831.6,-21.87933,-47.91827
280.8,0.8284,1.500,831.5,-21.87931,-47.91826
280.9,0.8252,1.500,831.4,-21.87929,-47.91826
281.0,0.8220,1.500,831.3,-21.87926,-47.91825
281.1,0.8188,1.500,831.3,-21.87924,-47.91825
281.2,0.8156,1.500,831.2,-21.87922,-47.91824
281.3,0.8125,1.500,831.1,-21.87919,-47.91824
281.4,0.8093,1.500,831.0,-21.87917,-47.91823
281.5,0.8061,1.500,830.9,-21.87915,-47.91823
281.6,0.8029,1.500,830.9,-21.87913,-47.91822
281.7,0.7997,1.500,830.8,-21.87910,-47.91822
281.8,0.7966,1.500,830.7,-21.87908,-47.91821
281.9,0.7934,1.500,830.6,-21.87906,-47.91821
282.0,0.7902,1.500,830.5,-21.87903,-47.91820
282.1,0.7871,1.500,830.4,-21.87901,-47.91820
282.2,0.7839,1.500,830.4,-21.87899,-47.91819
282.3,0.7807,1.500,830.3,-21.87896,-47.91819
282.4,0.7776,1.500,830.2,-21.87894,-47.91818
282.5,0.7744,1.500,830.1,-21.87892,-47.91817
282.6,0.7712,1.500,830.0,-21.87889,-47.91817
282.7,0.7681,1.500,829.9,-21.87887,-47.91816
282.8,0.7649,1.500,829.9,-21.87885,-47.91816
282.9,0.7618,1.500,829.8,-21.87883,-47.91815
283.0,0.7586,1.500,829.7,-21.87880,-47.91815
283.1,0.7554,1.500,829.6,-21.87878,-47.91814
283.2,0.7523,1.500,829.5,-21.87876,-47.91814
283.3,0.7491,1.500,829.4,-21.87873,-47.91813
283.4,0.7460,1.500,829.4,-21.87871,-47.91812
283.5,0.7428,1.500,829.3,-21.87869,-47.91812
283.6,0.7397,1.500,829.2,-21.87866,-47.91811
283.7,0.7365,1.500,829.1,-21.87864,-47.91811
283.8,0.7334,1.500,829.0,-21.87862,-47.91810
283.9,0.7302,1.500,828.9,-21.87860,-47.91809
284.0,0.7271,1.500,828.9,-21.87857,-47.91809
284.1,0.7239,1.500,828.8,-21.87855,-47.91808
284.2,0.7208,1.500,828.7,-21.87853,-47.91808
284.3,0.7177,1.500,828.6,-21.87850,-47.91807
284.4,0.7145,1.500,828.5,-21.87848,-47.91806
284.5,0.7114,1.500,828.5,-21.87846,-47.91806
284.6,0.7077,1.500,828.4,-21.87844,-47.91805
284.7,0.7039,1.500,828.3,-21.87841,-47.91804
284.8,0.6999,1.500,828.2,-21.87839,-47.91804
284.9,0.6958,1.500,828.0,-21.87837,-47.91803
285.0,0.6915,1.500,827.9,-21.87835,-47.91802
285.1,0.6860,1.500,827.8,-21.87832,-47.91802
285.2,0.6794,1.500,827.6,-21.87830,-47.91801
285.3,0.6729,1.500,827.4,-21.87828,-47.91800
285.4,0.6666,1.500,827.3,-21.87825,-47.91800
285.5,0.6604,1.500,827.1,-21.87823,-47.91799
285.6,0.6544,1.500,827.0,-21.87821,-47.91798
285.7,0.6485,1.500,826.8,-21.87819,-47.91798
285.8,0.6428,1.500,826.7,-21.87816,-47.91797
285.9,0.6372,1.500,826.5,-21.87814,-47.91796
286.0,0.6318,1.500,826.4,-21.87812,-47.91796
286.1,0.6265,1.500,826.2,-21.87810,-47.91795
286.2,0.6214,1.500,826.1,-21.87807,-47.91794
286.3,0.6170,1.500,826.0,-21.87805,-47.91793
286.4,0.6138,1.500,825.9,-21.87803,-47.91793
286.5,0.6107,1.500,825.8,-21.87800,-47.91792
286.6,0.6076,1.500,825.7,-21.87798,-47.91791
286.7,0.6045,1.500,825.7,-21.87796,-47.91791
286.8,0.6014,1.500,825.6,-21.87794,-47.91790
286.9,0.5983,1.500,825.5,-21.87791,-47.91789
287.0,0.5952,1.500,825.4,-21.87789,-47.91788
287.1,0.5921,1.500,825.3,-21.87787,-47.91788
287.2,0.5890,1.500,825.2,-21.87785,-47.91787
287.3,0.5859,1.500,825.2,-21.87782,-47.91786
287.4,0.5828,1.500,825.1,-21.87780,-47.91785
287.5,0.5797,1.500,825.0,-21.87778,-47.91785
287.6,0.5744,1.500,824.9,-21.87776,-47.91784
287.7,0.5687,1.500,824.7,-21.87773,-47.91783
287.8,0.5629,1.500,824.6,-21.87771,-47.91782
287.9,0.5569,1.500,824.4,-21.87769,-47.91782
288.0,0.5507,1.500,824.2,-21.87767,-47.91781
288.1,0.5443,1.500,824.1,-21.87764,-47.91780
288.2,0.5378,1.500,823.9,-21.87762,-47.91779
288.3,0.5311,1.500,823.7,-21.87760,-47.91778
288.4,0.5248,1.520,823.8,-21.87752,-47.91796
288.5,0.5195,1.520,823.6,-21.87750,-47.91795
288.6,0.5135,1.520,823.5,-21.87748,-47.91794
288.7,0.5077,1.520,823.3,-21.87745,-47.91794
288.8,0.5020,1.520,823.1,-21.87743,-47.91793
288.9,0.4984,1.500,822.9,-21.87747,-47.91773
289.0,0.4954,1.500,822.8,-21.87744,-47.91773
289.1,0.4923,1.500,822.7,-21.87742,-47.91772
289.2,0.4893,1.500,822.6,-21.87740,-47.91771
289.3,0.4862,1.500,822.6,-21.87738,-47.91770
289.4,0.4831,1.500,822.5,-21.87735,-47.91769
289.5,0.4801,1.500,822.4,-21.87733,-47.91768
289.6,0.4770,1.500,822.3,-21.87731,-47.91768
289.7,0.4740,1.500,822.2,-21.87729,-47.91767
289.8,0.4709,1.500,822.2,-21.87727,-47.91766
289.9,0.4679,1.500,822.1,-21.87724,-47.91765
290.0,0.4648,1.500,822.0,-21.87722,-47.91764
290.1,0.4601,1.500,821.9,-21.87720,-47.91763
290.2,0.4553,1.500,821.7,-21.87718,-47.91762
290.3,0.4503,1.500,821.6,-21.87715,-47.91762
290.4,0.4451,1.500,821.5,-21.87713,-47.91761
290.5,0.4397,1.500,821.3,-21.87711,-47.91760
290.6,0.4341,1.500,821.2,-21.87709,-47.91759
290.7,0.4283,1.500,821.0,-21.87707,-47.91758
290.8,0.4229,1.520,821.1,-21.87698,-47.91775
290.9,0.4184,1.520,820.9,-21.87696,-47.91774
291.0,0.4129,1.520,820.8,-21.87694,-47.91773
291.1,0.4062,1.520,820.6,-21.87691,-47.91772
291.2,0.3998,1.520,820.4,-21.87689,-47.91772
291.3,0.3935,1.520,820.3,-21.87687,-47.91771
291.4,0.3874,1.520,820.1,-21.87685,-47.91770
291.5,0.3819,1.500,819.8,-21.87689,-47.91751
291.6,0.3782,1.500,819.7,-21.87687,-47.91750
291.7,0.3751,1.500,819.6,-21.87685,-47.91749
291.8,0.3721,1.500,819.6,-21.87682,-47.91748
291.9,0.3691,1.500,819.5,-21.87680,-47.91747
292.0,0.3661,1.500,819.4,-21.87678,-47.91746
292.1,0.3631,1.500,819.3,-21.87676,-47.91745
292.2,0.3601,1.500,819.3,-21.87674,-47.91744
292.3,0.3571,1.500,819.2,-21.87672,-47.91743
292.4,0.3541,1.500,819.1,-21.87669,-47.91742
292.5,0.3511,1.500,819.0,-21.87667,-47.91741
292.6,0.3467,1.500,818.9,-21.87665,-47.91740
292.7,0.3419,1.500,818.8,-21.87663,-47.91739
292.8,0.3374,1.500,818.7,-21.87661,-47.91738
292.9,0.3331,1.500,818.5,-21.87659,-47.91737
293.0,0.3290,1.500,818.4,-21.87656,-47.91736
293.1,0.3251,1.500,818.3,-21.87654,-47.91735
293.2,0.3215,1.500,818.2,-21.87652,-47.91734
293.3,0.3181,1.500,818.2,-21.87650,-47.91733
293.4,0.3148,1.500,818.1,-21.87648,-47.91732
293.5,0.3119,1.500,818.0,-21.87646,-47.91731
293.6,0.3091,1.500,817.9,-21.87643,-47.91730
293.7,0.3066,1.500,817.9,-21.87641,-47.91729
293.8,0.3042,1.500,817.8,-21.87639,-47.91728
293.9,0.3004,1.500,817.7,-21.87637,-47.91727
294.0,0.2962,1.500,817.6,-21.87635,-47.91726
294.1,0.2918,1.500,817.5,-21.87633,-47.91725
294.2,0.2872,1.500,817.3,-21.87630,-47.91724
294.3,0.2823,1.500,817.2,-21.87628,-47.91723
294.4,0.2769,1.500,817.1,-21.87626,-47.91722
294.5,0.2703,1.500,816.9,-21.87624,-47.91721
294.6,0.2640,1.500,816.7,-21.87622,-47.91720
294.7,0.2579,1.500,816.6,-21.87620,-47.91719
294.8,0.2521,1.500,816.4,-21.87618,-47.91718
294.9,0.2464,1.500,816.3,-21.87615,-47.91717
295.0,0.2410,1.500,816.1,-21.87613,-47.91716
295.1,0.2359,1.500,816.0,-21.87611,-47.91715
295.2,0.2300,1.500,815.8,-21.87609,-47.91713
295.3,0.2241,1.500,815.7,-21.87607,-47.91712
295.4,0.2183,1.500,815.5,-21.87605,-47.91711
295.5,0.2124,1.500,815.4,-21.87603,-47.91710
295.6,0.2066,1.500,815.2,-21.87600,-47.91709
295.7,0.2007,1.500,815.1,-21.87598,-47.91708
295.8,0.1949,1.500,814.9,-21.87596,-47.91707
295.9,0.1891,1.500,814.8,-21.87594,-47.91706
296.0,0.1832,1.500,814.6,-21.87592,-47.91705
296.1,0.1774,1.500,814.5,-21.87590,-47.91704
296.2,0.1716,1.500,814.3,-21.87588,-47.91702
296.3,0.1658,1.500,814.2,-21.87586,-47.91701
296.4,0.1600,1.500,814.0,-21.87584,-47.91700
296.5,0.1568,1.500,813.9,-21.87581,-47.91699
296.6,0.1539,1.500,813.9,-21.87579,-47.91698
296.7,0.1510,1.500,813.8,-21.87577,-47.91697
296.8,0.1481,1.500,813.7,-21.87575,-47.91696
296.9,0.1452,1.500,813.6,-21.87573,-47.91694
297.0,0.1432,1.500,813.6,-21.87571,-47.91693
297.1,0.1409,1.500,813.5,-21.87569,-47.91692
297.2,0.1385,1.500,813.5,-21.87567,-47.91691
297.3,0.1357,1.500,813.4,-21.87565,-47.91690
297.4,0.1328,1.500,813.3,-21.87563,-47.91689
297.5,0.1296,1.500,813.2,-21.87560,-47.91687
297.6,0.1262,1.500,813.1,-21.87558,-47.91686
297.7,0.1225,1.500,813.0,-21.87556,-47.91685
297.8,0.1193,1.500,812.9,-21.87554,-47.91684
297.9,0.1164,1.500,812.9,-21.87552,-47.91683
298.0,0.1136,1.500,812.8,-21.87550,-47.91682
298.1,0.1107,1.500,812.7,-21.87548,-47.91680
298.2,0.1078,1.500,812.6,-21.87546,-47.91679
298.3,0.1050,1.500,812.6,-21.87544,-47.91678
298.4,0.1021,1.500,812.5,-21.87542,-47.91677
298.5,0.0993,1.500,812.4,-21.87540,-47.91676
298.6,0.0964,1.500,812.4,-21.87538,-47.91674
298.7,0.0936,1.500,812.3,-21.87535,-47.91673
298.8,0.0908,1.500,812.2,-21.87533,-47.91672
298.9,0.0879,1.500,812.1,-21.87531,-47.91671
299.0,0.0851,1.500,812.1,-21.87529,-47.91669
299.1,0.0815,1.500,812.0,-21.87527,-47.91668
299.2,0.0758,1.500,811.8,-21.87525,-47.91667
299.3,0.0701,1.500,811.7,-21.87523,-47.91666
299.4,0.0645,1.500,811.5,-21.87521,-47.91664
299.5,0.0588,1.500,811.4,-21.87519,-47.91663
299.6,0.0532,1.500,811.2,-21.87517,-47.91662
299.7,0.0476,1.500,811.1,-21.87515,-47.91661
299.8,0.0419,1.500,810.9,-21.87513,-47.91659
299.9,0.0363,1.500,810.8,-21.87511,-47.91658
300.0,0.0307,1.500,810.6,-21.87509,-47.91657
300.1,0.0251,1.500,810.5,-21.87507,-47.91656
300.2,0.0195,1.500,810.3,-21.87505,-47.91654
300.3,0.0139,1.500,810.2,-21.87503,-47.91653
300.4,0.0083,1.500,810.0,-21.87501,-47.91652
300.5,0.0047,1.500,809.9,-21.87499,-47.91651
300.6,0.0019,1.500,809.9,-21.87497,-47.91649
300.7,-0.0009,1.500,809.8,-21.87495,-47.91648
300.8,-0.0037,1.500,809.7,-21.87492,-47.91647
300.9,-0.0065,1.500,809.7,-21.87490,-47.91645
301.0,-0.0092,1.500,809.6,-21.87488,-47.91644
301.1,-0.0120,1.500,809.5,-21.87486,-47.91643
301.2,-0.0148,1.500,809.4,-21.87484,-47.91641
301.3,-0.0176,1.500,809.4,-21.87482,-47.91640
301.4,-0.0203,1.500,809.3,-21.87480,-47.91639
301.5,-0.0227,1.500,809.2,-21.87478,-47.91637
301.6,-0.0253,1.500,809.2,-21.87476,-47.91636
301.7,-0.0282,1.500,809.1,-21.87474,-47.91635
301.8,-0.0313,1.500,809.0,-21.87472,-47.91633
301.9,-0.0341,1.500,808.9,-21.87470,-47.91632
302.0,-0.0369,1.500,808.9,-21.87468,-47.91631
302.1,-0.0396,1.500,808.8,-21.87466,-47.91629
302.2,-0.0424,1.500,808.7,-21.87464,-47.91628
302.3,-0.0451,1.500,808.6,-21.87462,-47.91627
302.4,-0.0479,1.500,808.6,-21.87460,-47.91625
302.5,-0.0506,1.500,808.5,-21.87458,-47.91624
302.6,-0.0533,1.500,808.4,-21.87456,-47.91623
302.7,-0.0561,1.500,808.4,-21.87454,-47.91621
302.8,-0.0588,1.500,808.3,-21.87452,-47.91620
302.9,-0.0615,1.500,808.2,-21.87450,-47.91618
303.0,-0.0642,1.500,808.1,-21.87448,-47.91617
303.1,-0.0669,1.500,808.1,-21.87446,-47.91616
303.2,-0.0697,1.500,808.0,-21.87445,-47.91614
303.3,-0.0725,1.500,807.9,-21.87443,-47.91613
303.4,-0.0752,1.500,807.9,-21.87441,-47.91612
303.5,-0.0778,1.500,807.8,-21.87439,-47.91610
303.6,-0.0805,1.500,807.7,-21.87437,-47.91609
303.7,-0.0832,1.500,807.6,-21.87435,-47.91607
303.8,-0.0859,1.500,807.6,-21.87433,-47.91606
303.9,-0.0886,1.500,807.5,-21.87431,-47.91605
304.0,-0.0912,1.500,807.4,-21.87429,-47.91603
304.1,-0.0939,1.500,807.4,-21.87427,-47.91602
304.2,-0.0966,1.500,807.3,-21.87425,-47.91600
304.3,-0.0993,1.500,807.2,-21.87423,-47.91599
304.4,-0.1020,1.500,807.2,-21.87421,-47.91597
304.5,-0.1046,1.500,807.1,-21.87419,-47.91596
304.6,-0.1073,1.500,807.0,-21.87417,-47.91594
304.7,-0.1100,1.500,806.9,-21.87415,-47.91593
304.8,-0.1126,1.500,806.9,-21.87413,-47.91592
304.9,-0.1153,1.500,806.8,-21.87411,-47.91590
305.0,-0.1180,1.500,806.7,-21.87409,-47.91589
305.1,-0.1206,1.500,806.7,-21.87407,-47.91587
305.2,-0.1233,1.500,806.6,-21.87406,-47.91586
305.3,-0.1259,1.500,806.5,-21.87404,-47.91584
305.4,-0.1286,1.500,806.5,-21.87402,-47.91583
305.5,-0.1312,1.500,806.4,-21.87400,-47.91581
305.6,-0.1338,1.500,806.3,-21.87398,-47.91580
305.7,-0.1365,1.500,806.3,-21.87396,-47.91578
305.8,-0.1391,1.500,806.2,-21.87394,-47.91577
305.9,-0.1417,1.500,806.1,-21.87392,-47.91575
306.0,-0.1443,1.500,806.0,-21.87390,-47.91574
306.1,-0.1475,1.500,806.0,-21.87388,-47.91572
306.2,-0.1515,1.500,805.9,-21.87386,-47.91571
306.3,-0.1552,1.500,805.8,-21.87384,-47.91569
306.4,-0.1587,1.500,805.7,-21.87383,-47.91568
306.5,-0.1618,1.500,805.6,-21.87381,-47.91566
306.6,-0.1647,1.500,805.5,-21.87379,-47.91565
306.7,-0.1673,1.500,805.4,-21.87377,-47.91563
306.8,-0.1696,1.500,805.4,-21.87375,-47.91562
306.9,-0.1716,1.500,805.3,-21.87373,-47.91560
307.0,-0.1733,1.500,805.3,-21.87371,-47.91559
307.1,-0.1747,1.500,805.3,-21.87369,-47.91557
307.2,-0.1758,1.500,805.2,-21.87367,-47.91556
307.3,-0.1782,1.500,805.2,-21.87366,-47.91554
307.4,-0.1807,1.500,805.1,-21.87364,-47.91553
307.5,-0.1833,1.500,805.0,-21.87362,-47.91551
307.6,-0.1874,1.500,804.9,-21.87360,-47.91550
307.7,-0.1926,1.500,804.8,-21.87358,-47.91548
307.8,-0.1977,1.500,804.6,-21.87356,-47.91546
307.9,-0.2028,1.500,804.5,-21.87354,-47.91545
308.0,-0.2079,1.500,804.4,-21.87353,-47.91543
308.1,-0.2130,1.500,804.2,-21.87351,-47.91542
308.2,-0.2181,1.500,804.1,-21.87349,-47.91540
308.3,-0.2232,1.500,804.0,-21.87347,-47.91539
308.4,-0.2283,1.500,803.8,-21.87345,-47.91537
308.5,-0.2334,1.500,803.7,-21.87343,-47.91536
308.6,-0.2384,1.500,803.6,-21.87341,-47.91534
308.7,-0.2435,1.500,803.5,-21.87340,-47.91532
308.8,-0.2486,1.500,803.3,-21.87338,-47.91531
308.9,-0.2536,1.500,803.2,-21.87336,-47.91529
309.0,-0.2583,1.500,803.1,-21.87334,-47.91528
309.1,-0.2597,1.500,803.0,-21.87332,-47.91526
309.2,-0.2600,1.500,803.0,-21.87330,-47.91524
309.3,-0.2603,1.500,803.0,-21.87329,-47.91523
309.4,-0.2606,1.500,803.0,-21.87327,-47.91521
309.5,-0.2609,1.500,803.0,-21.87325,-47.91520
309.6,-0.2611,1.500,803.0,-21.87323,-47.91518
309.7,-0.2614,1.500,803.0,-21.87321,-47.91516
309.8,-0.2617,1.500,803.0,-21.87320,-47.91515
309.9,-0.2619,1.500,803.0,-21.87318,-47.91513
310.0,-0.2622,1.500,803.0,-21.87316,-47.91511
310.1,-0.2624,1.500,803.0,-21.87314,-47.91510
310.2,-0.2626,1.500,802.9,-21.87312,-47.91508
310.3,-0.2628,1.500,802.9,-21.87310,-47.91506
310.4,-0.2630,1.500,802.9,-21.87309,-47.91505
310.5,-0.2632,1.500,802.9,-21.87307,-47.91503
310.6,-0.2641,1.500,802.9,-21.87305,-47.91502
310.7,-0.2665,1.500,802.8,-21.87303,-47.91500
310.8,-0.2669,1.500,802.8,-21.87302,-47.91498
310.9,-0.2672,1.500,802.8,-21.87300,-47.91497
311.0,-0.2675,1.500,802.8,-21.87298,-47.91495
311.1,-0.2678,1.500,802.8,-21.87296,-47.91493
311.2,-0.2681,1.500,802.8,-21.87294,-47.91492
311.3,-0.2666,27.000,733.9,-21.72126,-48.10058
311.4,-0.2632,27.020,735.5,-21.72082,-48.10043
311.5,-0.2607,27.040,736.6,-21.72038,-48.10027
311.6,-0.2562,27.160,738.6,-21.71934,-48.10083
311.7,-0.2537,27.100,739.9,-21.71939,-48.10009
311.8,-0.2515,27.080,740.9,-21.71919,-48.09964
311.9,-0.2495,27.100,741.9,-21.71875,-48.09948
312.0,-0.2469,27.080,743.1,-21.71856,-48.09903
312.1,-0.2451,27.100,743.9,-21.71812,-48.09887
312.2,-0.2451,27.060,744.0,-21.71805,-48.09827
312.3,-0.2449,27.140,744.0,-21.71725,-48.09854
312.4,-0.2429,27.100,745.0,-21.71717,-48.09794
312.5,-0.2411,27.080,745.8,-21.71698,-48.09749
312.6,-0.2337,26.940,749.4,-21.71752,-48.09618
312.7,-0.2223,26.920,754.8,-21.71734,-48.09573
312.8,-0.2181,26.900,756.7,-21.71715,-48.09528
312.9,-0.2199,26.880,755.9,-21.71696,-48.09483
313.0,-0.2219,26.840,755.0,-21.71690,-48.09423
313.1,-0.2207,26.840,755.5,-21.71659,-48.09392
313.2,-0.2201,26.860,755.8,-21.71616,-48.09375
313.3,-0.2177,26.840,756.9,-21.71598,-48.09330
313.4,-0.2154,26.860,758.0,-21.71555,-48.09313
313.5,-0.2150,26.880,758.2,-21.71511,-48.09296
313.6,-0.2172,26.920,757.2,-21.71456,-48.09292
313.7,-0.2206,26.940,755.6,-21.71413,-48.09275
313.8,-0.2271,26.760,752.6,-21.71495,-48.09117
313.9,-0.2288,26.740,751.8,-21.71477,-48.09072
314.0,-0.2305,26.740,751.0,-21.71447,-48.09041
314.1,-0.2308,26.700,750.9,-21.71442,-48.08981
314.2,-0.2264,26.680,752.9,-21.71424,-48.08936
314.3,-0.2225,26.620,754.7,-21.71432,-48.08863
314.4,-0.2248,26.600,753.7,-21.71415,-48.08817
314.5,-0.2230,26.560,754.5,-21.71410,-48.08758
314.6,-0.2268,26.540,752.7,-21.71393,-48.08713
314.7,-0.2253,26.500,753.5,-21.71389,-48.08654
314.8,-0.2267,26.480,752.8,-21.71372,-48.08608
314.9,-0.2326,26.480,750.1,-21.71343,-48.08577
315.0,-0.2352,26.400,748.9,-21.71364,-48.08490
315.1,-0.2398,26.420,746.8,-21.71322,-48.08472
315.2,-0.2434,27.240,744.7,-21.70768,-48.09000
315.3,-0.2448,27.280,744.0,-21.70713,-48.08995
315.4,-0.2448,27.260,744.0,-21.70695,-48.08948
315.5,-0.2465,27.240,743.2,-21.70678,-48.08902
315.6,-0.2488,27.280,742.1,-21.70622,-48.08896
315.7,-0.2489,27.320,742.0,-21.70567,-48.08890
315.8,-0.2505,27.260,741.3,-21.70576,-48.08816
315.9,-0.2509,27.400,741.0,-21.70455,-48.08877
316.0,-0.2508,27.500,741.0,-21.70360,-48.08911
316.1,-0.2459,27.680,743.3,-21.70213,-48.08999
316.2,-0.2466,27.520,743.0,-21.70287,-48.08858
316.3,-0.2445,27.700,743.9,-21.70140,-48.08944
316.4,-0.2435,27.720,744.4,-21.70097,-48.08924
316.5,-0.2403,27.580,746.0,-21.70159,-48.08796
316.6,-0.2394,27.760,746.4,-21.70011,-48.08882
316.7,-0.2375,27.680,747.3,-21.70034,-48.08795
316.8,-0.2361,27.660,748.0,-21.70017,-48.08747
316.9,-0.2360,27.800,748.0,-21.69895,-48.08806
317.0,-0.2351,28.040,748.4,-21.69707,-48.08930
317.1,-0.2289,28.020,751.4,-21.69690,-48.08882
317.2,-0.2368,27.800,747.6,-21.69806,-48.08702
317.3,-0.2397,27.700,746.2,-21.69843,-48.08602
317.4,-0.2421,27.620,745.1,-21.69866,-48.08515
317.5,-0.2454,27.680,743.5,-21.69797,-48.08520
317.6,-0.2482,27.700,742.1,-21.69754,-48.08499
317.7,-0.2510,27.620,740.8,-21.69778,-48.08412
317.8,-0.2557,27.540,738.6,-21.69803,-48.08325
317.9,-0.2584,27.600,737.3,-21.69734,-48.08330
318.0,-0.2615,27.540,735.8,-21.69745,-48.08256
318.1,-0.2638,27.540,734.7,-21.69716,-48.08221
318.2,-0.2664,27.500,733.5,-21.69714,-48.08161
318.3,-0.2695,27.520,732.0,-21.69672,-48.08139
318.4,-0.2721,27.520,730.7,-21.69643,-48.08104
318.5,-0.2754,27.600,729.1,-21.69560,-48.08121
318.6,-0.2792,27.540,727.3,-21.69572,-48.08047
318.7,-0.2835,27.580,725.2,-21.69517,-48.08038
318.8,-0.2876,27.620,723.2,-21.69461,-48.08028
318.9,-0.2915,27.580,721.4,-21.69460,-48.07967
319.0,-0.2942,27.600,720.0,-21.69418,-48.07945
319.1,-0.2989,27.660,717.6,-21.69348,-48.07948
319.2,-0.3037,27.720,715.2,-21.69279,-48.07950
319.3,-0.3074,28.860,711.8,-21.68471,-48.08634
319.4,-0.3045,28.680,713.5,-21.68565,-48.08484
319.5,-0.3037,28.680,713.9,-21.68536,-48.08447
319.6,-0.3096,28.660,710.9,-21.68520,-48.08397
319.7,-0.3153,28.560,708.2,-21.68560,-48.08298
319.8,-0.3172,28.600,707.2,-21.68504,-48.08286
319.9,-0.3191,28.700,706.1,-21.68406,-48.08311
320.0,-0.3194,28.680,706.0,-21.68390,-48.08261
320.1,-0.3214,28.720,704.9,-21.68334,-48.08249
320.2,-0.3192,28.660,706.1,-21.68347,-48.08175
320.3,-0.3132,2.020,798.9,-21.86785,-47.91648
320.4,-0.3048,2.020,799.2,-21.86783,-47.91646
320.5,-0.2961,2.020,799.5,-21.86781,-47.91643
320.6,-0.2869,2.020,799.8,-21.86779,-47.91640
320.7,-0.2749,2.040,800.2,-21.86763,-47.91650
320.8,-0.2608,2.040,800.7,-21.86761,-47.91647
320.9,-0.2455,2.040,801.2,-21.86759,-47.91645
321.0,-0.2290,2.040,801.8,-21.86756,-47.91642
321.1,-0.2113,2.040,802.4,-21.86754,-47.91639
321.2,-0.2024,2.040,802.7,-21.86752,-47.91637
321.3,-0.1966,2.040,803.0,-21.86750,-47.91634
321.4,-0.1992,2.040,802.9,-21.86748,-47.91631
321.5,-0.2035,2.040,802.7,-21.86746,-47.91629
321.6,-0.2069,2.040,802.6,-21.86744,-47.91626
321.7,-0.2039,2.020,802.8,-21.86757,-47.91611
321.8,-0.2054,2.020,802.7,-21.86755,-47.91608
321.9,-0.2063,2.020,802.7,-21.86753,-47.91606
322.0,-0.2065,2.020,802.7,-21.86751,-47.91603
322.1,-0.2083,2.020,802.6,-21.86749,-47.91600
322.2,-0.2109,2.020,802.5,-21.86747,-47.91598
322.3,-0.2127,2.020,802.4,-21.86745,-47.91595
322.4,-0.2131,2.040,802.4,-21.86729,-47.91604
322.5,-0.2123,2.040,802.4,-21.86727,-47.91601
322.6,-0.2106,2.040,802.5,-21.86725,-47.91599
322.7,-0.2081,2.040,802.5,-21.86723,-47.91596
322.8,-0.2044,2.040,802.7,-21.86721,-47.91593
322.9,-0.2000,2.040,802.8,-21.86719,-47.91590
323.0,-0.1953,2.040,803.0,-21.86717,-47.91588
323.1,-0.1901,2.040,803.2,-21.86715,-47.91585
323.2,-0.1874,2.040,803.3,-21.86713,-47.91582
323.3,-0.1828,2.060,803.4,-21.86697,-47.91591
323.4,-0.1758,2.060,803.6,-21.86695,-47.91588
323.5,-0.1701,2.060,803.8,-21.86693,-47.91585
323.6,-0.1665,2.060,804.0,-21.86691,-47.91583
323.7,-0.1687,2.060,803.9,-21.86689,-47.91580
323.8,-0.1706,2.060,803.8,-21.86687,-47.91577
323.9,-0.1720,2.060,803.8,-21.86685,-47.91574
324.0,-0.1644,2.080,804.0,-21.86669,-47.91583
324.1,-0.1644,2.080,804.0,-21.86667,-47.91580
324.2,-0.1657,2.080,804.0,-21.86665,-47.91577
324.3,-0.1668,2.080,803.9,-21.86663,-47.91574
324.4,-0.1675,2.080,803.9,-21.86661,-47.91571
324.5,-0.1678,2.080,803.9,-21.86659,-47.91568
324.6,-0.1677,2.080,803.9,-21.86657,-47.91566
324.7,-0.1672,2.080,803.9,-21.86655,-47.91563
324.8,-0.1663,2.080,803.9,-21.86654,-47.91560
324.9,-0.1651,2.080,804.0,-21.86652,-47.91557
325.0,-0.1650,2.080,804.0,-21.86650,-47.91554
325.1,-0.1652,2.100,803.9,-21.86633,-47.91562
325.2,-0.1602,2.100,804.1,-21.86631,-47.91559
325.3,-0.1547,2.100,804.3,-21.86629,-47.91556
325.4,-0.1527,2.100,804.4,-21.86628,-47.91553
325.5,-0.1461,2.120,804.6,-21.86611,-47.91562
325.6,-0.1392,2.120,804.8,-21.86609,-47.91559
325.7,-0.1307,2.120,805.1,-21.86607,-47.91556
325.8,-0.1323,2.120,805.1,-21.86605,-47.91553
325.9,-0.1343,2.120,805.0,-21.86603,-47.91550
326.0,-0.1203,2.140,805.5,-21.86587,-47.91558
326.1,-0.1099,2.140,805.9,-21.86585,-47.91555
326.2,-0.1177,2.140,805.6,-21.86583,-47.91552
326.3,-0.1338,2.140,805.0,-21.86581,-47.91548
326.4,-0.1408,2.060,804.9,-21.86639,-47.91503
326.5,-0.1424,2.060,804.8,-21.86637,-47.91500
326.6,-0.1551,2.060,804.4,-21.86635,-47.91497
326.7,-0.1682,2.060,803.9,-21.86634,-47.91494
326.8,-0.1794,2.120,803.3,-21.86587,-47.91523
326.9,-0.1896,2.080,803.1,-21.86615,-47.91499
327.0,-0.2047,2.080,802.5,-21.86613,-47.91496
327.1,-0.2202,2.080,802.0,-21.86611,-47.91493
327.2,-0.2308,2.040,801.7,-21.86640,-47.91469
327.3,-0.2381,2.040,801.5,-21.86638,-47.91466
327.4,-0.2479,2.040,801.1,-21.86637,-47.91463
327.5,-0.2570,2.040,800.8,-21.86635,-47.91460
327.6,-0.2654,2.040,800.5,-21.86633,-47.91457
327.7,-0.2701,2.100,800.1,-21.86586,-47.91485
327.8,-0.2718,2.100,800.0,-21.86584,-47.91482
327.9,-0.2724,2.100,800.0,-21.86582,-47.91479
328.0,-0.2725,2.100,800.0,-21.86580,-47.91476
328.1,-0.2722,2.100,800.0,-21.86579,-47.91473
328.2,-0.2710,2.100,800.0,-21.86577,-47.91470
328.3,-0.2700,2.100,800.1,-21.86575,-47.91467
328.4,-0.2654,2.080,800.3,-21.86589,-47.91454
328.5,-0.2600,2.080,800.5,-21.86587,-47.91451
328.6,-0.2543,2.080,800.7,-21.86585,-47.91448
328.7,-0.2482,2.080,801.0,-21.86584,-47.91445
328.8,-0.2495,2.080,800.9,-21.86582,-47.91442
328.9,-0.2524,2.080,800.8,-21.86580,-47.91439
329.0,-0.2549,2.080,800.7,-21.86579,-47.91436
329.1,-0.2570,2.080,800.6,-21.86577,-47.91433
329.2,-0.2575,2.060,800.7,-21.86591,-47.91420
329.3,-0.2550,2.060,800.8,-21.86589,-47.91417
329.4,-0.2589,2.060,800.7,-21.86587,-47.91414
329.5,-0.2618,2.080,800.5,-21.86570,-47.91421
329.6,-0.2621,2.080,800.5,-21.86569,-47.91418
329.7,-0.2661,2.080,800.3,-21.86567,-47.91415
329.8,-0.2717,2.080,800.1,-21.86565,-47.91412
329.9,-0.2737,2.100,799.9,-21.86548,-47.91418
330.0,-0.2726,2.100,800.0,-21.86546,-47.91415
330.1,-0.2731,2.100,800.0,-21.86545,-47.91412
330.2,-0.2697,2.140,799.9,-21.86512,-47.91428
330.3,-0.2638,2.140,800.1,-21.86510,-47.91425
330.4,-0.2575,2.140,800.4,-21.86509,-47.91422
330.5,-0.2509,2.140,800.6,-21.86507,-47.91419
330.6,-0.2432,2.140,800.9,-21.86505,-47.91416
330.7,-0.2332,2.140,801.3,-21.86504,-47.91413
330.8,-0.2224,2.140,801.7,-21.86502,-47.91409
330.9,-0.2109,2.140,802.1,-21.86500,-47.91406
331.0,-0.2044,2.140,802.4,-21.86499,-47.91403
331.1,-0.1994,2.140,802.5,-21.86497,-47.91400
331.2,-0.1948,2.140,802.7,-21.86495,-47.91397
331.3,-0.1906,2.140,802.9,-21.86494,-47.91394
331.4,-0.1866,2.140,803.0,-21.86492,-47.91390
331.5,-0.1885,2.140,802.9,-21.86491,-47.91387
331.6,-0.1871,2.120,803.1,-21.86505,-47.91375
331.7,-0.1859,2.120,803.1,-21.86503,-47.91372
331.8,-0.1852,2.120,803.1,-21.86502,-47.91368
331.9,-0.1848,2.120,803.1,-21.86500,-47.91365
332.0,-0.1905,2.120,802.9,-21.86499,-47.91362
332.1,-0.2001,2.120,802.6,-21.86497,-47.91359
332.2,-0.2105,2.120,802.2,-21.86495,-47.91356
332.3,-0.2199,2.120,801.8,-21.86494,-47.91353
332.4,-0.2283,2.120,801.5,-21.86492,-47.91349
332.5,-0.2345,2.220,800.9,-21.86411,-47.91391
332.6,-0.2336,2.220,801.0,-21.86409,-47.91388
332.7,-0.2346,2.240,800.8,-21.86392,-47.91393
332.8,-0.2315,2.240,801.0,-21.86390,-47.91390
332.9,-0.2331,2.240,800.9,-21.86388,-47.91386
333.0,-0.2373,2.240,800.7,-21.86387,-47.91383
333.1,-0.2411,2.140,801.0,-21.86466,-47.91336
333.2,-0.2412,2.140,801.0,-21.86464,-47.91333
333.3,-0.2427,2.160,800.8,-21.86446,-47.91338
333.4,-0.2399,2.160,800.9,-21.86445,-47.91335
333.5,-0.2411,2.160,800.9,-21.86443,-47.91332
333.6,-0.2453,2.160,800.7,-21.86442,-47.91328
333.7,-0.2491,2.160,800.6,-21.86440,-47.91325
333.8,-0.2520,2.280,800.0,-21.86342,-47.91373
333.9,-0.2520,2.280,800.0,-21.86340,-47.91370
334.0,-0.2520,2.280,800.0,-21.86339,-47.91366
334.1,-0.2520,2.280,800.0,-21.86337,-47.91363
334.2,-0.2520,2.280,800.0,-21.86336,-47.91359
334.3,-0.2520,2.280,800.0,-21.86334,-47.91356
334.4,-0.2457,2.140,800.8,-21.86446,-47.91294
334.5,-0.2383,2.140,801.1,-21.86445,-47.91290
334.6,-0.2330,2.140,801.3,-21.86443,-47.91287
334.7,-0.2291,2.140,801.4,-21.86442,-47.91284
334.8,-0.2259,2.140,801.5,-21.86440,-47.91280
334.9,-0.2255,2.140,801.6,-21.86439,-47.91277
335.0,-0.2353,2.140,801.2,-21.86438,-47.91274
335.1,-0.2442,2.140,800.9,-21.86436,-47.91271
335.2,-0.2520,2.140,800.6,-21.86435,-47.91267
335.3,-0.2490,7.760,780.1,-21.81835,-47.93542
335.4,-0.2441,7.760,780.7,-21.81830,-47.93530
335.5,-0.2491,7.760,780.1,-21.81825,-47.93518
335.6,-0.2515,7.740,779.8,-21.81837,-47.93498
335.7,-0.2493,7.500,780.9,-21.82029,-47.93390
335.8,-0.2512,7.700,780.0,-21.81859,-47.93458
335.9,-0.2485,7.660,780.5,-21.81887,-47.93430
336.0,-0.2405,2.120,801.1,-21.86440,-47.91233
336.1,-0.2275,2.140,801.5,-21.86422,-47.91238
336.2,-0.2133,2.140,802.0,-21.86421,-47.91234
336.3,-0.1989,2.140,802.6,-21.86420,-47.91231
336.4,-0.1840,2.140,803.1,-21.86418,-47.91228
336.5,-0.1689,2.140,803.7,-21.86417,-47.91224
336.6,-0.1621,2.140,803.9,-21.86416,-47.91221
336.7,-0.1618,2.140,803.9,-21.86414,-47.91218
336.8,-0.1605,2.140,804.0,-21.86413,-47.91214
336.9,-0.1582,2.140,804.1,-21.86412,-47.91211
337.0,-0.1551,2.140,804.2,-21.86410,-47.91208
337.1,-0.1510,2.140,804.3,-21.86409,-47.91204
337.2,-0.1460,2.140,804.5,-21.86408,-47.91201
337.3,-0.1401,2.140,804.8,-21.86406,-47.91198
337.4,-0.1335,2.140,805.0,-21.86405,-47.91194
337.5,-0.1350,2.140,804.9,-21.86404,-47.91191
337.6,-0.1368,2.140,804.9,-21.86402,-47.91188
337.7,-0.1381,2.120,804.9,-21.86418,-47.91177
337.8,-0.1346,2.120,805.0,-21.86417,-47.91174
337.9,-0.1357,2.120,805.0,-21.86415,-47.91170
338.0,-0.1370,2.120,804.9,-21.86414,-47.91167
338.1,-0.1408,2.120,804.8,-21.86413,-47.91164
338.2,-0.1445,2.120,804.6,-21.86412,-47.91160
338.3,-0.1480,2.120,804.5,-21.86410,-47.91157
338.4,-0.1511,2.120,804.4,-21.86409,-47.91154
338.5,-0.1540,2.120,804.3,-21.86408,-47.91150
338.6,-0.1565,2.120,804.2,-21.86407,-47.91147
338.7,-0.1516,2.200,804.2,-21.86338,-47.91172
338.8,-0.1414,2.200,804.6,-21.86337,-47.91168
338.9,-0.1380,2.200,804.7,-21.86336,-47.91165
339.0,-0.1339,2.220,804.8,-21.86318,-47.91168
339.1,-0.1317,2.220,804.9,-21.86317,-47.91165
339.2,-0.1360,2.220,804.7,-21.86315,-47.91161
339.3,-0.1383,2.240,804.6,-21.86297,-47.91165
339.4,-0.1438,2.220,804.4,-21.86313,-47.91154
339.5,-0.1473,2.220,804.3,-21.86312,-47.91151
339.6,-0.1505,2.220,804.2,-21.86310,-47.91147
339.7,-0.1534,2.220,804.1,-21.86309,-47.91144
339.8,-0.1560,2.220,804.0,-21.86308,-47.91140
339.9,-0.1603,2.220,803.8,-21.86307,-47.91137
340.0,-0.1646,2.140,803.8,-21.86373,-47.91107
340.1,-0.1679,2.140,803.7,-21.86372,-47.91103
340.2,-0.1712,2.140,803.6,-21.86371,-47.91100
340.3,-0.1745,2.140,803.5,-21.86370,-47.91096
340.4,-0.1777,2.140,803.3,-21.86369,-47.91093
340.5,-0.1810,2.140,803.2,-21.86368,-47.91090
340.6,-0.1843,2.140,803.1,-21.86367,-47.91086
340.7,-0.1893,2.140,802.9,-21.86365,-47.91083
340.8,-0.1975,2.160,802.5,-21.86347,-47.91086
340.9,-0.2041,2.160,802.3,-21.86346,-47.91082
341.0,-0.2149,2.180,801.8,-21.86328,-47.91085
341.1,-0.2226,2.460,800.5,-21.86088,-47.91170
341.2,-0.2148,2.460,800.9,-21.86087,-47.91166
341.3,-0.2137,2.460,800.9,-21.86086,-47.91162
341.4,-0.2114,2.480,800.9,-21.86068,-47.91164
341.5,-0.2116,2.460,801.0,-21.86083,-47.91154
341.6,-0.2122,2.460,801.0,-21.86082,-47.91150
341.7,-0.2131,2.460,800.9,-21.86081,-47.91146
341.8,-0.2143,2.460,800.9,-21.86080,-47.91142
341.9,-0.2188,2.460,800.7,-21.86079,-47.91138
342.0,-0.2285,2.480,800.2,-21.86060,-47.91140
342.1,-0.2326,2.500,799.9,-21.86042,-47.91142
342.2,-0.2351,2.500,799.8,-21.86041,-47.91138
342.3,-0.2358,2.520,799.7,-21.86022,-47.91140
342.4,-0.2476,2.520,799.2,-21.86021,-47.91136
342.5,-0.2531,2.540,798.9,-21.86003,-47.91137
342.6,-0.2465,2.020,801.3,-21.86448,-47.90983
342.7,-0.2245,2.020,802.0,-21.86447,-47.90979
342.8,-0.2021,2.020,802.8,-21.86447,-47.90976
342.9,-0.1792,2.020,803.6,-21.86446,-47.90973
343.0,-0.1758,2.020,803.8,-21.86445,-47.90969
343.1,-0.1819,2.020,803.5,-21.86444,-47.90966
343.2,-0.1895,2.020,803.3,-21.86443,-47.90963
343.3,-0.1971,2.020,803.0,-21.86442,-47.90960
343.4,-0.2048,2.020,802.7,-21.86441,-47.90956
343.5,-0.2124,2.020,802.5,-21.86440,-47.90953
343.6,-0.2200,2.020,802.2,-21.86439,-47.90950
343.7,-0.2276,2.020,801.9,-21.86438,-47.90946
343.8,-0.2358,2.020,801.6,-21.86437,-47.90943
343.9,-0.2405,2.140,801.0,-21.86333,-47.90972
344.0,-0.2396,2.160,801.0,-21.86314,-47.90974
344.1,-0.2401,2.160,800.9,-21.86313,-47.90971
344.2,-0.2434,2.160,800.8,-21.86313,-47.90967
344.3,-0.2468,2.160,800.7,-21.86312,-47.90964
344.4,-0.2501,2.160,800.6,-21.86311,-47.90960
344.5,-0.2535,2.160,800.4,-21.86310,-47.90956
344.6,-0.2569,2.160,800.3,-21.86309,-47.90953
344.7,-0.2594,2.680,798.0,-21.85856,-47.91083
344.8,-0.2560,2.680,798.2,-21.85855,-47.91078
344.9,-0.2526,2.680,798.3,-21.85854,-47.91074
345.0,-0.2493,2.680,798.5,-21.85853,-47.91069
345.1,-0.2459,2.680,798.7,-21.85852,-47.91065
345.2,-0.2425,2.680,798.8,-21.85851,-47.91061
345.3,-0.2391,2.680,799.0,-21.85850,-47.91056
345.4,-0.2444,2.640,798.9,-21.85884,-47.91042
345.5,-0.2404,2.640,799.1,-21.85883,-47.91038
345.6,-0.2370,2.640,799.2,-21.85882,-47.91033
345.7,-0.2344,2.640,799.3,-21.85880,-47.91029
345.8,-0.2388,2.620,799.2,-21.85897,-47.91020
345.9,-0.2399,2.620,799.2,-21.85896,-47.91016
346.0,-0.2414,2.620,799.1,-21.85895,-47.91011
346.1,-0.2430,2.620,799.0,-21.85894,-47.91007
346.2,-0.2450,2.620,798.9,-21.85893,-47.91003
346.3,-0.2502,2.620,798.7,-21.85892,-47.90998
346.4,-0.2620,2.620,798.2,-21.85891,-47.90994
346.5,-0.2632,2.580,798.3,-21.85925,-47.90981
346.6,-0.2606,2.580,798.4,-21.85924,-47.90977
346.7,-0.2575,2.580,798.5,-21.85923,-47.90972
346.8,-0.2614,2.580,798.4,-21.85922,-47.90968
346.9,-0.2658,2.580,798.2,-21.85921,-47.90964
347.0,-0.2707,2.580,797.9,-21.85920,-47.90960
347.1,-0.2760,2.580,797.7,-21.85920,-47.90955
347.2,-0.2818,2.580,797.4,-21.85919,-47.90951
347.3,-0.2880,2.580,797.2,-21.85918,-47.90947
347.4,-0.2994,2.580,796.6,-21.85917,-47.90942
347.5,-0.3023,5.460,782.9,-21.83384,-47.91543
347.6,-0.3018,5.460,782.9,-21.83382,-47.91534
347.7,-0.3007,5.480,783.0,-21.83363,-47.91529
347.8,-0.3004,5.480,783.0,-21.83361,-47.91520
347.9,-0.3006,5.480,783.0,-21.83359,-47.91511
348.0,-0.3004,5.480,783.0,-21.83357,-47.91502
348.1,-0.2994,5.500,783.0,-21.83338,-47.91497
348.2,-0.2979,5.600,782.7,-21.83248,-47.91507
348.3,-0.2955,5.600,782.9,-21.83246,-47.91498
348.4,-0.2966,5.620,782.7,-21.83227,-47.91493
348.5,-0.2999,5.500,782.9,-21.83331,-47.91460
348.6,-0.2984,4.520,787.5,-21.84194,-47.91263
348.7,-0.2956,4.520,787.8,-21.84193,-47.91256
348.8,-0.2940,5.460,783.7,-21.83361,-47.91425
348.9,-0.2912,5.460,784.0,-21.83359,-47.91416
349.0,-0.2884,5.460,784.2,-21.83358,-47.91407
349.1,-0.2841,5.440,784.7,-21.83374,-47.91394
349.2,-0.2811,5.440,785.0,-21.83372,-47.91385
349.3,-0.2811,5.440,785.0,-21.83371,-47.91376
349.4,-0.2789,5.480,785.1,-21.83334,-47.91374
349.5,-0.2728,5.480,785.6,-21.83332,-47.91365
349.6,-0.2677,5.480,786.1,-21.83330,-47.91356
349.7,-0.2633,5.480,786.5,-21.83329,-47.91347
349.8,-0.2583,5.460,787.1,-21.83345,-47.91334
349.9,-0.2644,5.480,786.4,-21.83326,-47.91329
350.0,-0.2756,5.480,785.4,-21.83324,-47.91320
350.1,-0.2853,5.480,784.4,-21.83323,-47.91310
350.2,-0.2863,5.560,784.0,-21.83250,-47.91314
350.3,-0.2867,5.560,784.0,-21.83249,-47.91305
350.4,-0.2872,5.540,784.0,-21.83265,-47.91293
350.5,-0.2872,5.540,784.0,-21.83264,-47.91283
350.6,-0.2837,47.980,729.5,-21.45557,-47.97978
350.7,-0.2845,48.060,729.0,-21.45473,-47.97911
350.8,-0.2857,48.080,727.9,-21.45443,-47.97834
350.9,-0.2858,48.060,727.8,-21.45449,-47.97751
351.0,-0.2856,48.020,728.0,-21.45473,-47.97664
351.1,-0.2836,48.040,729.7,-21.45443,-47.97587
351.2,-0.2864,5.560,784.0,-21.83236,-47.91222
351.3,-0.2872,5.540,784.0,-21.83253,-47.91209
351.4,-0.2872,5.540,784.0,-21.83251,-47.91200
351.5,-0.2869,5.600,783.8,-21.83197,-47.91199
351.6,-0.2865,5.600,783.8,-21.83195,-47.91190
351.7,-0.2897,5.600,783.5,-21.83194,-47.91181
351.8,-0.2931,5.620,783.1,-21.83175,-47.91174
351.9,-0.2939,5.620,783.0,-21.83174,-47.91165
352.0,-0.2939,5.620,783.0,-21.83173,-47.91155
352.1,-0.2939,5.620,783.0,-21.83171,-47.91146
352.2,-0.2939,5.620,783.0,-21.83170,-47.91136
352.3,-0.2939,5.620,783.0,-21.83169,-47.91127
352.4,-0.2925,5.680,782.9,-21.83114,-47.91125
352.5,-0.2856,5.680,783.6,-21.83113,-47.91116
352.6,-0.2853,5.680,783.6,-21.83112,-47.91106
352.7,-0.2920,5.680,782.9,-21.83111,-47.91097
352.8,-0.2994,5.680,782.2,-21.83110,-47.91087
352.9,-0.3044,5.680,781.7,-21.83109,-47.91077
353.0,-0.3050,5.600,782.0,-21.83179,-47.91058
353.1,-0.3074,5.600,781.8,-21.83178,-47.91049
353.2,-0.3105,5.620,781.4,-21.83159,-47.91042
353.3,-0.3124,5.660,781.0,-21.83122,-47.91037
353.4,-0.3116,5.680,781.0,-21.83103,-47.91030
353.5,-0.3124,48.400,705.9,-21.44879,-47.95697
353.6,-0.3091,48.420,708.7,-21.44853,-47.95618
353.7,-0.3067,48.400,710.7,-21.44862,-47.95535
353.8,-0.3043,48.520,712.9,-21.44747,-47.95466
353.9,-0.3040,48.500,713.2,-21.44756,-47.95383
354.0,-0.3027,48.460,714.2,-21.44784,-47.95297
354.1,-0.3018,48.460,715.0,-21.44776,-47.95216
354.2,-0.2999,9.440,766.4,-21.79727,-47.91322
354.3,-0.2967,9.440,766.9,-21.79725,-47.91306
354.4,-0.2966,9.440,766.9,-21.79724,-47.91290
354.5,-0.2969,9.440,766.8,-21.79723,-47.91274
354.6,-0.3003,9.440,766.3,-21.79721,-47.91258
354.7,-0.3002,48.560,716.4,-21.44642,-47.94736
354.8,-0.3007,48.560,716.0,-21.44635,-47.94654
354.9,-0.2989,48.520,717.5,-21.44664,-47.94569
355.0,-0.2952,48.480,720.6,-21.44694,-47.94484
355.1,-0.2929,48.480,722.5,-21.44687,-47.94403
355.2,-0.2929,48.420,722.4,-21.44734,-47.94316
355.3,-0.2941,48.360,721.3,-21.44782,-47.94230
355.4,-0.2927,46.720,720.2,-21.46248,-47.94022
355.5,-0.2894,46.740,722.9,-21.46224,-47.93945
355.6,-0.2882,46.780,724.0,-21.46183,-47.93869
355.7,-0.2911,46.900,721.8,-21.46069,-47.93799
355.8,-0.2946,46.880,718.9,-21.46082,-47.93718
355.9,-0.2995,46.840,714.8,-21.46112,-47.93637
356.0,-0.3053,46.820,710.1,-21.46125,-47.93556
356.1,-0.3079,45.820,707.0,-21.47019,-47.93412
356.2,-0.3078,45.760,707.0,-21.47068,-47.93331
356.3,-0.3066,45.780,707.9,-21.47045,-47.93255
356.4,-0.3078,45.740,707.0,-21.47076,-47.93175
356.5,-0.3078,45.740,707.0,-21.47072,-47.93098
356.6,-0.3090,45.740,706.0,-21.47068,-47.93021
356.7,-0.3101,45.840,705.2,-21.46974,-47.92950
356.8,-0.3116,45.780,704.0,-21.47023,-47.92869
356.9,-0.3138,45.860,702.3,-21.46948,-47.92796
357.0,-0.3180,45.920,699.0,-21.46890,-47.92722
357.1,-0.3238,45.880,694.3,-21.46922,-47.92642
357.2,-0.3295,45.900,689.8,-21.46900,-47.92566
357.3,-0.3340,45.880,686.1,-21.46915,-47.92488
357.4,-0.3386,45.840,682.4,-21.46948,-47.92409
357.5,-0.3408,71.840,735.3,-21.23554,-47.93424
357.6,-0.3400,46.160,681.4,-21.46653,-47.92267
357.7,-0.3370,46.300,683.9,-21.46525,-47.92194
357.8,-0.3346,46.280,685.8,-21.46540,-47.92115
357.9,-0.3353,46.300,685.3,-21.46519,-47.92038
358.0,-0.3354,46.400,685.2,-21.46426,-47.91963
358.1,-0.3357,46.440,685.0,-21.46388,-47.91886
358.2,-0.3368,46.520,684.2,-21.46314,-47.91810
358.3,-0.3378,46.560,683.3,-21.46275,-47.91733
358.4,-0.3395,46.540,682.0,-21.46291,-47.91654
358.5,-0.3407,46.560,681.0,-21.46271,-47.91576
358.6,-0.3420,46.640,680.0,-21.46197,-47.91499
358.7,-0.3391,69.100,727.2,-21.25976,-47.91911
358.8,-0.3360,68.980,730.5,-21.26081,-47.91792
358.9,-0.3330,68.900,733.7,-21.26151,-47.91674
359.0,-0.3305,68.920,736.9,-21.26131,-47.91559
359.1,-0.3286,68.880,739.0,-21.26165,-47.91442
359.2,-0.3283,68.840,739.2,-21.26200,-47.91325
359.3,-0.3285,68.840,738.9,-21.26198,-47.91209
359.4,-0.3298,68.900,737.7,-21.26143,-47.91094
359.5,-0.3307,68.980,736.8,-21.26070,-47.90978
359.6,-0.3279,68.920,740.0,-21.26123,-47.90861
359.7,-0.3252,68.900,743.2,-21.26141,-47.90745
359.8,-0.3231,68.940,745.8,-21.26104,-47.90629
359.9,-0.3201,68.960,749.5,-21.26086,-47.90513
